{
	"AF": {
		"name": "Afganistan"
	},
	"AX": {
		"name": "Ålandeilande"
	},
	"AL": {
		"name": "Albanië"
	},
	"DZ": {
		"name": "Algerië"
	},
	"AS": {
		"name": "Amerikaans-Samoa"
	},
	"VI": {
		"name": "Amerikaanse Maagde-eilande"
	},
	"AD": {
		"name": "Andorra"
	},
	"AO": {
		"name": "Angola"
	},
	"AI": {
		"name": "Anguilla"
	},
	"AQ": {
		"name": "Antarktika"
	},
	"AG": {
		"name": "Antigua en Barbuda"
	},
	"AR": {
		"name": "Argentinië"
	},
	"AM": {
		"name": "Armenië"
	},
	"AW": {
		"name": "Aruba"
	},
	"AC": {
		"name": "Ascensioneiland"
	},
	"AU": {
		"name": "Australië"
	},
	"AZ": {
		"name": "Azerbeidjan"
	},
	"BS": {
		"name": "Bahamas"
	},
	"BH": {
		"name": "Bahrein"
	},
	"BD": {
		"name": "Bangladesj"
	},
	"BB": {
		"name": "Barbados"
	},
	"BY": {
		"name": "Belarus"
	},
	"BE": {
		"name": "België"
	},
	"BZ": {
		"name": "Belize"
	},
	"BJ": {
		"name": "Benin"
	},
	"BM": {
		"name": "Bermuda"
	},
	"BT": {
		"name": "Bhoetan"
	},
	"BO": {
		"name": "Bolivië"
	},
	"BA": {
		"name": "Bosnië en Herzegowina"
	},
	"BW": {
		"name": "Botswana"
	},
	"BR": {
		"name": "Brasilië"
	},
	"IO": {
		"name": "Brits-Indiese Oseaangebied"
	},
	"VG": {
		"name": "Britse Maagde-eilande"
	},
	"BN": {
		"name": "Broenei"
	},
	"BG": {
		"name": "Bulgarye"
	},
	"BF": {
		"name": "Burkina Faso"
	},
	"BI": {
		"name": "Burundi"
	},
	"EA": {
		"name": "Ceuta en Melilla"
	},
	"CL": {
		"name": "Chili"
	},
	"CO": {
		"name": "Colombië"
	},
	"KM": {
		"name": "Comore"
	},
	"CK": {
		"name": "Cookeilande"
	},
	"CR": {
		"name": "Costa Rica"
	},
	"CW": {
		"name": "Curaçao"
	},
	"CD": {
		"name": "Demokratiese Republiek van die Kongo"
	},
	"DK": {
		"name": "Denemarke"
	},
	"DG": {
		"name": "Diego Garcia"
	},
	"DJ": {
		"name": "Djiboeti"
	},
	"DM": {
		"name": "Dominica"
	},
	"DO": {
		"name": "Dominikaanse Republiek"
	},
	"DE": {
		"name": "Duitsland"
	},
	"EC": {
		"name": "Ecuador"
	},
	"EG": {
		"name": "Egipte"
	},
	"IM": {
		"name": "Eiland Man"
	},
	"GQ": {
		"name": "Ekwatoriaal-Guinee"
	},
	"SV": {
		"name": "El Salvador"
	},
	"ER": {
		"name": "Eritrea"
	},
	"EE": {
		"name": "Estland"
	},
	"ET": {
		"name": "Ethiopië"
	},
	"FK": {
		"name": "Falklandeilande"
	},
	"FO": {
		"name": "Faroëreilande"
	},
	"FJ": {
		"name": "Fidji"
	},
	"PH": {
		"name": "Filippyne"
	},
	"FI": {
		"name": "Finland"
	},
	"FR": {
		"name": "Frankryk"
	},
	"GF": {
		"name": "Frans-Guyana"
	},
	"PF": {
		"name": "Frans-Polinesië"
	},
	"TF": {
		"name": "Franse Suidelike Gebiede"
	},
	"GA": {
		"name": "Gaboen"
	},
	"GM": {
		"name": "Gambië"
	},
	"GE": {
		"name": "Georgië"
	},
	"GH": {
		"name": "Ghana"
	},
	"GI": {
		"name": "Gibraltar"
	},
	"GD": {
		"name": "Grenada"
	},
	"GR": {
		"name": "Griekeland"
	},
	"GL": {
		"name": "Groenland"
	},
	"GP": {
		"name": "Guadeloupe"
	},
	"GU": {
		"name": "Guam"
	},
	"GT": {
		"name": "Guatemala"
	},
	"GG": {
		"name": "Guernsey"
	},
	"GN": {
		"name": "Guinee"
	},
	"GW": {
		"name": "Guinee-Bissau"
	},
	"GY": {
		"name": "Guyana"
	},
	"HT": {
		"name": "Haïti"
	},
	"HN": {
		"name": "Honduras"
	},
	"HU": {
		"name": "Hongarye"
	},
	"HK": {
		"name": "Hongkong SAS Sjina"
	},
	"IE": {
		"name": "Ierland"
	},
	"IN": {
		"name": "Indië"
	},
	"ID": {
		"name": "Indonesië"
	},
	"IQ": {
		"name": "Irak"
	},
	"IR": {
		"name": "Iran"
	},
	"IL": {
		"name": "Israel"
	},
	"IT": {
		"name": "Italië"
	},
	"CI": {
		"name": "Ivoorkus"
	},
	"JM": {
		"name": "Jamaika"
	},
	"JP": {
		"name": "Japan"
	},
	"YE": {
		"name": "Jemen"
	},
	"JE": {
		"name": "Jersey"
	},
	"JO": {
		"name": "Jordanië"
	},
	"KY": {
		"name": "Kaaimanseilande"
	},
	"CV": {
		"name": "Kaap Verde"
	},
	"KH": {
		"name": "Kambodja"
	},
	"CM": {
		"name": "Kameroen"
	},
	"CA": {
		"name": "Kanada"
	},
	"IC": {
		"name": "Kanariese Eilande"
	},
	"BQ": {
		"name": "Karibiese Nederland"
	},
	"QA": {
		"name": "Katar"
	},
	"KZ": {
		"name": "Kazakstan"
	},
	"KE": {
		"name": "Kenia"
	},
	"CX": {
		"name": "Kerseiland"
	},
	"KG": {
		"name": "Kirgisië"
	},
	"KI": {
		"name": "Kiribati"
	},
	"KW": {
		"name": "Koeweit"
	},
	"CC": {
		"name": "Kokos-eilande"
	},
	"CG": {
		"name": "Kongo - Brazzaville"
	},
	"XK": {
		"name": "Kosovo"
	},
	"HR": {
		"name": "Kroasië"
	},
	"CU": {
		"name": "Kuba"
	},
	"LA": {
		"name": "Laos"
	},
	"LS": {
		"name": "Lesotho"
	},
	"LV": {
		"name": "Letland"
	},
	"LB": {
		"name": "Libanon"
	},
	"LR": {
		"name": "Liberië"
	},
	"LY": {
		"name": "Libië"
	},
	"LI": {
		"name": "Liechtenstein"
	},
	"LT": {
		"name": "Litaue"
	},
	"LU": {
		"name": "Luxemburg"
	},
	"MO": {
		"name": "Macau SAS Sjina"
	},
	"MK": {
		"name": "Macedonië"
	},
	"MG": {
		"name": "Madagaskar"
	},
	"MW": {
		"name": "Malawi"
	},
	"MV": {
		"name": "Maledive"
	},
	"MY": {
		"name": "Maleisië"
	},
	"ML": {
		"name": "Mali"
	},
	"MT": {
		"name": "Malta"
	},
	"MA": {
		"name": "Marokko"
	},
	"MH": {
		"name": "Marshalleilande"
	},
	"MQ": {
		"name": "Martinique"
	},
	"MR": {
		"name": "Mauritanië"
	},
	"MU": {
		"name": "Mauritius"
	},
	"YT": {
		"name": "Mayotte"
	},
	"MX": {
		"name": "Meksiko"
	},
	"MM": {
		"name": "Mianmar (Birma)"
	},
	"FM": {
		"name": "Mikronesië"
	},
	"MD": {
		"name": "Moldowa"
	},
	"MC": {
		"name": "Monaco"
	},
	"MN": {
		"name": "Mongolië"
	},
	"ME": {
		"name": "Montenegro"
	},
	"MS": {
		"name": "Montserrat"
	},
	"MZ": {
		"name": "Mosambiek"
	},
	"NA": {
		"name": "Namibië"
	},
	"NR": {
		"name": "Nauru"
	},
	"NL": {
		"name": "Nederland"
	},
	"NP": {
		"name": "Nepal"
	},
	"NI": {
		"name": "Nicaragua"
	},
	"NC": {
		"name": "Nieu-Kaledonië"
	},
	"NZ": {
		"name": "Nieu-Seeland"
	},
	"NE": {
		"name": "Niger"
	},
	"NG": {
		"name": "Nigerië"
	},
	"NU": {
		"name": "Niue"
	},
	"KP": {
		"name": "Noord-Korea"
	},
	"MP": {
		"name": "Noord-Mariane-eilande"
	},
	"NO": {
		"name": "Noorweë"
	},
	"NF": {
		"name": "Norfolkeiland"
	},
	"UA": {
		"name": "Oekraïne"
	},
	"UZ": {
		"name": "Oesbekistan"
	},
	"OM": {
		"name": "Oman"
	},
	"TL": {
		"name": "Oos-Timor"
	},
	"AT": {
		"name": "Oostenryk"
	},
	"PK": {
		"name": "Pakistan"
	},
	"PW": {
		"name": "Palau"
	},
	"PS": {
		"name": "Palestynse gebiede"
	},
	"PA": {
		"name": "Panama"
	},
	"PG": {
		"name": "Papoea-Nieu-Guinee"
	},
	"PY": {
		"name": "Paraguay"
	},
	"PE": {
		"name": "Peru"
	},
	"PN": {
		"name": "Pitcairneilande"
	},
	"PL": {
		"name": "Pole"
	},
	"PT": {
		"name": "Portugal"
	},
	"PR": {
		"name": "Puerto Rico"
	},
	"RE": {
		"name": "Réunion"
	},
	"RO": {
		"name": "Roemenië"
	},
	"RU": {
		"name": "Rusland"
	},
	"RW": {
		"name": "Rwanda"
	},
	"SB": {
		"name": "Salomonseilande"
	},
	"WS": {
		"name": "Samoa"
	},
	"SM": {
		"name": "San Marino"
	},
	"ST": {
		"name": "São Tomé en Príncipe"
	},
	"SA": {
		"name": "Saoedi-Arabië"
	},
	"SN": {
		"name": "Senegal"
	},
	"CF": {
		"name": "Sentraal-Afrikaanse Republiek"
	},
	"RS": {
		"name": "Serwië"
	},
	"SC": {
		"name": "Seychelle"
	},
	"SL": {
		"name": "Sierra Leone"
	},
	"SG": {
		"name": "Singapoer"
	},
	"BL": {
		"name": "Sint Barthélemy"
	},
	"SH": {
		"name": "Sint Helena"
	},
	"SX": {
		"name": "Sint Maarten"
	},
	"CY": {
		"name": "Siprus"
	},
	"SY": {
		"name": "Sirië"
	},
	"CN": {
		"name": "Sjina"
	},
	"SK": {
		"name": "Slowakye"
	},
	"SI": {
		"name": "Slowenië"
	},
	"SD": {
		"name": "Soedan"
	},
	"SO": {
		"name": "Somalië"
	},
	"ES": {
		"name": "Spanje"
	},
	"LK": {
		"name": "Sri Lanka"
	},
	"KN": {
		"name": "St. Kitts en Nevis"
	},
	"LC": {
		"name": "St. Lucia"
	},
	"MF": {
		"name": "St. Martin"
	},
	"PM": {
		"name": "St. Pierre en Miquelon"
	},
	"VC": {
		"name": "St. Vincent en die Grenadine"
	},
	"ZA": {
		"name": "Suid-Afrika"
	},
	"GS": {
		"name": "Suid-Georgië en die Suidelike Sandwicheilande"
	},
	"KR": {
		"name": "Suid-Korea"
	},
	"SS": {
		"name": "Suid-Soedan"
	},
	"SR": {
		"name": "Suriname"
	},
	"SJ": {
		"name": "Svalbard en Jan Mayen"
	},
	"SZ": {
		"name": "Swaziland"
	},
	"SE": {
		"name": "Swede"
	},
	"CH": {
		"name": "Switserland"
	},
	"TJ": {
		"name": "Tadjikistan"
	},
	"TW": {
		"name": "Taiwan"
	},
	"TZ": {
		"name": "Tanzanië"
	},
	"TH": {
		"name": "Thailand"
	},
	"CZ": {
		"name": "Tjeggiese Republiek"
	},
	"TG": {
		"name": "Togo"
	},
	"TK": {
		"name": "Tokelau"
	},
	"TO": {
		"name": "Tonga"
	},
	"TT": {
		"name": "Trinidad en Tobago"
	},
	"TA": {
		"name": "Tristan da Cunha"
	},
	"TD": {
		"name": "Tsjad"
	},
	"TN": {
		"name": "Tunisië"
	},
	"TM": {
		"name": "Turkmenië"
	},
	"TC": {
		"name": "Turks- en Caicoseilande"
	},
	"TR": {
		"name": "Turkye"
	},
	"TV": {
		"name": "Tuvalu"
	},
	"UG": {
		"name": "Uganda"
	},
	"UY": {
		"name": "Uruguay"
	},
	"VU": {
		"name": "Vanuatu"
	},
	"VA": {
		"name": "Vatikaanstad"
	},
	"VE": {
		"name": "Venezuela"
	},
	"AE": {
		"name": "Verenigde Arabiese Emirate"
	},
	"GB": {
		"name": "Verenigde Koninkryk"
	},
	"US": {
		"name": "Verenigde State van Amerika"
	},
	"VN": {
		"name": "Viëtnam"
	},
	"UM": {
		"name": "VS klein omliggende eilande"
	},
	"WF": {
		"name": "Wallis en Futuna"
	},
	"EH": {
		"name": "Wes-Sahara"
	},
	"IS": {
		"name": "Ysland"
	},
	"ZM": {
		"name": "Zambië"
	},
	"ZW": {
		"name": "Zimbabwe"
	}
}