{
	"AL": {
		"name": "Àabɛnìa"
	},
	"DZ": {
		"name": "Àadzɛlìa"
	},
	"AR": {
		"name": "Àdzɛ̀ntinà"
	},
	"PS": {
		"name": "Adzɨmā kɨ ŋgùŋ kɨ Palɛsɨtɨnyia à kɨ Gazà kò"
	},
	"IE": {
		"name": "Aelɨ̀lân"
	},
	"IS": {
		"name": "Aesɨ̀lân"
	},
	"AF": {
		"name": "Àfɨ̀ganìsɨ̀tân"
	},
	"ZA": {
		"name": "Afɨlekà ghɨ Emàm ghò"
	},
	"AX": {
		"name": "Åland Islands"
	},
	"AW": {
		"name": "Àlubà"
	},
	"AS": {
		"name": "Àmɛlekan Samwà"
	},
	"AM": {
		"name": "Àmɛnyìa"
	},
	"AD": {
		"name": "Àndolà"
	},
	"AQ": {
		"name": "Antarctica"
	},
	"AG": {
		"name": "Àntigwà à Bàbudà"
	},
	"AO": {
		"name": "Àŋgolà"
	},
	"AI": {
		"name": "Àŋgwilà"
	},
	"AC": {
		"name": "Ascension Island"
	},
	"AZ": {
		"name": "Àzɨbɛ̀dzân"
	},
	"BB": {
		"name": "Bàbadòs"
	},
	"BS": {
		"name": "Bàhamàs"
	},
	"BH": {
		"name": "Bàlaen"
	},
	"BD": {
		"name": "Baŋgɨ̀làdɛ̂"
	},
	"BE": {
		"name": "Bɛɛdzwùm"
	},
	"BY": {
		"name": "Bɛlàlûs"
	},
	"BZ": {
		"name": "Bɛ̀lezɨ̀"
	},
	"BM": {
		"name": "Bɛ̀mudà"
	},
	"BJ": {
		"name": "Bɛ̀nɨ̂ŋ"
	},
	"BR": {
		"name": "Bɨ̀làzîi"
	},
	"BN": {
		"name": "Bɨ̀lunè"
	},
	"BO": {
		"name": "Bòlevà"
	},
	"BA": {
		"name": "Bosɨnyìa à Hɛ̀zɛ̀gòvinà"
	},
	"BW": {
		"name": "Bòtɨ̀swǎnà"
	},
	"BF": {
		"name": "Bùkinà Fasò"
	},
	"BI": {
		"name": "Bùlundì"
	},
	"BG": {
		"name": "Bùugɛlìa"
	},
	"IC": {
		"name": "Canary Islands"
	},
	"BQ": {
		"name": "Caribbean Netherlands"
	},
	"EA": {
		"name": "Ceuta & Melilla"
	},
	"TD": {
		"name": "Châ"
	},
	"CN": {
		"name": "Chaenà"
	},
	"CZ": {
		"name": "Chɛ̂ Lèkpubèlè"
	},
	"CL": {
		"name": "Chilè"
	},
	"CX": {
		"name": "Christmas Island"
	},
	"FK": {
		"name": "Chwɨlà fɨ Fakɨlàn"
	},
	"MH": {
		"name": "Chwɨlà fɨ Mashà"
	},
	"NF": {
		"name": "Chwɨlà fɨ Nufòʔ"
	},
	"SB": {
		"name": "Chwɨlà fɨ Solomwɨ̀n"
	},
	"MP": {
		"name": "Chwɨlà m̀ Màlǐanà mɨ̀ Ekùw mò"
	},
	"VG": {
		"name": "Chwɨlà m̀ Vidzinyìa m̀ Bɨ̀letì mò"
	},
	"TC": {
		"name": "Chwɨla n Tɨtê à Kaekùs"
	},
	"KY": {
		"name": "Chwɨlà ŋ̀ Kaemàn"
	},
	"CV": {
		"name": "Chwɨla ŋ̀ Kɛ̀b Vɛ̂ɛ"
	},
	"CK": {
		"name": "Chwɨla ŋ̀ Kûʔ"
	},
	"CC": {
		"name": "Cocos (Keeling) Islands"
	},
	"CW": {
		"name": "Curaçao"
	},
	"CD": {
		"name": "Dɛ̀mùkàlatì Lèkpubèlè è Kuŋgù"
	},
	"DK": {
		"name": "Dɛnɨmà"
	},
	"DG": {
		"name": "Diego Garcia"
	},
	"IO": {
		"name": "Dɨŋò kɨ dzughùnstòʔ kɨ Endìa kɨ Bɨ̀letì kò"
	},
	"DM": {
		"name": "Dòmenekà"
	},
	"DO": {
		"name": "Dòmenekà Lèkpubèlè"
	},
	"JP": {
		"name": "Dzàkpân"
	},
	"DE": {
		"name": "Dzamanè"
	},
	"JM": {
		"name": "Dzàmɛkà"
	},
	"GI": {
		"name": "Dzibɨ̀latà"
	},
	"DJ": {
		"name": "Dzìbuwtì"
	},
	"JO": {
		"name": "Dzodàn"
	},
	"GE": {
		"name": "Dzɔɔdzìa"
	},
	"EG": {
		"name": "Edzì"
	},
	"EC": {
		"name": "Ekwadò"
	},
	"GQ": {
		"name": "Èkwɛ̀tolia Ginè"
	},
	"IQ": {
		"name": "Èlâkɨ̀"
	},
	"IR": {
		"name": "Èlân"
	},
	"ER": {
		"name": "Èletɨ̀là"
	},
	"IN": {
		"name": "Endìa"
	},
	"ID": {
		"name": "Èndòneshìa"
	},
	"TL": {
		"name": "Ês Taemò"
	},
	"SV": {
		"name": "Esàvadò"
	},
	"EE": {
		"name": "Èsɨ̀tonyìa"
	},
	"IT": {
		"name": "Etalè"
	},
	"ET": {
		"name": "Ètyǒpìa"
	},
	"IL": {
		"name": "Ezɨ̀lɛ̂"
	},
	"FR": {
		"name": "Fàlâŋnsì"
	},
	"FO": {
		"name": "Faroe Islands"
	},
	"PH": {
		"name": "Felèkpî"
	},
	"FJ": {
		"name": "Fidzi"
	},
	"FI": {
		"name": "Fɨnlàn"
	},
	"TF": {
		"name": "French Southern Territories"
	},
	"GH": {
		"name": "Gaanà"
	},
	"GA": {
		"name": "Gàbûn"
	},
	"GM": {
		"name": "Gambìa"
	},
	"GF": {
		"name": "Gàyanà è Fàlâŋnsì"
	},
	"GN": {
		"name": "Ginè"
	},
	"GW": {
		"name": "Ginè Bìsawù"
	},
	"NG": {
		"name": "Gɨ̀anyɨ"
	},
	"GL": {
		"name": "Gɨ̀lenlân"
	},
	"GR": {
		"name": "Gɨ̀lês"
	},
	"GD": {
		"name": "Gɨ̀lɛnadà"
	},
	"GG": {
		"name": "Guernsey"
	},
	"GY": {
		"name": "Gùyanà"
	},
	"GP": {
		"name": "Gwadalukpɛ̀"
	},
	"GU": {
		"name": "Gwam"
	},
	"GT": {
		"name": "Gwàtɨ̀malà"
	},
	"HT": {
		"name": "Hǎetì"
	},
	"HK": {
		"name": "Hong Kong SAR China"
	},
	"HN": {
		"name": "Hɔndulàs"
	},
	"HU": {
		"name": "Hɔŋgàlè"
	},
	"IM": {
		"name": "Isle of Man"
	},
	"JE": {
		"name": "Jersey"
	},
	"NC": {
		"name": "Kàlèdonyìa È fūghū"
	},
	"CM": {
		"name": "Kàmàlûŋ"
	},
	"KH": {
		"name": "Kàmbodìa"
	},
	"CA": {
		"name": "Kanadà"
	},
	"QA": {
		"name": "Katà"
	},
	"KZ": {
		"name": "Kàzasɨ̀tân"
	},
	"KI": {
		"name": "Kèlèbati"
	},
	"KG": {
		"name": "Kìdzisɨ̀tân"
	},
	"KE": {
		"name": "Kɨnyà"
	},
	"CO": {
		"name": "Kòlombìa"
	},
	"KM": {
		"name": "Komolòs"
	},
	"CR": {
		"name": "Kòsɨ̀tà Lekà"
	},
	"XK": {
		"name": "Kosovo"
	},
	"HR": {
		"name": "Kòwɛshìa"
	},
	"PK": {
		"name": "Kpakìsɨ̀tân"
	},
	"PG": {
		"name": "Kpakpua Ginè È fūghū"
	},
	"PY": {
		"name": "Kpalàgwɛ̂"
	},
	"PW": {
		"name": "Kpàlawù"
	},
	"PA": {
		"name": "Kpanàma"
	},
	"PE": {
		"name": "Kpɛlû"
	},
	"PN": {
		"name": "Kpitɨ̀kalè"
	},
	"PF": {
		"name": "Kpoleneshìa è Fàlâŋnsì"
	},
	"PR": {
		"name": "Kpǒto Leko"
	},
	"PL": {
		"name": "Kpulàn"
	},
	"PT": {
		"name": "Kputuwgà"
	},
	"CI": {
		"name": "Ku Dɨ̀vûa"
	},
	"CG": {
		"name": "Kuŋgù"
	},
	"KP": {
		"name": "Kùulîa, Ekùw"
	},
	"KR": {
		"name": "Kùulîa, Emàm"
	},
	"CU": {
		"name": "Kuuwbà"
	},
	"KW": {
		"name": "Kùwɛ̂"
	},
	"LR": {
		"name": "Làebɛlìa"
	},
	"LV": {
		"name": "Làtɨva"
	},
	"LA": {
		"name": "Làwos"
	},
	"LY": {
		"name": "Lebìa"
	},
	"LI": {
		"name": "Letɨnshɨ̀n"
	},
	"LT": {
		"name": "Lètwǎnyìa"
	},
	"RE": {
		"name": "Lèyunyɔ̀ŋ"
	},
	"LB": {
		"name": "Lɛbanè"
	},
	"LS": {
		"name": "Lɛ̀sotù"
	},
	"RU": {
		"name": "Loshìa"
	},
	"RO": {
		"name": "Lùmanyìa"
	},
	"RW": {
		"name": "Lùwandà"
	},
	"LU": {
		"name": "Luzɨmbùʔ"
	},
	"MT": {
		"name": "Maatà"
	},
	"MO": {
		"name": "Macau SAR China"
	},
	"MG": {
		"name": "Màdàgasɨkà"
	},
	"MV": {
		"name": "Màdivè"
	},
	"FM": {
		"name": "Maekòlòneshìa"
	},
	"MW": {
		"name": "Màlawì"
	},
	"ML": {
		"name": "Malè"
	},
	"MY": {
		"name": "Màlɛshìa"
	},
	"MQ": {
		"name": "Màtìnekì"
	},
	"YT": {
		"name": "Màyotì"
	},
	"BT": {
		"name": "Mbutàn"
	},
	"MX": {
		"name": "Mɛkɨzikù"
	},
	"MM": {
		"name": "Mǐanmà"
	},
	"MK": {
		"name": "Mɨ̀sɨ̀donyìa"
	},
	"MA": {
		"name": "Mòlokò"
	},
	"ME": {
		"name": "Montenegro"
	},
	"MD": {
		"name": "Mòodovà"
	},
	"MU": {
		"name": "Mùleshwɨ̀s"
	},
	"MR": {
		"name": "Mùlètanyìa"
	},
	"MC": {
		"name": "Mùnaku"
	},
	"MN": {
		"name": "Mùŋgolìa"
	},
	"MS": {
		"name": "Mùŋtselà"
	},
	"MZ": {
		"name": "Mùzàmbî"
	},
	"NE": {
		"name": "Naedzà"
	},
	"NA": {
		"name": "Nàmibìa"
	},
	"NR": {
		"name": "Nàwulù"
	},
	"NL": {
		"name": "Nedàlân"
	},
	"NP": {
		"name": "Nɛkpâa"
	},
	"NI": {
		"name": "Nikàlagwà"
	},
	"NU": {
		"name": "Niyu"
	},
	"NO": {
		"name": "Noowɛ̂ɛ"
	},
	"CY": {
		"name": "Saekpùlù"
	},
	"WS": {
		"name": "Sàmowà"
	},
	"SM": {
		"name": "Sàn Màlenù"
	},
	"ST": {
		"name": "Sawo Tɔ̀me à Kpèlènsikpɛ̀"
	},
	"SA": {
		"name": "Sawudi Alabi"
	},
	"RS": {
		"name": "Serbia"
	},
	"SC": {
		"name": "Sɛchɛ̀lɛ̀s"
	},
	"SH": {
		"name": "Sɛ̀n Èlenà"
	},
	"KN": {
		"name": "Sɛ̀n Kî à Nevì"
	},
	"PM": {
		"name": "Sɛ̀n Kpiyɛ̀ à Mikelɔŋ"
	},
	"LC": {
		"name": "Sɛ̀n Lushìa"
	},
	"VC": {
		"name": "Sɛ̀n Vinsɨ̀n à Gɨlenadi Ù tē"
	},
	"SN": {
		"name": "Sɛ̀nɛ̀gâa"
	},
	"CF": {
		"name": "Sɛnta Afɨlekan Lèkpobèlè"
	},
	"SZ": {
		"name": "Shǔazìlân"
	},
	"SY": {
		"name": "Silîa"
	},
	"SL": {
		"name": "Silìa lûŋ"
	},
	"SX": {
		"name": "Sint Maarten"
	},
	"SG": {
		"name": "Siŋgàkpôo"
	},
	"ES": {
		"name": "Sɨ̀kpɛ̂n"
	},
	"LK": {
		"name": "Sɨ̀le Laŋkà"
	},
	"SK": {
		"name": "Sɨ̀lòvɨkɨ̀a"
	},
	"SI": {
		"name": "Sɨ̀lòvɨnyìa"
	},
	"SO": {
		"name": "Sòmalìa"
	},
	"GS": {
		"name": "South Georgia & South Sandwich Islands"
	},
	"SS": {
		"name": "South Sudan"
	},
	"BL": {
		"name": "St. Barthélemy"
	},
	"MF": {
		"name": "St. Martin"
	},
	"SD": {
		"name": "Sùdân"
	},
	"SE": {
		"name": "Suedɨ̀n"
	},
	"CH": {
		"name": "Suezàlân"
	},
	"SR": {
		"name": "Sulènamè"
	},
	"SJ": {
		"name": "Svalbard & Jan Mayen"
	},
	"TZ": {
		"name": "Tàanzanyìa"
	},
	"TJ": {
		"name": "Tàdzikìsɨ̀tân"
	},
	"TH": {
		"name": "Taelàn"
	},
	"TW": {
		"name": "Taewàn"
	},
	"TR": {
		"name": "Teekì"
	},
	"TM": {
		"name": "Tekɨmènèsɨ̀tân"
	},
	"TT": {
		"name": "Tèlenedà à Tòbagù"
	},
	"TA": {
		"name": "Tristan da Cunha"
	},
	"TG": {
		"name": "Tugù"
	},
	"TN": {
		"name": "Tùneshìa"
	},
	"TO": {
		"name": "Tuŋgà"
	},
	"TK": {
		"name": "Tuwkelawù"
	},
	"TV": {
		"name": "Tuwvalùw"
	},
	"VI": {
		"name": "U. S. Chwɨlà fɨ Mbuʔmbu"
	},
	"UM": {
		"name": "U.S. Outlying Islands"
	},
	"OM": {
		"name": "Umàn"
	},
	"US": {
		"name": "USA"
	},
	"AU": {
		"name": "Ùsɨ̀tɛ̀lɛlìa"
	},
	"AT": {
		"name": "Usɨtɨ̀là"
	},
	"VU": {
		"name": "Vànǔatùw"
	},
	"VA": {
		"name": "Vatikàn Sɨ̀tɛ̂"
	},
	"VE": {
		"name": "Vɛ̀nɛ̀zǔɛɛlà"
	},
	"VN": {
		"name": "Vìyɛnàm"
	},
	"WF": {
		"name": "Wales à Fùwtuwnà"
	},
	"EH": {
		"name": "Western Sahara"
	},
	"YE": {
		"name": "Yɛmɛ̀n"
	},
	"UG": {
		"name": "Yùgandà"
	},
	"UA": {
		"name": "Yùkɛ̀lɛ̂"
	},
	"UY": {
		"name": "Yulùgwɛ̂"
	},
	"AE": {
		"name": "Yùnaetɛ Alab ɛmelɛ̀"
	},
	"GB": {
		"name": "Yùnaetɛ Kiŋdɔ̀m"
	},
	"UZ": {
		"name": "Yùzɨ̀bɛkìsɨ̀tân"
	},
	"ZM": {
		"name": "Zambìa"
	},
	"NZ": {
		"name": "Zìlân È fūghū"
	},
	"ZW": {
		"name": "Zìmbagbɛ̀"
	}
}