{
	"AM": {
		"name": "Aamenia"
	},
	"IE": {
		"name": "Aereland"
	},
	"IS": {
		"name": "Aesland"
	},
	"AF": {
		"name": "Afganistan"
	},
	"ZA": {
		"name": "Afrika Anaafo"
	},
	"CF": {
		"name": "Afrika Finimfin Man"
	},
	"AR": {
		"name": "Agyɛntina"
	},
	"GB": {
		"name": "Ahendiman Nkabom"
	},
	"AX": {
		"name": "Åland Islands"
	},
	"AL": {
		"name": "Albenia"
	},
	"US": {
		"name": "Amɛrika"
	},
	"AS": {
		"name": "Amɛrika Samoa"
	},
	"VI": {
		"name": "Amɛrika Virgin Islands"
	},
	"KR": {
		"name": "Anaafo Koria"
	},
	"AD": {
		"name": "Andora"
	},
	"AO": {
		"name": "Angola"
	},
	"AI": {
		"name": "Anguila"
	},
	"AQ": {
		"name": "Antarctica"
	},
	"AG": {
		"name": "Antigua ne Baabuda"
	},
	"AW": {
		"name": "Aruba"
	},
	"AC": {
		"name": "Ascension Island"
	},
	"AZ": {
		"name": "Azebaegyan"
	},
	"BB": {
		"name": "Baabados"
	},
	"BS": {
		"name": "Bahama"
	},
	"BD": {
		"name": "Bangladɛhye"
	},
	"BH": {
		"name": "Baren"
	},
	"BZ": {
		"name": "Beliz"
	},
	"BY": {
		"name": "Bɛlarus"
	},
	"BE": {
		"name": "Bɛlgyium"
	},
	"BM": {
		"name": "Bɛmuda"
	},
	"BJ": {
		"name": "Bɛnin"
	},
	"BO": {
		"name": "Bolivia"
	},
	"BA": {
		"name": "Bosnia ne Hɛzegovina"
	},
	"BF": {
		"name": "Bɔkina Faso"
	},
	"BG": {
		"name": "Bɔlgeria"
	},
	"BW": {
		"name": "Bɔtswana"
	},
	"BR": {
		"name": "Brazil"
	},
	"VG": {
		"name": "Britainfo Virgin Islands"
	},
	"IO": {
		"name": "Britenfo Hɔn Man Wɔ India Po No Mu"
	},
	"BN": {
		"name": "Brunae"
	},
	"BI": {
		"name": "Burundi"
	},
	"BT": {
		"name": "Butan"
	},
	"IC": {
		"name": "Canary Islands"
	},
	"BQ": {
		"name": "Caribbean Netherlands"
	},
	"EA": {
		"name": "Ceuta & Melilla"
	},
	"CX": {
		"name": "Christmas Island"
	},
	"CC": {
		"name": "Cocos (Keeling) Islands"
	},
	"CW": {
		"name": "Curaçao"
	},
	"DK": {
		"name": "Dɛnmak"
	},
	"DG": {
		"name": "Diego Garcia"
	},
	"DM": {
		"name": "Dɔmeneka"
	},
	"DO": {
		"name": "Dɔmeneka Kurokɛse"
	},
	"KP": {
		"name": "Etifi Koria"
	},
	"SV": {
		"name": "Ɛl Salvadɔ"
	},
	"ER": {
		"name": "Ɛritrea"
	},
	"EE": {
		"name": "Ɛstonia"
	},
	"FO": {
		"name": "Faroe Islands"
	},
	"FJ": {
		"name": "Figyi"
	},
	"FI": {
		"name": "Finland"
	},
	"FK": {
		"name": "Fɔlkman Aeland"
	},
	"TF": {
		"name": "French Southern Territories"
	},
	"GF": {
		"name": "Frɛnkye Gayana"
	},
	"PF": {
		"name": "Frɛnkye Pɔlenehyia"
	},
	"FR": {
		"name": "Frɛnkyeman"
	},
	"GH": {
		"name": "Gaana"
	},
	"GA": {
		"name": "Gabɔn"
	},
	"GM": {
		"name": "Gambia"
	},
	"GY": {
		"name": "Gayana"
	},
	"GN": {
		"name": "Gini"
	},
	"GW": {
		"name": "Gini Bisaw"
	},
	"GQ": {
		"name": "Gini Ikuweta"
	},
	"GR": {
		"name": "Greekman"
	},
	"GL": {
		"name": "Greenman"
	},
	"GD": {
		"name": "Grenada"
	},
	"GU": {
		"name": "Guam"
	},
	"GG": {
		"name": "Guernsey"
	},
	"GP": {
		"name": "Guwadelup"
	},
	"GT": {
		"name": "Guwatemala"
	},
	"DE": {
		"name": "Gyaaman"
	},
	"JM": {
		"name": "Gyameka"
	},
	"JP": {
		"name": "Gyapan"
	},
	"GI": {
		"name": "Gyebralta"
	},
	"DJ": {
		"name": "Gyibuti"
	},
	"JO": {
		"name": "Gyɔdan"
	},
	"GE": {
		"name": "Gyɔgyea"
	},
	"HU": {
		"name": "Hangari"
	},
	"HT": {
		"name": "Heiti"
	},
	"HK": {
		"name": "Hong Kong SAR China"
	},
	"HN": {
		"name": "Hɔnduras"
	},
	"EC": {
		"name": "Ikuwadɔ"
	},
	"IN": {
		"name": "India"
	},
	"ID": {
		"name": "Indɔnehyia"
	},
	"IQ": {
		"name": "Irak"
	},
	"IR": {
		"name": "Iran"
	},
	"IM": {
		"name": "Isle of Man"
	},
	"IL": {
		"name": "Israel"
	},
	"IT": {
		"name": "Itali"
	},
	"ET": {
		"name": "Ithiopia"
	},
	"JE": {
		"name": "Jersey"
	},
	"NC": {
		"name": "Kaledonia Foforo"
	},
	"KH": {
		"name": "Kambodia"
	},
	"CM": {
		"name": "Kamɛrun"
	},
	"CA": {
		"name": "Kanada"
	},
	"QA": {
		"name": "Kata"
	},
	"KZ": {
		"name": "Kazakstan"
	},
	"KY": {
		"name": "Kemanfo Islands"
	},
	"CV": {
		"name": "Kepvɛdfo Islands"
	},
	"KG": {
		"name": "Kɛɛgestan"
	},
	"KE": {
		"name": "Kɛnya"
	},
	"KI": {
		"name": "Kiribati"
	},
	"CO": {
		"name": "Kolombia"
	},
	"CG": {
		"name": "Kongo"
	},
	"CD": {
		"name": "Kongo (Zair)"
	},
	"CK": {
		"name": "Kook Nsupɔw"
	},
	"XK": {
		"name": "Kosovo"
	},
	"KM": {
		"name": "Kɔmɔrɔs"
	},
	"CR": {
		"name": "Kɔsta Rika"
	},
	"HR": {
		"name": "Krowehyia"
	},
	"CU": {
		"name": "Kuba"
	},
	"KW": {
		"name": "Kuwete"
	},
	"TD": {
		"name": "Kyad"
	},
	"CN": {
		"name": "Kyaena"
	},
	"CZ": {
		"name": "Kyɛk Kurokɛse"
	},
	"CL": {
		"name": "Kyili"
	},
	"CI": {
		"name": "La Côte d’Ivoire"
	},
	"LR": {
		"name": "Laeberia"
	},
	"LU": {
		"name": "Laksembɛg"
	},
	"LA": {
		"name": "Laos"
	},
	"LV": {
		"name": "Latvia"
	},
	"LI": {
		"name": "Lektenstaen"
	},
	"LB": {
		"name": "Lɛbanɔn"
	},
	"LS": {
		"name": "Lɛsutu"
	},
	"LY": {
		"name": "Libya"
	},
	"LT": {
		"name": "Lituwenia"
	},
	"MO": {
		"name": "Macau SAR China"
	},
	"MG": {
		"name": "Madagaska"
	},
	"FM": {
		"name": "Maekronehyia"
	},
	"MW": {
		"name": "Malawi"
	},
	"MV": {
		"name": "Maldives"
	},
	"MY": {
		"name": "Malehyia"
	},
	"ML": {
		"name": "Mali"
	},
	"MS": {
		"name": "Mantserat"
	},
	"MH": {
		"name": "Marshall Islands"
	},
	"MK": {
		"name": "Masedonia"
	},
	"MQ": {
		"name": "Matinik"
	},
	"YT": {
		"name": "Mayɔte"
	},
	"MX": {
		"name": "Mɛksiko"
	},
	"MM": {
		"name": "Miyanma"
	},
	"ME": {
		"name": "Montenegro"
	},
	"MA": {
		"name": "Moroko"
	},
	"MZ": {
		"name": "Mozambik"
	},
	"MD": {
		"name": "Mɔldova"
	},
	"MT": {
		"name": "Mɔlta"
	},
	"MC": {
		"name": "Mɔnako"
	},
	"MN": {
		"name": "Mɔngolia"
	},
	"MU": {
		"name": "Mɔrehyeɔs"
	},
	"MR": {
		"name": "Mɔretenia"
	},
	"NG": {
		"name": "Naegyeria"
	},
	"NA": {
		"name": "Namibia"
	},
	"NR": {
		"name": "Naworu"
	},
	"NI": {
		"name": "Nekaraguwa"
	},
	"NL": {
		"name": "Nɛdɛland"
	},
	"NP": {
		"name": "Nɛpɔl"
	},
	"NE": {
		"name": "Nigyɛ"
	},
	"EG": {
		"name": "Nisrim"
	},
	"NU": {
		"name": "Niyu"
	},
	"MP": {
		"name": "Northern Mariana Islands"
	},
	"NF": {
		"name": "Nɔfolk Aeland"
	},
	"NO": {
		"name": "Nɔɔwe"
	},
	"OM": {
		"name": "Oman"
	},
	"DZ": {
		"name": "Ɔlgyeria"
	},
	"AU": {
		"name": "Ɔstrelia"
	},
	"AT": {
		"name": "Ɔstria"
	},
	"PK": {
		"name": "Pakistan"
	},
	"PW": {
		"name": "Palau"
	},
	"PS": {
		"name": "Palestaen West Bank ne Gaza"
	},
	"PA": {
		"name": "Panama"
	},
	"PG": {
		"name": "Papua Guinea Foforo"
	},
	"PY": {
		"name": "Paraguay"
	},
	"PE": {
		"name": "Peru"
	},
	"PH": {
		"name": "Philippines"
	},
	"PN": {
		"name": "Pitcairn"
	},
	"PL": {
		"name": "Poland"
	},
	"PT": {
		"name": "Pɔtugal"
	},
	"PR": {
		"name": "Puɛto Riko"
	},
	"RE": {
		"name": "Reyuniɔn"
	},
	"RO": {
		"name": "Romenia"
	},
	"RU": {
		"name": "Rɔhyea"
	},
	"RW": {
		"name": "Rwanda"
	},
	"CY": {
		"name": "Saeprɔs"
	},
	"SH": {
		"name": "Saint Helena"
	},
	"KN": {
		"name": "Saint Kitts ne Nɛves"
	},
	"LC": {
		"name": "Saint Lucia"
	},
	"PM": {
		"name": "Saint Pierre ne Miquelon"
	},
	"VC": {
		"name": "Saint Vincent ne Grenadines"
	},
	"WS": {
		"name": "Samoa"
	},
	"SM": {
		"name": "San Marino"
	},
	"ST": {
		"name": "São Tomé and Príncipe"
	},
	"SA": {
		"name": "Saudi Arabia"
	},
	"SN": {
		"name": "Senegal"
	},
	"RS": {
		"name": "Serbia"
	},
	"SC": {
		"name": "Seyhyɛl"
	},
	"SL": {
		"name": "Sierra Leone"
	},
	"SG": {
		"name": "Singapɔ"
	},
	"SX": {
		"name": "Sint Maarten"
	},
	"SY": {
		"name": "Siria"
	},
	"SK": {
		"name": "Slovakia"
	},
	"SI": {
		"name": "Slovinia"
	},
	"SB": {
		"name": "Solomon Islands"
	},
	"SO": {
		"name": "Somalia"
	},
	"GS": {
		"name": "South Georgia & South Sandwich Islands"
	},
	"SS": {
		"name": "South Sudan"
	},
	"ES": {
		"name": "Spain"
	},
	"LK": {
		"name": "Sri Lanka"
	},
	"BL": {
		"name": "St. Barthélemy"
	},
	"MF": {
		"name": "St. Martin"
	},
	"SD": {
		"name": "Sudan"
	},
	"SR": {
		"name": "Suriname"
	},
	"SJ": {
		"name": "Svalbard & Jan Mayen"
	},
	"SZ": {
		"name": "Swaziland"
	},
	"SE": {
		"name": "Sweden"
	},
	"CH": {
		"name": "Swetzaland"
	},
	"TH": {
		"name": "Taeland"
	},
	"TW": {
		"name": "Taiwan"
	},
	"TJ": {
		"name": "Tajikistan"
	},
	"TZ": {
		"name": "Tanzania"
	},
	"TR": {
		"name": "Tɛɛki"
	},
	"TM": {
		"name": "Tɛkmɛnistan"
	},
	"TL": {
		"name": "Timɔ Boka"
	},
	"TG": {
		"name": "Togo"
	},
	"TK": {
		"name": "Tokelau"
	},
	"TO": {
		"name": "Tonga"
	},
	"TT": {
		"name": "Trinidad ne Tobago"
	},
	"TA": {
		"name": "Tristan da Cunha"
	},
	"TN": {
		"name": "Tunihyia"
	},
	"TC": {
		"name": "Turks ne Caicos Islands"
	},
	"TV": {
		"name": "Tuvalu"
	},
	"UM": {
		"name": "U.S. Outlying Islands"
	},
	"UG": {
		"name": "Uganda"
	},
	"UA": {
		"name": "Ukren"
	},
	"AE": {
		"name": "United Arab Emirates"
	},
	"UZ": {
		"name": "Uzbɛkistan"
	},
	"VU": {
		"name": "Vanuatu"
	},
	"VA": {
		"name": "Vatican Man"
	},
	"VE": {
		"name": "Venezuela"
	},
	"VN": {
		"name": "Viɛtnam"
	},
	"WF": {
		"name": "Wallis ne Futuna"
	},
	"EH": {
		"name": "Western Sahara"
	},
	"YE": {
		"name": "Yɛmen"
	},
	"UY": {
		"name": "Yurugwae"
	},
	"ZM": {
		"name": "Zambia"
	},
	"ZW": {
		"name": "Zembabwe"
	},
	"NZ": {
		"name": "Ziland Foforo"
	}
}