{
	"ET": {
		"name": "إثيوبيا"
	},
	"AZ": {
		"name": "أذربيجان"
	},
	"AM": {
		"name": "أرمينيا"
	},
	"AW": {
		"name": "أروبا"
	},
	"ER": {
		"name": "إريتريا"
	},
	"ES": {
		"name": "إسبانيا"
	},
	"AU": {
		"name": "أستراليا"
	},
	"EE": {
		"name": "إستونيا"
	},
	"IL": {
		"name": "إسرائيل"
	},
	"AF": {
		"name": "أفغانستان"
	},
	"PS": {
		"name": "الأراضي الفلسطينية"
	},
	"AR": {
		"name": "الأرجنتين"
	},
	"JO": {
		"name": "الأردن"
	},
	"TF": {
		"name": "الأقاليم الجنوبية الفرنسية"
	},
	"IO": {
		"name": "الإقليم البريطاني في المحيط الهندي"
	},
	"EC": {
		"name": "الإكوادور"
	},
	"AE": {
		"name": "الإمارات العربية المتحدة"
	},
	"AL": {
		"name": "ألبانيا"
	},
	"BH": {
		"name": "البحرين"
	},
	"BR": {
		"name": "البرازيل"
	},
	"PT": {
		"name": "البرتغال"
	},
	"BS": {
		"name": "البهاما"
	},
	"BA": {
		"name": "البوسنة والهرسك"
	},
	"ME": {
		"name": "الجبل الأسود"
	},
	"DZ": {
		"name": "الجزائر"
	},
	"DK": {
		"name": "الدانمرك"
	},
	"CV": {
		"name": "الرأس الأخضر"
	},
	"SV": {
		"name": "السلفادور"
	},
	"SN": {
		"name": "السنغال"
	},
	"SD": {
		"name": "السودان"
	},
	"SE": {
		"name": "السويد"
	},
	"EH": {
		"name": "الصحراء الغربية"
	},
	"SO": {
		"name": "الصومال"
	},
	"CN": {
		"name": "الصين"
	},
	"IQ": {
		"name": "العراق"
	},
	"GA": {
		"name": "الغابون"
	},
	"VA": {
		"name": "الفاتيكان"
	},
	"PH": {
		"name": "الفلبين"
	},
	"CM": {
		"name": "الكاميرون"
	},
	"CG": {
		"name": "الكونغو - برازافيل"
	},
	"CD": {
		"name": "الكونغو - كينشاسا"
	},
	"KW": {
		"name": "الكويت"
	},
	"DE": {
		"name": "ألمانيا"
	},
	"MA": {
		"name": "المغرب"
	},
	"MX": {
		"name": "المكسيك"
	},
	"SA": {
		"name": "المملكة العربية السعودية"
	},
	"GB": {
		"name": "المملكة المتحدة"
	},
	"NO": {
		"name": "النرويج"
	},
	"AT": {
		"name": "النمسا"
	},
	"NE": {
		"name": "النيجر"
	},
	"IN": {
		"name": "الهند"
	},
	"US": {
		"name": "الولايات المتحدة"
	},
	"JP": {
		"name": "اليابان"
	},
	"YE": {
		"name": "اليمن"
	},
	"GR": {
		"name": "اليونان"
	},
	"AQ": {
		"name": "أنتاركتيكا"
	},
	"AG": {
		"name": "أنتيغوا وبربودا"
	},
	"AD": {
		"name": "أندورا"
	},
	"ID": {
		"name": "إندونيسيا"
	},
	"AO": {
		"name": "أنغولا"
	},
	"AI": {
		"name": "أنغويلا"
	},
	"UY": {
		"name": "أوروغواي"
	},
	"UZ": {
		"name": "أوزبكستان"
	},
	"UG": {
		"name": "أوغندا"
	},
	"UA": {
		"name": "أوكرانيا"
	},
	"IR": {
		"name": "إيران"
	},
	"IE": {
		"name": "أيرلندا"
	},
	"IS": {
		"name": "أيسلندا"
	},
	"IT": {
		"name": "إيطاليا"
	},
	"PG": {
		"name": "بابوا غينيا الجديدة"
	},
	"PY": {
		"name": "باراغواي"
	},
	"PK": {
		"name": "باكستان"
	},
	"PW": {
		"name": "بالاو"
	},
	"BW": {
		"name": "بتسوانا"
	},
	"BB": {
		"name": "بربادوس"
	},
	"BM": {
		"name": "برمودا"
	},
	"BN": {
		"name": "بروناي"
	},
	"BE": {
		"name": "بلجيكا"
	},
	"BG": {
		"name": "بلغاريا"
	},
	"BZ": {
		"name": "بليز"
	},
	"BD": {
		"name": "بنغلاديش"
	},
	"PA": {
		"name": "بنما"
	},
	"BJ": {
		"name": "بنين"
	},
	"BT": {
		"name": "بوتان"
	},
	"PR": {
		"name": "بورتوريكو"
	},
	"BF": {
		"name": "بوركينا فاسو"
	},
	"BI": {
		"name": "بوروندي"
	},
	"PL": {
		"name": "بولندا"
	},
	"BO": {
		"name": "بوليفيا"
	},
	"PF": {
		"name": "بولينيزيا الفرنسية"
	},
	"PE": {
		"name": "بيرو"
	},
	"BY": {
		"name": "بيلاروس"
	},
	"TH": {
		"name": "تايلاند"
	},
	"TW": {
		"name": "تايوان"
	},
	"TM": {
		"name": "تركمانستان"
	},
	"TR": {
		"name": "تركيا"
	},
	"TA": {
		"name": "تريستان دي كونها"
	},
	"TT": {
		"name": "ترينيداد وتوباغو"
	},
	"TD": {
		"name": "تشاد"
	},
	"CL": {
		"name": "تشيلي"
	},
	"TZ": {
		"name": "تنزانيا"
	},
	"TG": {
		"name": "توغو"
	},
	"TV": {
		"name": "توفالو"
	},
	"TK": {
		"name": "توكيلو"
	},
	"TN": {
		"name": "تونس"
	},
	"TO": {
		"name": "تونغا"
	},
	"TL": {
		"name": "تيمور- ليشتي"
	},
	"JM": {
		"name": "جامايكا"
	},
	"GI": {
		"name": "جبل طارق"
	},
	"AX": {
		"name": "جزر آلاند"
	},
	"KM": {
		"name": "جزر القمر"
	},
	"IC": {
		"name": "جزر الكناري"
	},
	"MQ": {
		"name": "جزر المارتينيك"
	},
	"MV": {
		"name": "جزر المالديف"
	},
	"UM": {
		"name": "جزر الولايات المتحدة النائية"
	},
	"PN": {
		"name": "جزر بيتكيرن"
	},
	"TC": {
		"name": "جزر توركس وكايكوس"
	},
	"SB": {
		"name": "جزر سليمان"
	},
	"FO": {
		"name": "جزر فارو"
	},
	"FK": {
		"name": "جزر فوكلاند"
	},
	"VG": {
		"name": "جزر فيرجن البريطانية"
	},
	"VI": {
		"name": "جزر فيرجن التابعة للولايات المتحدة"
	},
	"KY": {
		"name": "جزر كايمان"
	},
	"CK": {
		"name": "جزر كوك"
	},
	"CC": {
		"name": "جزر كوكوس (كيلينغ)"
	},
	"MH": {
		"name": "جزر مارشال"
	},
	"MP": {
		"name": "جزر ماريانا الشمالية"
	},
	"WF": {
		"name": "جزر والس وفوتونا"
	},
	"AC": {
		"name": "جزيرة أسينشيون"
	},
	"CX": {
		"name": "جزيرة الكريسماس"
	},
	"IM": {
		"name": "جزيرة مان"
	},
	"NF": {
		"name": "جزيرة نورفولك"
	},
	"CF": {
		"name": "جمهورية أفريقيا الوسطى"
	},
	"CZ": {
		"name": "جمهورية التشيك"
	},
	"DO": {
		"name": "جمهورية الدومينيكان"
	},
	"ZA": {
		"name": "جنوب أفريقيا"
	},
	"SS": {
		"name": "جنوب السودان"
	},
	"GE": {
		"name": "جورجيا"
	},
	"GS": {
		"name": "جورجيا الجنوبية وجزر ساندويتش الجنوبية"
	},
	"DJ": {
		"name": "جيبوتي"
	},
	"JE": {
		"name": "جيرسي"
	},
	"DM": {
		"name": "دومينيكا"
	},
	"DG": {
		"name": "دييغو غارسيا"
	},
	"RW": {
		"name": "رواندا"
	},
	"RU": {
		"name": "روسيا"
	},
	"RO": {
		"name": "رومانيا"
	},
	"RE": {
		"name": "روينيون"
	},
	"ZM": {
		"name": "زامبيا"
	},
	"ZW": {
		"name": "زيمبابوي"
	},
	"CI": {
		"name": "ساحل العاج"
	},
	"WS": {
		"name": "ساموا"
	},
	"AS": {
		"name": "ساموا الأمريكية"
	},
	"BL": {
		"name": "سان بارتليمي"
	},
	"SM": {
		"name": "سان مارينو"
	},
	"PM": {
		"name": "سانت بيير وميكولون"
	},
	"VC": {
		"name": "سانت فنسنت وجزر غرينادين"
	},
	"KN": {
		"name": "سانت كيتس ونيفيس"
	},
	"LC": {
		"name": "سانت لوسيا"
	},
	"MF": {
		"name": "سانت مارتن"
	},
	"SH": {
		"name": "سانت هيلانة"
	},
	"ST": {
		"name": "ساو تومي وبرينسيبي"
	},
	"EA": {
		"name": "سبتة ومليلية"
	},
	"LK": {
		"name": "سريلانكا"
	},
	"SJ": {
		"name": "سفالبارد وجان مايان"
	},
	"SK": {
		"name": "سلوفاكيا"
	},
	"SI": {
		"name": "سلوفينيا"
	},
	"SG": {
		"name": "سنغافورة"
	},
	"SZ": {
		"name": "سوازيلاند"
	},
	"SY": {
		"name": "سوريا"
	},
	"SR": {
		"name": "سورينام"
	},
	"CH": {
		"name": "سويسرا"
	},
	"SL": {
		"name": "سيراليون"
	},
	"SC": {
		"name": "سيشل"
	},
	"SX": {
		"name": "سينت مارتن"
	},
	"RS": {
		"name": "صربيا"
	},
	"TJ": {
		"name": "طاجيكستان"
	},
	"OM": {
		"name": "عُمان"
	},
	"GM": {
		"name": "غامبيا"
	},
	"GH": {
		"name": "غانا"
	},
	"GD": {
		"name": "غرينادا"
	},
	"GL": {
		"name": "غرينلاند"
	},
	"GT": {
		"name": "غواتيمالا"
	},
	"GP": {
		"name": "غوادلوب"
	},
	"GU": {
		"name": "غوام"
	},
	"GF": {
		"name": "غويانا الفرنسية"
	},
	"GY": {
		"name": "غيانا"
	},
	"GG": {
		"name": "غيرنزي"
	},
	"GN": {
		"name": "غينيا"
	},
	"GQ": {
		"name": "غينيا الاستوائية"
	},
	"GW": {
		"name": "غينيا بيساو"
	},
	"VU": {
		"name": "فانواتو"
	},
	"FR": {
		"name": "فرنسا"
	},
	"VE": {
		"name": "فنزويلا"
	},
	"FI": {
		"name": "فنلندا"
	},
	"VN": {
		"name": "فيتنام"
	},
	"FJ": {
		"name": "فيجي"
	},
	"CY": {
		"name": "قبرص"
	},
	"QA": {
		"name": "قطر"
	},
	"KG": {
		"name": "قيرغيزستان"
	},
	"KZ": {
		"name": "كازاخستان"
	},
	"NC": {
		"name": "كاليدونيا الجديدة"
	},
	"HR": {
		"name": "كرواتيا"
	},
	"KH": {
		"name": "كمبوديا"
	},
	"CA": {
		"name": "كندا"
	},
	"CU": {
		"name": "كوبا"
	},
	"CW": {
		"name": "كوراساو"
	},
	"KR": {
		"name": "كوريا الجنوبية"
	},
	"KP": {
		"name": "كوريا الشمالية"
	},
	"CR": {
		"name": "كوستاريكا"
	},
	"XK": {
		"name": "كوسوفو"
	},
	"CO": {
		"name": "كولومبيا"
	},
	"KI": {
		"name": "كيريباتي"
	},
	"KE": {
		"name": "كينيا"
	},
	"LV": {
		"name": "لاتفيا"
	},
	"LA": {
		"name": "لاوس"
	},
	"LB": {
		"name": "لبنان"
	},
	"LU": {
		"name": "لوكسمبورغ"
	},
	"LY": {
		"name": "ليبيا"
	},
	"LR": {
		"name": "ليبيريا"
	},
	"LT": {
		"name": "ليتوانيا"
	},
	"LI": {
		"name": "ليختنشتاين"
	},
	"LS": {
		"name": "ليسوتو"
	},
	"MT": {
		"name": "مالطا"
	},
	"ML": {
		"name": "مالي"
	},
	"MY": {
		"name": "ماليزيا"
	},
	"YT": {
		"name": "مايوت"
	},
	"MG": {
		"name": "مدغشقر"
	},
	"EG": {
		"name": "مصر"
	},
	"MK": {
		"name": "مقدونيا"
	},
	"MO": {
		"name": "مكاو الصينية (منطقة إدارية خاصة)"
	},
	"MW": {
		"name": "ملاوي"
	},
	"MN": {
		"name": "منغوليا"
	},
	"MR": {
		"name": "موريتانيا"
	},
	"MU": {
		"name": "موريشيوس"
	},
	"MZ": {
		"name": "موزمبيق"
	},
	"MD": {
		"name": "مولدوفا"
	},
	"MC": {
		"name": "موناكو"
	},
	"MS": {
		"name": "مونتيسيرات"
	},
	"MM": {
		"name": "ميانمار (بورما)"
	},
	"FM": {
		"name": "ميكرونيزيا"
	},
	"NA": {
		"name": "ناميبيا"
	},
	"NR": {
		"name": "ناورو"
	},
	"NP": {
		"name": "نيبال"
	},
	"NG": {
		"name": "نيجيريا"
	},
	"NI": {
		"name": "نيكاراغوا"
	},
	"NZ": {
		"name": "نيوزيلندا"
	},
	"NU": {
		"name": "نيوي"
	},
	"HT": {
		"name": "هايتي"
	},
	"HN": {
		"name": "هندوراس"
	},
	"HU": {
		"name": "هنغاريا"
	},
	"NL": {
		"name": "هولندا"
	},
	"BQ": {
		"name": "هولندا الكاريبية"
	},
	"HK": {
		"name": "هونغ كونغ الصينية"
	}
}