{
	"AZ": {
		"name": "Adhabajani"
	},
	"ZA": {
		"name": "Afrika Kuthini"
	},
	"AF": {
		"name": "Afuganistani"
	},
	"IS": {
		"name": "Aithlandi"
	},
	"AR": {
		"name": "Ajentina"
	},
	"AX": {
		"name": "Åland Islands"
	},
	"AL": {
		"name": "Albania"
	},
	"DZ": {
		"name": "Aljeria"
	},
	"AD": {
		"name": "Andora"
	},
	"AO": {
		"name": "Angola"
	},
	"AI": {
		"name": "Anguilla"
	},
	"AQ": {
		"name": "Antarctica"
	},
	"AG": {
		"name": "Antigua na Barbuda"
	},
	"AM": {
		"name": "Armenia"
	},
	"AW": {
		"name": "Aruba"
	},
	"AC": {
		"name": "Ascension Island"
	},
	"AU": {
		"name": "Authtralia"
	},
	"AT": {
		"name": "Authtria"
	},
	"IE": {
		"name": "Ayalandi"
	},
	"BB": {
		"name": "Babadothi"
	},
	"BS": {
		"name": "Bahama"
	},
	"BH": {
		"name": "Bahareni"
	},
	"BD": {
		"name": "Bangladeshi"
	},
	"BY": {
		"name": "Belaruthi"
	},
	"BZ": {
		"name": "Belidhe"
	},
	"BJ": {
		"name": "Benini"
	},
	"BM": {
		"name": "Bermuda"
	},
	"BO": {
		"name": "Bolivia"
	},
	"BA": {
		"name": "Bothnia na Hedhegovina"
	},
	"BW": {
		"name": "Botthwana"
	},
	"BR": {
		"name": "Brazili"
	},
	"BN": {
		"name": "Brunei"
	},
	"BF": {
		"name": "Bukinafatho"
	},
	"MG": {
		"name": "Bukini"
	},
	"BG": {
		"name": "Bulgaria"
	},
	"BI": {
		"name": "Burundi"
	},
	"BT": {
		"name": "Butani"
	},
	"IC": {
		"name": "Canary Islands"
	},
	"BQ": {
		"name": "Caribbean Netherlands"
	},
	"EA": {
		"name": "Ceuta & Melilla"
	},
	"TD": {
		"name": "Chadi"
	},
	"CL": {
		"name": "Chile"
	},
	"CN": {
		"name": "China"
	},
	"CX": {
		"name": "Christmas Island"
	},
	"CC": {
		"name": "Cocos (Keeling) Islands"
	},
	"CW": {
		"name": "Curaçao"
	},
	"DK": {
		"name": "Denmaki"
	},
	"ZM": {
		"name": "Dhambia"
	},
	"ZW": {
		"name": "Dhimbabwe"
	},
	"DG": {
		"name": "Diego Garcia"
	},
	"DM": {
		"name": "Dominika"
	},
	"EC": {
		"name": "Ekwado"
	},
	"SV": {
		"name": "Elsavado"
	},
	"ER": {
		"name": "Eritrea"
	},
	"EE": {
		"name": "Ethtonia"
	},
	"AE": {
		"name": "Falme dha Kiarabu"
	},
	"FO": {
		"name": "Faroe Islands"
	},
	"FJ": {
		"name": "Fiji"
	},
	"PH": {
		"name": "Filipino"
	},
	"TF": {
		"name": "French Southern Territories"
	},
	"GA": {
		"name": "Gaboni"
	},
	"GM": {
		"name": "Gambia"
	},
	"GH": {
		"name": "Ghana"
	},
	"GN": {
		"name": "Gine"
	},
	"GW": {
		"name": "Ginebisau"
	},
	"GQ": {
		"name": "Ginekweta"
	},
	"GD": {
		"name": "Grenada"
	},
	"GL": {
		"name": "Grinlandi"
	},
	"GG": {
		"name": "Guernsey"
	},
	"GY": {
		"name": "Guyana"
	},
	"GP": {
		"name": "Gwadelupe"
	},
	"GU": {
		"name": "Gwam"
	},
	"GT": {
		"name": "Gwatemala"
	},
	"GF": {
		"name": "Gwiyana ya Ufarantha"
	},
	"HT": {
		"name": "Haiti"
	},
	"ES": {
		"name": "Hithpania"
	},
	"HN": {
		"name": "Hondurathi"
	},
	"HK": {
		"name": "Hong Kong SAR China"
	},
	"HU": {
		"name": "Hungaria"
	},
	"IO": {
		"name": "Ieneo la Uingeredha katika Bahari Hindi"
	},
	"IN": {
		"name": "India"
	},
	"ID": {
		"name": "Indonethia"
	},
	"IQ": {
		"name": "Iraki"
	},
	"IM": {
		"name": "Isle of Man"
	},
	"IT": {
		"name": "Italia"
	},
	"IL": {
		"name": "Ithraeli"
	},
	"JM": {
		"name": "Jamaika"
	},
	"CF": {
		"name": "Jamhuri ya Afrika ya Kati"
	},
	"CZ": {
		"name": "Jamhuri ya Cheki"
	},
	"DO": {
		"name": "Jamhuri ya Dominika"
	},
	"CD": {
		"name": "Jamhuri ya Kidemokrathia ya Kongo"
	},
	"JP": {
		"name": "Japani"
	},
	"JE": {
		"name": "Jersey"
	},
	"GI": {
		"name": "Jibralta"
	},
	"DJ": {
		"name": "Jibuti"
	},
	"GE": {
		"name": "Jojia"
	},
	"KH": {
		"name": "Kambodia"
	},
	"CM": {
		"name": "Kameruni"
	},
	"CA": {
		"name": "Kanada"
	},
	"QA": {
		"name": "Katari"
	},
	"KZ": {
		"name": "Kazakithtani"
	},
	"KE": {
		"name": "Kenya"
	},
	"CV": {
		"name": "Kepuvede"
	},
	"KI": {
		"name": "Kiribati"
	},
	"KG": {
		"name": "Kirigizithtani"
	},
	"NF": {
		"name": "Kithiwa cha Norfok"
	},
	"CI": {
		"name": "Kodivaa"
	},
	"CO": {
		"name": "Kolombia"
	},
	"KM": {
		"name": "Komoro"
	},
	"CG": {
		"name": "Kongo"
	},
	"HR": {
		"name": "Korathia"
	},
	"KP": {
		"name": "Korea Kathkazini"
	},
	"KR": {
		"name": "Korea Kuthini"
	},
	"XK": {
		"name": "Kosovo"
	},
	"CR": {
		"name": "Kothtarika"
	},
	"CU": {
		"name": "Kuba"
	},
	"CY": {
		"name": "Kuprothi"
	},
	"KW": {
		"name": "Kuwaiti"
	},
	"LA": {
		"name": "Laothi"
	},
	"LU": {
		"name": "Lathembagi"
	},
	"LV": {
		"name": "Lativia"
	},
	"LB": {
		"name": "Lebanoni"
	},
	"LS": {
		"name": "Lethoto"
	},
	"LR": {
		"name": "Liberia"
	},
	"LY": {
		"name": "Libya"
	},
	"LI": {
		"name": "Lishenteni"
	},
	"LT": {
		"name": "Litwania"
	},
	"MO": {
		"name": "Macau SAR China"
	},
	"MW": {
		"name": "Malawi"
	},
	"MY": {
		"name": "Malethia"
	},
	"ML": {
		"name": "Mali"
	},
	"MT": {
		"name": "Malta"
	},
	"US": {
		"name": "Marekani"
	},
	"MQ": {
		"name": "Martiniki"
	},
	"MK": {
		"name": "Mathedonia"
	},
	"YT": {
		"name": "Mayotte"
	},
	"MX": {
		"name": "Mekthiko"
	},
	"FM": {
		"name": "Mikronethia"
	},
	"EG": {
		"name": "Mithri"
	},
	"MV": {
		"name": "Modivu"
	},
	"MD": {
		"name": "Moldova"
	},
	"MC": {
		"name": "Monako"
	},
	"MN": {
		"name": "Mongolia"
	},
	"ME": {
		"name": "Montenegro"
	},
	"MS": {
		"name": "Monttherrati"
	},
	"MR": {
		"name": "Moritania"
	},
	"MU": {
		"name": "Morithi"
	},
	"MA": {
		"name": "Moroko"
	},
	"MZ": {
		"name": "Mthumbiji"
	},
	"MM": {
		"name": "Myama"
	},
	"NA": {
		"name": "Namibia"
	},
	"NR": {
		"name": "Nauru"
	},
	"NP": {
		"name": "Nepali"
	},
	"NE": {
		"name": "Nijeri"
	},
	"NG": {
		"name": "Nijeria"
	},
	"NI": {
		"name": "Nikaragwa"
	},
	"NU": {
		"name": "Niue"
	},
	"NO": {
		"name": "Norwe"
	},
	"NZ": {
		"name": "Nyudhilandi"
	},
	"NC": {
		"name": "Nyukaledonia"
	},
	"OM": {
		"name": "Omani"
	},
	"PK": {
		"name": "Pakithtani"
	},
	"PW": {
		"name": "Palau"
	},
	"PS": {
		"name": "Palestina"
	},
	"PA": {
		"name": "Panama"
	},
	"PG": {
		"name": "Papua"
	},
	"PY": {
		"name": "Paragwai"
	},
	"PE": {
		"name": "Peru"
	},
	"PN": {
		"name": "Pitkairni"
	},
	"PL": {
		"name": "Polandi"
	},
	"PF": {
		"name": "Polinesia ya Ufarantha"
	},
	"PR": {
		"name": "Pwetoriko"
	},
	"RE": {
		"name": "Riyunioni"
	},
	"RO": {
		"name": "Romania"
	},
	"RW": {
		"name": "Rwanda"
	},
	"RS": {
		"name": "Serbia"
	},
	"SC": {
		"name": "Shelisheli"
	},
	"SX": {
		"name": "Sint Maarten"
	},
	"GS": {
		"name": "South Georgia & South Sandwich Islands"
	},
	"SS": {
		"name": "South Sudan"
	},
	"BL": {
		"name": "St. Barthélemy"
	},
	"MF": {
		"name": "St. Martin"
	},
	"SJ": {
		"name": "Svalbard & Jan Mayen"
	},
	"TZ": {
		"name": "Tadhania"
	},
	"TH": {
		"name": "Tailandi"
	},
	"TW": {
		"name": "Taiwani"
	},
	"TJ": {
		"name": "Tajikithtani"
	},
	"SM": {
		"name": "Thamarino"
	},
	"WS": {
		"name": "Thamoa"
	},
	"AS": {
		"name": "Thamoa ya Marekani"
	},
	"SH": {
		"name": "Thantahelena"
	},
	"KN": {
		"name": "Thantakitdhi na Nevith"
	},
	"LC": {
		"name": "Thantaluthia"
	},
	"PM": {
		"name": "Thantapieri na Mikeloni"
	},
	"VC": {
		"name": "Thantavithenti na Grenadini"
	},
	"ST": {
		"name": "Thao Tome na Principe"
	},
	"SA": {
		"name": "Thaudi"
	},
	"SN": {
		"name": "Thenegali"
	},
	"SL": {
		"name": "Thiera Leoni"
	},
	"SG": {
		"name": "Thingapoo"
	},
	"SY": {
		"name": "Thiria"
	},
	"LK": {
		"name": "Thirilanka"
	},
	"SI": {
		"name": "Thlovenia"
	},
	"SK": {
		"name": "Tholvakia"
	},
	"SO": {
		"name": "Thomalia"
	},
	"SD": {
		"name": "Thudani"
	},
	"SR": {
		"name": "Thurinamu"
	},
	"TL": {
		"name": "Timori ya Mashariki"
	},
	"TG": {
		"name": "Togo"
	},
	"TK": {
		"name": "Tokelau"
	},
	"TO": {
		"name": "Tonga"
	},
	"TT": {
		"name": "Trinidad na Tobago"
	},
	"TA": {
		"name": "Tristan da Cunha"
	},
	"TN": {
		"name": "Tunithia"
	},
	"TM": {
		"name": "Turukimenithtani"
	},
	"TV": {
		"name": "Tuvalu"
	},
	"UM": {
		"name": "U.S. Outlying Islands"
	},
	"IR": {
		"name": "Uajemi"
	},
	"BE": {
		"name": "Ubelgiji"
	},
	"UZ": {
		"name": "Udhibekithtani"
	},
	"FR": {
		"name": "Ufarantha"
	},
	"FI": {
		"name": "Ufini"
	},
	"UG": {
		"name": "Uganda"
	},
	"GR": {
		"name": "Ugiriki"
	},
	"ET": {
		"name": "Uhabeshi"
	},
	"NL": {
		"name": "Uholandhi"
	},
	"GB": {
		"name": "Uingeredha"
	},
	"DE": {
		"name": "Ujerumani"
	},
	"UA": {
		"name": "Ukraine"
	},
	"PT": {
		"name": "Ureno"
	},
	"UY": {
		"name": "Urugwai"
	},
	"RU": {
		"name": "Uruthi"
	},
	"SZ": {
		"name": "Uthwadhi"
	},
	"SE": {
		"name": "Uthwidi"
	},
	"CH": {
		"name": "Uthwithi"
	},
	"TR": {
		"name": "Uturuki"
	},
	"VU": {
		"name": "Vanuatu"
	},
	"VA": {
		"name": "Vatikani"
	},
	"VE": {
		"name": "Venezuela"
	},
	"VN": {
		"name": "Vietinamu"
	},
	"CK": {
		"name": "Vithiwa vya Cook"
	},
	"FK": {
		"name": "Vithiwa vya Falkland"
	},
	"KY": {
		"name": "Vithiwa vya Kayman"
	},
	"MP": {
		"name": "Vithiwa vya Mariana vya Kathkazini"
	},
	"MH": {
		"name": "Vithiwa vya Marshal"
	},
	"SB": {
		"name": "Vithiwa vya Tholomon"
	},
	"TC": {
		"name": "Vithiwa vya Turki na Kaiko"
	},
	"VI": {
		"name": "Vithiwa vya Virgin vya Marekani"
	},
	"VG": {
		"name": "Vithiwa vya Virgin vya Uingeredha"
	},
	"WF": {
		"name": "Walith na Futuna"
	},
	"EH": {
		"name": "Western Sahara"
	},
	"YE": {
		"name": "Yemeni"
	},
	"JO": {
		"name": "Yordani"
	}
}