{
	"AF": {
		"name": "Afganistán"
	},
	"AL": {
		"name": "Albania"
	},
	"DE": {
		"name": "Alemaña"
	},
	"AD": {
		"name": "Andorra"
	},
	"AO": {
		"name": "Angola"
	},
	"AI": {
		"name": "Anguila"
	},
	"AG": {
		"name": "Antigua y Barbuda"
	},
	"SA": {
		"name": "Arabia Saudita"
	},
	"HK": {
		"name": "ARE China de Ḥong Kong"
	},
	"MO": {
		"name": "ARE China de Macáu"
	},
	"AM": {
		"name": "Armenia"
	},
	"AW": {
		"name": "Aruba"
	},
	"DZ": {
		"name": "Arxelia"
	},
	"AR": {
		"name": "Arxentina"
	},
	"AU": {
		"name": "Australia"
	},
	"AT": {
		"name": "Austria"
	},
	"AZ": {
		"name": "Azerbaixán"
	},
	"BH": {
		"name": "Baḥréin"
	},
	"BD": {
		"name": "Bangladex"
	},
	"BB": {
		"name": "Barbados"
	},
	"BZ": {
		"name": "Belize"
	},
	"BE": {
		"name": "Bélxica"
	},
	"BJ": {
		"name": "Benín"
	},
	"BY": {
		"name": "Bielorrusia"
	},
	"BO": {
		"name": "Bolivia"
	},
	"BA": {
		"name": "Bosnia y Herzegovina"
	},
	"BW": {
		"name": "Botsuana"
	},
	"BR": {
		"name": "Brasil"
	},
	"BN": {
		"name": "Brunéi"
	},
	"BG": {
		"name": "Bulgaria"
	},
	"BF": {
		"name": "Burkina Fasu"
	},
	"BI": {
		"name": "Burundi"
	},
	"BT": {
		"name": "Bután"
	},
	"CV": {
		"name": "Cabu Verde"
	},
	"KH": {
		"name": "Camboya"
	},
	"CM": {
		"name": "Camerún"
	},
	"CA": {
		"name": "Canadá"
	},
	"BQ": {
		"name": "Caribe neerlandés"
	},
	"EA": {
		"name": "Ceuta y Melilla"
	},
	"TD": {
		"name": "Chad"
	},
	"CZ": {
		"name": "Chequia"
	},
	"CL": {
		"name": "Chile"
	},
	"CN": {
		"name": "China"
	},
	"VA": {
		"name": "Ciudá del Vaticanu"
	},
	"CO": {
		"name": "Colombia"
	},
	"CG": {
		"name": "Congu - Brazzaville"
	},
	"CD": {
		"name": "Congu - Kinxasa"
	},
	"KP": {
		"name": "Corea del Norte"
	},
	"KR": {
		"name": "Corea del Sur"
	},
	"CI": {
		"name": "Costa de Marfil"
	},
	"CR": {
		"name": "Costa Rica"
	},
	"HR": {
		"name": "Croacia"
	},
	"CU": {
		"name": "Cuba"
	},
	"CW": {
		"name": "Curaçao"
	},
	"DG": {
		"name": "Diego Garcia"
	},
	"DK": {
		"name": "Dinamarca"
	},
	"DM": {
		"name": "Dominica"
	},
	"EC": {
		"name": "Ecuador"
	},
	"NE": {
		"name": "El Níxer"
	},
	"SV": {
		"name": "El Salvador"
	},
	"AE": {
		"name": "Emiratos Árabes Xuníos"
	},
	"ER": {
		"name": "Eritrea"
	},
	"SK": {
		"name": "Eslovaquia"
	},
	"SI": {
		"name": "Eslovenia"
	},
	"ES": {
		"name": "España"
	},
	"US": {
		"name": "Estaos Xuníos"
	},
	"EE": {
		"name": "Estonia"
	},
	"ET": {
		"name": "Etiopía"
	},
	"EG": {
		"name": "Exiptu"
	},
	"FK": {
		"name": "Falkland Islands"
	},
	"PH": {
		"name": "Filipines"
	},
	"FI": {
		"name": "Finlandia"
	},
	"FR": {
		"name": "Francia"
	},
	"GA": {
		"name": "Gabón"
	},
	"GM": {
		"name": "Gambia"
	},
	"GH": {
		"name": "Ghana"
	},
	"GD": {
		"name": "Granada"
	},
	"GR": {
		"name": "Grecia"
	},
	"GL": {
		"name": "Groenlandia"
	},
	"GP": {
		"name": "Guadalupe"
	},
	"GU": {
		"name": "Guam"
	},
	"GT": {
		"name": "Guatemala"
	},
	"GG": {
		"name": "Guernsey"
	},
	"GN": {
		"name": "Guinea"
	},
	"GQ": {
		"name": "Guinea Ecuatorial"
	},
	"GW": {
		"name": "Guinea-Bisáu"
	},
	"GY": {
		"name": "Guyana"
	},
	"GF": {
		"name": "Guyana Francesa"
	},
	"HT": {
		"name": "Haití"
	},
	"HN": {
		"name": "Hondures"
	},
	"HU": {
		"name": "Hungría"
	},
	"IN": {
		"name": "India"
	},
	"ID": {
		"name": "Indonesia"
	},
	"IR": {
		"name": "Irán"
	},
	"IQ": {
		"name": "Iraq"
	},
	"IE": {
		"name": "Irlanda"
	},
	"IS": {
		"name": "Islandia"
	},
	"AC": {
		"name": "Islla Ascensión"
	},
	"CX": {
		"name": "Islla Christmas"
	},
	"IM": {
		"name": "Islla de Man"
	},
	"NF": {
		"name": "Islla Norfolk"
	},
	"AX": {
		"name": "Islles Aland"
	},
	"KY": {
		"name": "Islles Caimán"
	},
	"IC": {
		"name": "Islles Canaries"
	},
	"CC": {
		"name": "Islles Cocos (Keeling)"
	},
	"CK": {
		"name": "Islles Cook"
	},
	"FO": {
		"name": "Islles Feroe"
	},
	"FJ": {
		"name": "Islles Fixi"
	},
	"MP": {
		"name": "Islles Marianes del Norte"
	},
	"MH": {
		"name": "Islles Marshall"
	},
	"UM": {
		"name": "Islles Perifériques Menores de los EE.XX."
	},
	"PN": {
		"name": "Islles Pitcairn"
	},
	"SB": {
		"name": "Islles Salomón"
	},
	"TC": {
		"name": "Islles Turques y Caicos"
	},
	"VI": {
		"name": "Islles Vírxenes Americanes"
	},
	"VG": {
		"name": "Islles Vírxenes Britániques"
	},
	"GS": {
		"name": "Islles Xeorxa del Sur y Sandwich del Sur"
	},
	"IL": {
		"name": "Israel"
	},
	"IT": {
		"name": "Italia"
	},
	"JE": {
		"name": "Jersey"
	},
	"KZ": {
		"name": "Kazakstán"
	},
	"KE": {
		"name": "Kenia"
	},
	"KG": {
		"name": "Kirguistán"
	},
	"KI": {
		"name": "Kiribati"
	},
	"XK": {
		"name": "Kosovu"
	},
	"KW": {
		"name": "Kuwait"
	},
	"AQ": {
		"name": "L’Antártida"
	},
	"MQ": {
		"name": "La Martinica"
	},
	"LA": {
		"name": "Laos"
	},
	"BS": {
		"name": "Les Bahames"
	},
	"BM": {
		"name": "Les Bermudes"
	},
	"KM": {
		"name": "Les Comores"
	},
	"MV": {
		"name": "Les Maldives"
	},
	"SC": {
		"name": "Les Seixeles"
	},
	"LS": {
		"name": "Lesothu"
	},
	"LV": {
		"name": "Letonia"
	},
	"LB": {
		"name": "Líbanu"
	},
	"LR": {
		"name": "Liberia"
	},
	"LY": {
		"name": "Libia"
	},
	"LI": {
		"name": "Liechtenstein"
	},
	"LT": {
		"name": "Lituania"
	},
	"LU": {
		"name": "Luxemburgu"
	},
	"MK": {
		"name": "Macedonia"
	},
	"MG": {
		"name": "Madagascar"
	},
	"MY": {
		"name": "Malasia"
	},
	"MW": {
		"name": "Malaui"
	},
	"ML": {
		"name": "Malí"
	},
	"MT": {
		"name": "Malta"
	},
	"MA": {
		"name": "Marruecos"
	},
	"MU": {
		"name": "Mauriciu"
	},
	"MR": {
		"name": "Mauritania"
	},
	"YT": {
		"name": "Mayotte"
	},
	"MX": {
		"name": "Méxicu"
	},
	"FM": {
		"name": "Micronesia"
	},
	"MD": {
		"name": "Moldavia"
	},
	"MC": {
		"name": "Mónacu"
	},
	"MN": {
		"name": "Mongolia"
	},
	"ME": {
		"name": "Montenegru"
	},
	"MS": {
		"name": "Montserrat"
	},
	"MZ": {
		"name": "Mozambique"
	},
	"MM": {
		"name": "Myanmar (Birmania)"
	},
	"NA": {
		"name": "Namibia"
	},
	"NR": {
		"name": "Nauru"
	},
	"NP": {
		"name": "Nepal"
	},
	"NI": {
		"name": "Nicaragua"
	},
	"NU": {
		"name": "Niue"
	},
	"NG": {
		"name": "Nixeria"
	},
	"NO": {
		"name": "Noruega"
	},
	"NC": {
		"name": "Nueva Caledonia"
	},
	"NZ": {
		"name": "Nueva Zelanda"
	},
	"OM": {
		"name": "Omán"
	},
	"NL": {
		"name": "Países Baxos"
	},
	"PW": {
		"name": "Paláu"
	},
	"PA": {
		"name": "Panamá"
	},
	"PG": {
		"name": "Papúa Nueva Guinea"
	},
	"PK": {
		"name": "Paquistán"
	},
	"PY": {
		"name": "Paraguái"
	},
	"PE": {
		"name": "Perú"
	},
	"PF": {
		"name": "Polinesia Francesa"
	},
	"PL": {
		"name": "Polonia"
	},
	"PT": {
		"name": "Portugal"
	},
	"PR": {
		"name": "Puertu Ricu"
	},
	"QA": {
		"name": "Qatar"
	},
	"GB": {
		"name": "Reinu Xuníu"
	},
	"CF": {
		"name": "República Centroafricana"
	},
	"DO": {
		"name": "República Dominicana"
	},
	"RE": {
		"name": "Reunión"
	},
	"RW": {
		"name": "Ruanda"
	},
	"RO": {
		"name": "Rumanía"
	},
	"RU": {
		"name": "Rusia"
	},
	"EH": {
		"name": "Sáḥara Occidental"
	},
	"KN": {
		"name": "Saint Kitts y Nevis"
	},
	"MF": {
		"name": "Saint Martin"
	},
	"PM": {
		"name": "Saint Pierre y Miquelon"
	},
	"WS": {
		"name": "Samoa"
	},
	"AS": {
		"name": "Samoa Americana"
	},
	"BL": {
		"name": "San Bartolomé"
	},
	"SM": {
		"name": "San Marín"
	},
	"VC": {
		"name": "San Vicente y Granadines"
	},
	"SH": {
		"name": "Santa Helena"
	},
	"LC": {
		"name": "Santa Llucía"
	},
	"ST": {
		"name": "Santu Tomé y Príncipe"
	},
	"SN": {
		"name": "Senegal"
	},
	"RS": {
		"name": "Serbia"
	},
	"SL": {
		"name": "Sierra Lleona"
	},
	"SG": {
		"name": "Singapur"
	},
	"SX": {
		"name": "Sint Maarten"
	},
	"SY": {
		"name": "Siria"
	},
	"SO": {
		"name": "Somalia"
	},
	"LK": {
		"name": "Sri Lanka"
	},
	"SZ": {
		"name": "Suazilandia"
	},
	"ZA": {
		"name": "Sudáfrica"
	},
	"SD": {
		"name": "Sudán"
	},
	"SS": {
		"name": "Sudán del Sur"
	},
	"SE": {
		"name": "Suecia"
	},
	"CH": {
		"name": "Suiza"
	},
	"SR": {
		"name": "Surinam"
	},
	"SJ": {
		"name": "Svalbard ya Islla Jan Mayen"
	},
	"TH": {
		"name": "Tailandia"
	},
	"TW": {
		"name": "Taiwán"
	},
	"TZ": {
		"name": "Tanzania"
	},
	"TJ": {
		"name": "Taxiquistán"
	},
	"PS": {
		"name": "Territorios Palestinos"
	},
	"IO": {
		"name": "Territoriu Británicu del Océanu Índicu"
	},
	"TF": {
		"name": "Tierres Australes Franceses"
	},
	"TL": {
		"name": "Timor Oriental"
	},
	"TG": {
		"name": "Togu"
	},
	"TK": {
		"name": "Tokeláu"
	},
	"TO": {
		"name": "Tonga"
	},
	"TT": {
		"name": "Trinidá y Tobagu"
	},
	"TA": {
		"name": "Tristán da Cunha"
	},
	"TN": {
		"name": "Tunicia"
	},
	"TM": {
		"name": "Turkmenistán"
	},
	"TR": {
		"name": "Turquía"
	},
	"TV": {
		"name": "Tuvalu"
	},
	"UA": {
		"name": "Ucraína"
	},
	"UG": {
		"name": "Uganda"
	},
	"UY": {
		"name": "Uruguái"
	},
	"UZ": {
		"name": "Uzbequistán"
	},
	"VU": {
		"name": "Vanuatu"
	},
	"VE": {
		"name": "Venezuela"
	},
	"VN": {
		"name": "Vietnam"
	},
	"WF": {
		"name": "Wallis y Futuna"
	},
	"JM": {
		"name": "Xamaica"
	},
	"JP": {
		"name": "Xapón"
	},
	"GE": {
		"name": "Xeorxa"
	},
	"GI": {
		"name": "Xibraltar"
	},
	"DJ": {
		"name": "Xibuti"
	},
	"CY": {
		"name": "Xipre"
	},
	"JO": {
		"name": "Xordania"
	},
	"YE": {
		"name": "Yemen"
	},
	"ZM": {
		"name": "Zambia"
	},
	"ZW": {
		"name": "Zimbabue"
	}
}