{
	"BQ": {
		"name": "Caribbean Netherlands"
	},
	"CI": {
		"name": "Kотд’ивуар"
	},
	"MK": {
		"name": "Macedonia"
	},
	"PS": {
		"name": "Palestinian Territories"
	},
	"EH": {
		"name": "Western Sahara"
	},
	"VI": {
		"name": "АБШ Вирҝин адалары"
	},
	"UM": {
		"name": "АБШ-а бағлы кичик адаҹыглар"
	},
	"AU": {
		"name": "Австралија"
	},
	"AT": {
		"name": "Австрија"
	},
	"AZ": {
		"name": "Азәрбајҹан"
	},
	"AX": {
		"name": "Аланд адалары"
	},
	"AL": {
		"name": "Албанија"
	},
	"DE": {
		"name": "Алманија"
	},
	"US": {
		"name": "Америка Бирләшмиш Штатлары"
	},
	"AS": {
		"name": "Америка Самоасы"
	},
	"AO": {
		"name": "Ангола"
	},
	"AD": {
		"name": "Андорра"
	},
	"AI": {
		"name": "Анҝилја"
	},
	"AQ": {
		"name": "Антарктика"
	},
	"AG": {
		"name": "Антигуа вә Барбуда"
	},
	"AR": {
		"name": "Арҝентина"
	},
	"AW": {
		"name": "Аруба"
	},
	"AC": {
		"name": "Аскенсон адасы"
	},
	"DZ": {
		"name": "Әлҹәзаир"
	},
	"AF": {
		"name": "Әфганыстан"
	},
	"BD": {
		"name": "Бангладеш"
	},
	"BB": {
		"name": "Барбадос"
	},
	"BS": {
		"name": "Баһам адалары"
	},
	"BH": {
		"name": "Бәһрејн"
	},
	"BY": {
		"name": "Беларус"
	},
	"BZ": {
		"name": "Белиз"
	},
	"BE": {
		"name": "Белчика"
	},
	"BJ": {
		"name": "Бенин"
	},
	"BM": {
		"name": "Бермуд адалары"
	},
	"AE": {
		"name": "Бирләшмиш Әрәб Әмирликләри"
	},
	"GB": {
		"name": "Бирләшмиш Краллыг"
	},
	"BG": {
		"name": "Болгарыстан"
	},
	"BO": {
		"name": "Боливија"
	},
	"BA": {
		"name": "Боснија вә Һерсеговина"
	},
	"BW": {
		"name": "Ботсвана"
	},
	"BR": {
		"name": "Бразилија"
	},
	"VG": {
		"name": "Британијанын Вирҝин адалары"
	},
	"IO": {
		"name": "Британтјанын Һинд Океаны Әразиси"
	},
	"BN": {
		"name": "Брунеј"
	},
	"BF": {
		"name": "Буркина Фасо"
	},
	"BI": {
		"name": "Бурунди"
	},
	"BT": {
		"name": "Бутан"
	},
	"VU": {
		"name": "Вануату"
	},
	"VA": {
		"name": "Ватикан"
	},
	"VE": {
		"name": "Венесуела"
	},
	"VN": {
		"name": "Вјетнам"
	},
	"GA": {
		"name": "Габон"
	},
	"KZ": {
		"name": "Газахыстан"
	},
	"GY": {
		"name": "Гајана"
	},
	"GM": {
		"name": "Гамбија"
	},
	"GH": {
		"name": "Гана"
	},
	"QA": {
		"name": "Гәтәр"
	},
	"GP": {
		"name": "Гваделупа"
	},
	"GT": {
		"name": "Гватемала"
	},
	"GN": {
		"name": "Гвинеја"
	},
	"GW": {
		"name": "Гвинеја-Бисау"
	},
	"GD": {
		"name": "Гренада"
	},
	"GL": {
		"name": "Гренландија"
	},
	"GU": {
		"name": "Гуам"
	},
	"KG": {
		"name": "Гырғызыстан"
	},
	"DK": {
		"name": "Данимарка"
	},
	"DG": {
		"name": "Диего Гарсија"
	},
	"DM": {
		"name": "Доминика"
	},
	"DO": {
		"name": "Доминикан Республикасы"
	},
	"EC": {
		"name": "Еквадор"
	},
	"GQ": {
		"name": "Екваториал Гвинеја"
	},
	"ER": {
		"name": "Еритреја"
	},
	"AM": {
		"name": "Ермәнистан"
	},
	"EE": {
		"name": "Естонија"
	},
	"ET": {
		"name": "Ефиопија"
	},
	"ZM": {
		"name": "Замбија"
	},
	"ZW": {
		"name": "Зимбабве"
	},
	"ID": {
		"name": "Индонезија"
	},
	"JO": {
		"name": "Иорданија"
	},
	"IQ": {
		"name": "Ираг"
	},
	"IR": {
		"name": "Иран"
	},
	"IE": {
		"name": "Ирландија"
	},
	"SE": {
		"name": "Исвеч"
	},
	"CH": {
		"name": "Исвечрә"
	},
	"IS": {
		"name": "Исландија"
	},
	"ES": {
		"name": "Испанија"
	},
	"IL": {
		"name": "Исраил"
	},
	"IT": {
		"name": "Италија"
	},
	"JM": {
		"name": "Јамајка"
	},
	"JP": {
		"name": "Јапонија"
	},
	"YE": {
		"name": "Јәмән"
	},
	"NZ": {
		"name": "Јени Зеландија"
	},
	"NC": {
		"name": "Јени Каледонија"
	},
	"GR": {
		"name": "Јунаныстан"
	},
	"CV": {
		"name": "Кабо-Верде"
	},
	"KY": {
		"name": "Кајман адалары"
	},
	"KH": {
		"name": "Камбоҹа"
	},
	"CM": {
		"name": "Камерун"
	},
	"CA": {
		"name": "Канада"
	},
	"IC": {
		"name": "Канар адалары"
	},
	"KE": {
		"name": "Кенија"
	},
	"CY": {
		"name": "Кипр"
	},
	"KI": {
		"name": "Кирибати"
	},
	"CC": {
		"name": "Кокос (Килинг) адалары"
	},
	"CO": {
		"name": "Колумбија"
	},
	"KM": {
		"name": "Комор адалары"
	},
	"CG": {
		"name": "Конго-Браззавил"
	},
	"CD": {
		"name": "Конго-Киншаса"
	},
	"XK": {
		"name": "Косово"
	},
	"CR": {
		"name": "Коста Рика"
	},
	"CU": {
		"name": "Куба"
	},
	"CK": {
		"name": "Кук адалары"
	},
	"CW": {
		"name": "Курасао"
	},
	"KW": {
		"name": "Күвејт"
	},
	"GG": {
		"name": "Ҝернси"
	},
	"GE": {
		"name": "Ҝүрҹүстан"
	},
	"LA": {
		"name": "Лаос"
	},
	"LV": {
		"name": "Латвија"
	},
	"LS": {
		"name": "Лесото"
	},
	"LR": {
		"name": "Либерија"
	},
	"LB": {
		"name": "Ливан"
	},
	"LY": {
		"name": "Ливија"
	},
	"LT": {
		"name": "Литва"
	},
	"LI": {
		"name": "Лихтенштејн"
	},
	"LU": {
		"name": "Лүксембург"
	},
	"MU": {
		"name": "Маврики"
	},
	"MR": {
		"name": "Мавританија"
	},
	"MG": {
		"name": "Мадагаскар"
	},
	"YT": {
		"name": "Мајот"
	},
	"MO": {
		"name": "Макао Хүсуси Инзибати Әрази Чин"
	},
	"MW": {
		"name": "Малави"
	},
	"MY": {
		"name": "Малајзија"
	},
	"MV": {
		"name": "Малдив адалары"
	},
	"ML": {
		"name": "Мали"
	},
	"MT": {
		"name": "Малта"
	},
	"MQ": {
		"name": "Мартиник"
	},
	"MH": {
		"name": "Маршал адалары"
	},
	"HU": {
		"name": "Маҹарыстан"
	},
	"MA": {
		"name": "Мәракеш"
	},
	"CF": {
		"name": "Мәркәзи Африка Республикасы"
	},
	"MX": {
		"name": "Мексика"
	},
	"IM": {
		"name": "Мен адасы"
	},
	"FM": {
		"name": "Микронезија"
	},
	"CX": {
		"name": "Милад адасы"
	},
	"EG": {
		"name": "Мисир"
	},
	"MM": {
		"name": "Мјанма"
	},
	"MZ": {
		"name": "Мозамбик"
	},
	"MD": {
		"name": "Молдова"
	},
	"MC": {
		"name": "Монако"
	},
	"MN": {
		"name": "Монголустан"
	},
	"MS": {
		"name": "Монсерат"
	},
	"ME": {
		"name": "Монтенегро"
	},
	"SH": {
		"name": "Мүгәддәс Јелена"
	},
	"PM": {
		"name": "Мүгәддәс Пјер вә Микелон"
	},
	"NA": {
		"name": "Намибија"
	},
	"NR": {
		"name": "Науру"
	},
	"NP": {
		"name": "Непал"
	},
	"NL": {
		"name": "Нидерланд"
	},
	"NI": {
		"name": "Никарагуа"
	},
	"NE": {
		"name": "Ниҝер"
	},
	"NG": {
		"name": "Ниҝерија"
	},
	"NU": {
		"name": "Ниуе"
	},
	"NO": {
		"name": "Норвеч"
	},
	"NF": {
		"name": "Норфолк адасы"
	},
	"OM": {
		"name": "Оман"
	},
	"UZ": {
		"name": "Өзбәкистан"
	},
	"PK": {
		"name": "Пакистан"
	},
	"PW": {
		"name": "Палау"
	},
	"PA": {
		"name": "Панама"
	},
	"PG": {
		"name": "Папуа-Јени Гвинеја"
	},
	"PY": {
		"name": "Парагвај"
	},
	"PE": {
		"name": "Перу"
	},
	"PN": {
		"name": "Питкерн адалары"
	},
	"PL": {
		"name": "Полша"
	},
	"PT": {
		"name": "Португалија"
	},
	"PR": {
		"name": "Пуерто Рико"
	},
	"RE": {
		"name": "Рејунјон"
	},
	"RW": {
		"name": "Руанда"
	},
	"RO": {
		"name": "Румынија"
	},
	"RU": {
		"name": "Русија"
	},
	"SV": {
		"name": "Салвадор"
	},
	"WS": {
		"name": "Самоа"
	},
	"SM": {
		"name": "Сан-Марино"
	},
	"ST": {
		"name": "Сан-Томе вә Принсипи"
	},
	"SA": {
		"name": "Сәудијјә Әрәбистаны"
	},
	"SZ": {
		"name": "Свазиленд"
	},
	"SJ": {
		"name": "Свалбард вә Јан-Мајен"
	},
	"SC": {
		"name": "Сејшел адалары"
	},
	"SN": {
		"name": "Сенегал"
	},
	"MF": {
		"name": "Сент Мартин"
	},
	"BL": {
		"name": "Сент-Бартелеми"
	},
	"VC": {
		"name": "Сент-Винсент вә Гренадинләр"
	},
	"KN": {
		"name": "Сент-Китс вә Невис"
	},
	"LC": {
		"name": "Сент-Лусија"
	},
	"RS": {
		"name": "Сербија"
	},
	"EA": {
		"name": "Сеута вә Мелилја"
	},
	"SG": {
		"name": "Сингапур"
	},
	"SX": {
		"name": "Синт-Мартен"
	},
	"SL": {
		"name": "Сјерра-Леоне"
	},
	"SK": {
		"name": "Словакија"
	},
	"SI": {
		"name": "Словенија"
	},
	"SB": {
		"name": "Соломон адалары"
	},
	"SO": {
		"name": "Сомали"
	},
	"SD": {
		"name": "Судан"
	},
	"SY": {
		"name": "Сурија"
	},
	"SR": {
		"name": "Суринам"
	},
	"TH": {
		"name": "Таиланд"
	},
	"TW": {
		"name": "Тајван"
	},
	"TZ": {
		"name": "Танзанија"
	},
	"TJ": {
		"name": "Таҹикистан"
	},
	"TG": {
		"name": "Того"
	},
	"TK": {
		"name": "Токелау"
	},
	"TO": {
		"name": "Тонга"
	},
	"TC": {
		"name": "Төркс вә Кајкос адалары"
	},
	"TT": {
		"name": "Тринидад вә Тобаго"
	},
	"TA": {
		"name": "Тристан да Кунја"
	},
	"TV": {
		"name": "Тувалу"
	},
	"TN": {
		"name": "Тунис"
	},
	"TR": {
		"name": "Түркијә"
	},
	"TM": {
		"name": "Түркмәнистан"
	},
	"UG": {
		"name": "Уганда"
	},
	"UA": {
		"name": "Украјна"
	},
	"WF": {
		"name": "Уоллис вә Футуна"
	},
	"UY": {
		"name": "Уругвај"
	},
	"FO": {
		"name": "Фарер адалары"
	},
	"PH": {
		"name": "Филиппин"
	},
	"FI": {
		"name": "Финландија"
	},
	"FJ": {
		"name": "Фиҹи"
	},
	"FK": {
		"name": "Фолкленд адалары"
	},
	"FR": {
		"name": "Франса"
	},
	"GF": {
		"name": "Франса Гвианасы"
	},
	"PF": {
		"name": "Франса Полинезијасы"
	},
	"TF": {
		"name": "Франсанын Ҹәнуб Әразиләри"
	},
	"HR": {
		"name": "Хорватија"
	},
	"HT": {
		"name": "Һаити"
	},
	"IN": {
		"name": "Һиндистан"
	},
	"HN": {
		"name": "Һондурас"
	},
	"HK": {
		"name": "Һонк Конг Хүсуси Инзибати Әрази Чин"
	},
	"TD": {
		"name": "Чад"
	},
	"CZ": {
		"name": "Чех Республикасы"
	},
	"CL": {
		"name": "Чили"
	},
	"CN": {
		"name": "Чин"
	},
	"GI": {
		"name": "Ҹәбәллүтариг"
	},
	"ZA": {
		"name": "Ҹәнуб Африка"
	},
	"KR": {
		"name": "Ҹәнуби Кореја"
	},
	"SS": {
		"name": "Ҹәнуби Судан"
	},
	"GS": {
		"name": "Ҹәнуби Ҹорҹија вә Ҹәнуби Сендвич адалары"
	},
	"JE": {
		"name": "Ҹерси"
	},
	"DJ": {
		"name": "Ҹибути"
	},
	"TL": {
		"name": "Шәрги Тимор"
	},
	"KP": {
		"name": "Шимали Кореја"
	},
	"MP": {
		"name": "Шимали Мариан адалары"
	},
	"LK": {
		"name": "Шри-Ланка"
	}
}