{
	"US": {
		"name": "Àdnà i Bilɔ̀ŋ bi Amerkà"
	},
	"AE": {
		"name": "Àdnà i Bilɔ̀ŋ bi Arābìà"
	},
	"GB": {
		"name": "Àdnà i Lɔ̂ŋ"
	},
	"AF": {
		"name": "Àfgànìstâŋ"
	},
	"ZA": {
		"name": "Àfrǐkà Sɔ̀"
	},
	"HT": {
		"name": "Àitì"
	},
	"AX": {
		"name": "Åland Islands"
	},
	"AL": {
		"name": "Àlbanìà"
	},
	"DZ": {
		"name": "Àlgerìà"
	},
	"AS": {
		"name": "American Samoa"
	},
	"AQ": {
		"name": "Antarctica"
	},
	"AD": {
		"name": "Àŋdɔ̂r"
	},
	"AI": {
		"name": "Àŋgiyà"
	},
	"AO": {
		"name": "Àŋgolà"
	},
	"AG": {
		"name": "Àŋtigà ɓɔ Bàrbudà"
	},
	"AR": {
		"name": "Àrgàŋtinà"
	},
	"AM": {
		"name": "Àrmenìà"
	},
	"AW": {
		"name": "Àrubà"
	},
	"AC": {
		"name": "Ascension Island"
	},
	"AZ": {
		"name": "Àzɛ̀rbajàŋ"
	},
	"BS": {
		"name": "Bàhamàs"
	},
	"BD": {
		"name": "Bàŋglàdɛ̂s"
	},
	"BH": {
		"name": "Bàraìn"
	},
	"BB": {
		"name": "Bàrbadò"
	},
	"BY": {
		"name": "Bèlarùs"
	},
	"BZ": {
		"name": "Bèlîs"
	},
	"BJ": {
		"name": "Bènɛ̂ŋ"
	},
	"BE": {
		"name": "Bɛlgyùm"
	},
	"BM": {
		"name": "Bɛ̀rmudà"
	},
	"FK": {
		"name": "Bìòn bi Falkland"
	},
	"KY": {
		"name": "Bìòn bi Kaymàn"
	},
	"CK": {
		"name": "Bìòn bi Kook"
	},
	"VG": {
		"name": "Bìòn bi kɔnji bi Ŋgisì"
	},
	"VI": {
		"name": "Bìòn bi kɔnji bi U.S."
	},
	"MH": {
		"name": "Bìòn bi Marcàl"
	},
	"MP": {
		"name": "Bìòn bi Marìanà ŋ̀ɔmbɔk"
	},
	"SB": {
		"name": "Bìòn bi Salōmò"
	},
	"TC": {
		"name": "Bìòn bi Tûrks nì Kalkòs"
	},
	"IO": {
		"name": "Bìtèk bi Ŋgisì i Tūyɛ Īndìà"
	},
	"BW": {
		"name": "Bòdsùanà"
	},
	"BA": {
		"name": "Bòhnià Ɛrzègòvinà"
	},
	"BO": {
		"name": "Bòlivìà"
	},
	"BR": {
		"name": "Bràsîl"
	},
	"BN": {
		"name": "Brunei"
	},
	"BG": {
		"name": "Bùlgarìà"
	},
	"BF": {
		"name": "Bùrkìnà Fasò"
	},
	"BI": {
		"name": "Bùrundì"
	},
	"BT": {
		"name": "Bùtân"
	},
	"TD": {
		"name": "Câd"
	},
	"IC": {
		"name": "Canary Islands"
	},
	"BQ": {
		"name": "Caribbean Netherlands"
	},
	"EA": {
		"name": "Ceuta & Melilla"
	},
	"CX": {
		"name": "Christmas Island"
	},
	"CC": {
		"name": "Cocos (Keeling) Islands"
	},
	"CW": {
		"name": "Curaçao"
	},
	"CZ": {
		"name": "Czech Republic"
	},
	"DK": {
		"name": "Dànmârk"
	},
	"DG": {
		"name": "Diego Garcia"
	},
	"DM": {
		"name": "Dòmnîk"
	},
	"DO": {
		"name": "Dòmnikà"
	},
	"EG": {
		"name": "Ègîptò"
	},
	"EC": {
		"name": "Èkwàtorìà"
	},
	"ER": {
		"name": "Èrìtrěà"
	},
	"EE": {
		"name": "Èstonìà"
	},
	"ET": {
		"name": "Ètìopìà"
	},
	"FO": {
		"name": "Faroe Islands"
	},
	"FJ": {
		"name": "Fiji"
	},
	"PH": {
		"name": "Fìlìpîn"
	},
	"FI": {
		"name": "Fìnlând"
	},
	"TF": {
		"name": "French Southern Territories"
	},
	"GA": {
		"name": "Gàbɔ̂ŋ"
	},
	"GM": {
		"name": "Gàmbià"
	},
	"GH": {
		"name": "Ganà"
	},
	"GE": {
		"name": "Gèɔrgìà"
	},
	"GI": {
		"name": "Gìlbràtâr"
	},
	"GN": {
		"name": "Gìnê"
	},
	"GW": {
		"name": "Gìne Bìsàô"
	},
	"GQ": {
		"name": "Gìne Èkwàtorìà"
	},
	"PG": {
		"name": "Gìne ì Pàpu"
	},
	"GD": {
		"name": "Grènadà"
	},
	"GR": {
		"name": "Grǐkyà"
	},
	"GL": {
		"name": "Grǐnlànd"
	},
	"GU": {
		"name": "Gùâm"
	},
	"GG": {
		"name": "Guernsey"
	},
	"GY": {
		"name": "Gùyanà"
	},
	"GF": {
		"name": "Gùyanà Pùlàsi"
	},
	"GP": {
		"name": "Gwàdèlûp"
	},
	"GT": {
		"name": "Gwàtèmalà"
	},
	"HK": {
		"name": "Hong Kong SAR China"
	},
	"IN": {
		"name": "Indìà"
	},
	"ID": {
		"name": "Indònèsià"
	},
	"IQ": {
		"name": "Ìrâk"
	},
	"IR": {
		"name": "Ìrâŋ"
	},
	"IE": {
		"name": "Ìrlând"
	},
	"IS": {
		"name": "Ìslandìà"
	},
	"IM": {
		"name": "Isle of Man"
	},
	"IL": {
		"name": "Isràɛ̂l"
	},
	"IT": {
		"name": "Ìtalìà"
	},
	"JM": {
		"name": "Jàmàikà"
	},
	"DE": {
		"name": "Jamân"
	},
	"JP": {
		"name": "Japan"
	},
	"JE": {
		"name": "Jersey"
	},
	"DJ": {
		"name": "Jìbutì"
	},
	"CV": {
		"name": "Kabwɛ᷆r"
	},
	"NC": {
		"name": "Kàlèdonìà Yɔ̀ndɔ"
	},
	"KH": {
		"name": "Kàmbodìà"
	},
	"CM": {
		"name": "Kàmɛ̀rûn"
	},
	"CA": {
		"name": "Kànadà"
	},
	"QA": {
		"name": "Kàtâr"
	},
	"KZ": {
		"name": "Kàzàkstâŋ"
	},
	"KE": {
		"name": "Kenìà"
	},
	"CL": {
		"name": "Kìlî"
	},
	"CN": {
		"name": "Kinà"
	},
	"CY": {
		"name": "Kiprò"
	},
	"KG": {
		"name": "Kìrgìzìstàŋ"
	},
	"KI": {
		"name": "Kìrìbatì"
	},
	"CG": {
		"name": "Kòŋgo"
	},
	"CD": {
		"name": "Kòŋgo ìkɛŋi"
	},
	"XK": {
		"name": "Kosovo"
	},
	"CR": {
		"name": "Kòstà Rikà"
	},
	"KW": {
		"name": "Kòwêt"
	},
	"CO": {
		"name": "Kɔ̀lɔmbìà"
	},
	"KM": {
		"name": "Kɔ̀mɔ̂r"
	},
	"KP": {
		"name": "Kɔ̀re ì Ŋ̀ɔmbɔk"
	},
	"KR": {
		"name": "Kɔ̀re ì Ŋ̀wɛ̀lmbɔk"
	},
	"HR": {
		"name": "Kròasìà"
	},
	"CU": {
		"name": "Kubà"
	},
	"LV": {
		"name": "Làdvià"
	},
	"LA": {
		"name": "Làôs"
	},
	"LB": {
		"name": "Lèbanòn"
	},
	"LS": {
		"name": "Lesòtò"
	},
	"LR": {
		"name": "Lìberìà"
	},
	"LY": {
		"name": "Libìà"
	},
	"LI": {
		"name": "Ligstɛntàn"
	},
	"LT": {
		"name": "Lìtùanìà"
	},
	"LU": {
		"name": "Lùgsàmbûr"
	},
	"MO": {
		"name": "Macau SAR China"
	},
	"MG": {
		"name": "Màdàgàskâr"
	},
	"MW": {
		"name": "Màlàwi"
	},
	"MV": {
		"name": "Màldîf"
	},
	"MY": {
		"name": "Màlɛ̀sìà"
	},
	"ML": {
		"name": "Màli"
	},
	"MT": {
		"name": "Maltà"
	},
	"CI": {
		"name": "Màŋ mi Njɔ̂k"
	},
	"MA": {
		"name": "Màrokò"
	},
	"MQ": {
		"name": "Màrtìnîk"
	},
	"MK": {
		"name": "Màsèdonìà"
	},
	"YT": {
		"name": "Màyɔ̂t"
	},
	"MX": {
		"name": "Mɛ̀gsîk"
	},
	"FM": {
		"name": "Mìkrònesìà"
	},
	"MD": {
		"name": "Moldavìà"
	},
	"MC": {
		"name": "Mònakò"
	},
	"ME": {
		"name": "Montenegro"
	},
	"MN": {
		"name": "Mòŋgolìà"
	},
	"MU": {
		"name": "Mòrîs"
	},
	"MR": {
		"name": "Mòrìtanìà"
	},
	"MZ": {
		"name": "Mòsàmbîk"
	},
	"MS": {
		"name": "Mɔ̀ŋseràt"
	},
	"MM": {
		"name": "Myànmâr"
	},
	"NA": {
		"name": "Nàmibìà"
	},
	"NP": {
		"name": "Nèpâl"
	},
	"NR": {
		"name": "Nerù"
	},
	"NG": {
		"name": "Nìgerìà"
	},
	"NE": {
		"name": "Nìjɛ̂r"
	},
	"NI": {
		"name": "Nìkàragwà"
	},
	"NU": {
		"name": "Nìuɛ̀"
	},
	"NL": {
		"name": "Ǹlɛndi"
	},
	"NO": {
		"name": "Nɔ̀rvegìà"
	},
	"SH": {
		"name": "Nûmpubi Ɛlēnà"
	},
	"KN": {
		"name": "Nûmpubi Kîts nì Nevìs"
	},
	"LC": {
		"name": "Nûmpubi Lusì"
	},
	"SM": {
		"name": "Nûmpubi Māatìn"
	},
	"PM": {
		"name": "Nûmpubi Petrò nì Mikèlôn"
	},
	"VC": {
		"name": "Nûmpubi Vɛ̂ŋsâŋ nì grènàdîn"
	},
	"CF": {
		"name": "Ŋ̀ɛm Afrīkà"
	},
	"OM": {
		"name": "Òmân"
	},
	"NF": {
		"name": "Òn i Nɔrfɔ̂k"
	},
	"AU": {
		"name": "Òstralìà"
	},
	"AT": {
		"name": "Òstrǐk"
	},
	"HN": {
		"name": "Ɔ̀ŋduràs"
	},
	"HU": {
		"name": "Ɔ̀ŋgriì"
	},
	"PK": {
		"name": "Pàkìstân"
	},
	"PW": {
		"name": "Pàlaù"
	},
	"PS": {
		"name": "Pàlɛ̀htinà Hyɔ̀ŋg nì Gazà"
	},
	"PA": {
		"name": "Pànàma"
	},
	"ES": {
		"name": "Pànya"
	},
	"PY": {
		"name": "Pàràgwê"
	},
	"PE": {
		"name": "Pèrû"
	},
	"PN": {
		"name": "Pìdkaìrn"
	},
	"PL": {
		"name": "Pòlànd"
	},
	"PF": {
		"name": "Pòlìnesìà Pùlàsi"
	},
	"PR": {
		"name": "Pɔ̀rtò Rikò"
	},
	"PT": {
		"name": "Pɔ̀tɔkì"
	},
	"FR": {
		"name": "Pùlàsi \/ Fɛ̀lɛ̀nsi \/"
	},
	"RE": {
		"name": "Rèunyɔ̂ŋ"
	},
	"RW": {
		"name": "Rùandà"
	},
	"RO": {
		"name": "Rùmanìà"
	},
	"RU": {
		"name": "Ruslànd"
	},
	"SV": {
		"name": "Sàlvàdɔ̂r"
	},
	"WS": {
		"name": "Sàmoà"
	},
	"ST": {
		"name": "Sào Tòme ɓɔ Prɛ̀ŋcipè"
	},
	"SA": {
		"name": "Sàudi Àrabìà"
	},
	"SN": {
		"name": "Sènègâl"
	},
	"RS": {
		"name": "Serbia"
	},
	"SC": {
		"name": "Sèsɛ̂l"
	},
	"SL": {
		"name": "Sièra Lèɔ̂n"
	},
	"NZ": {
		"name": "Sìlând Yɔ̀ndɔ"
	},
	"SX": {
		"name": "Sint Maarten"
	},
	"SG": {
		"name": "Sìŋgàpûr"
	},
	"SY": {
		"name": "Sirìà"
	},
	"SK": {
		"name": "Slòvakìà"
	},
	"SI": {
		"name": "Slòvanìà"
	},
	"SO": {
		"name": "Sòmalìà"
	},
	"GS": {
		"name": "South Georgia & South Sandwich Islands"
	},
	"SS": {
		"name": "South Sudan"
	},
	"LK": {
		"name": "Srìlaŋkà"
	},
	"BL": {
		"name": "St. Barthélemy"
	},
	"MF": {
		"name": "St. Martin"
	},
	"SD": {
		"name": "Sùdâŋ"
	},
	"SR": {
		"name": "Sùrinâm"
	},
	"CH": {
		"name": "Sùwîs"
	},
	"SJ": {
		"name": "Svalbard & Jan Mayen"
	},
	"SZ": {
		"name": "Swàzìlând"
	},
	"SE": {
		"name": "Swedɛ̀n"
	},
	"TJ": {
		"name": "Tàjìkìstaŋ"
	},
	"TZ": {
		"name": "Tànzànià"
	},
	"TH": {
		"name": "Taylànd"
	},
	"TW": {
		"name": "Tàywân"
	},
	"TL": {
		"name": "Tìmɔ̂r lìkòl"
	},
	"TG": {
		"name": "Tògo"
	},
	"TK": {
		"name": "Tòkèlaò"
	},
	"TO": {
		"name": "Tɔŋgà"
	},
	"TT": {
		"name": "Trìnidàd ɓɔ Tòbagò"
	},
	"TA": {
		"name": "Tristan da Cunha"
	},
	"TN": {
		"name": "Tùnisìà"
	},
	"TM": {
		"name": "Tùrgmènìstân"
	},
	"TR": {
		"name": "Tùrkây"
	},
	"TV": {
		"name": "Tùvàlù"
	},
	"UM": {
		"name": "U.S. Outlying Islands"
	},
	"UG": {
		"name": "Ùgandà"
	},
	"UA": {
		"name": "Ùkrɛ̌n"
	},
	"UY": {
		"name": "Ùrùgwêy"
	},
	"UZ": {
		"name": "Ùzbèkìstân"
	},
	"VU": {
		"name": "Vànùatù"
	},
	"VA": {
		"name": "Vàtìkâŋ"
	},
	"VE": {
		"name": "Vènèzùelà"
	},
	"VN": {
		"name": "Vìɛ̀dnâm"
	},
	"WF": {
		"name": "Wàlîs nì Fùtunà"
	},
	"EH": {
		"name": "Western Sahara"
	},
	"YE": {
		"name": "Yèmɛ̂n"
	},
	"JO": {
		"name": "Yɔ̀rdanià"
	},
	"ZM": {
		"name": "Zàmbià"
	},
	"ZW": {
		"name": "Zìmbàbwê"
	}
}