{
	"AE": {
		"name": "Аб’яднаныя Арабскія Эміраты"
	},
	"AZ": {
		"name": "Азербайджан"
	},
	"AX": {
		"name": "Аландскія астравы"
	},
	"AL": {
		"name": "Албанія"
	},
	"DZ": {
		"name": "Алжыр"
	},
	"OM": {
		"name": "Аман"
	},
	"AS": {
		"name": "Амерыканскае Самоа"
	},
	"VI": {
		"name": "Амерыканскія Віргінскія астравы"
	},
	"AI": {
		"name": "Ангілья"
	},
	"AO": {
		"name": "Ангола"
	},
	"AD": {
		"name": "Андора"
	},
	"AQ": {
		"name": "Антарктыка"
	},
	"AG": {
		"name": "Антыгуа і Барбуда"
	},
	"AR": {
		"name": "Аргенціна"
	},
	"AM": {
		"name": "Арменія"
	},
	"AW": {
		"name": "Аруба"
	},
	"CK": {
		"name": "Астравы Кука"
	},
	"PN": {
		"name": "Астравы Піткэрн"
	},
	"AU": {
		"name": "Аўстралія"
	},
	"AT": {
		"name": "Аўстрыя"
	},
	"AF": {
		"name": "Афганістан"
	},
	"BS": {
		"name": "Багамы"
	},
	"BG": {
		"name": "Балгарыя"
	},
	"BO": {
		"name": "Балівія"
	},
	"BD": {
		"name": "Бангладэш"
	},
	"BB": {
		"name": "Барбадас"
	},
	"BW": {
		"name": "Батсвана"
	},
	"BH": {
		"name": "Бахрэйн"
	},
	"BY": {
		"name": "Беларусь"
	},
	"BZ": {
		"name": "Беліз"
	},
	"BE": {
		"name": "Бельгія"
	},
	"BJ": {
		"name": "Бенін"
	},
	"BM": {
		"name": "Бермудскія астравы"
	},
	"BA": {
		"name": "Боснія і Герцагавіна"
	},
	"BR": {
		"name": "Бразілія"
	},
	"BN": {
		"name": "Бруней"
	},
	"IO": {
		"name": "Брытанская тэрыторыя ў Індыйскім акіяне"
	},
	"VG": {
		"name": "Брытанскія Віргінскія астравы"
	},
	"BF": {
		"name": "Буркіна-Фасо"
	},
	"BI": {
		"name": "Бурундзі"
	},
	"BT": {
		"name": "Бутан"
	},
	"VN": {
		"name": "В’етнам"
	},
	"VU": {
		"name": "Вануату"
	},
	"VA": {
		"name": "Ватыкан"
	},
	"HU": {
		"name": "Венгрыя"
	},
	"VE": {
		"name": "Венесуэла"
	},
	"DG": {
		"name": "Востраў Дыега-Гарсія"
	},
	"CX": {
		"name": "Востраў Каляд"
	},
	"IM": {
		"name": "Востраў Мэн"
	},
	"NF": {
		"name": "Востраў Норфалк"
	},
	"SH": {
		"name": "Востраў Святой Алены"
	},
	"AC": {
		"name": "Востраў Узнясення"
	},
	"GB": {
		"name": "Вялікабрытанія"
	},
	"GA": {
		"name": "Габон"
	},
	"HT": {
		"name": "Гаіці"
	},
	"GM": {
		"name": "Гамбія"
	},
	"GH": {
		"name": "Гана"
	},
	"HN": {
		"name": "Гандурас"
	},
	"HK": {
		"name": "Ганконг, САР (Кітай)"
	},
	"GY": {
		"name": "Гаяна"
	},
	"GP": {
		"name": "Гвадэлупа"
	},
	"GT": {
		"name": "Гватэмала"
	},
	"GN": {
		"name": "Гвінея"
	},
	"GW": {
		"name": "Гвінея-Бісау"
	},
	"DE": {
		"name": "Германія"
	},
	"GG": {
		"name": "Гернсі"
	},
	"GI": {
		"name": "Гібралтар"
	},
	"GE": {
		"name": "Грузія"
	},
	"GD": {
		"name": "Грэнада"
	},
	"GL": {
		"name": "Грэнландыя"
	},
	"GR": {
		"name": "Грэцыя"
	},
	"GU": {
		"name": "Гуам"
	},
	"DM": {
		"name": "Дамініка"
	},
	"DO": {
		"name": "Дамініканская Рэспубліка"
	},
	"DK": {
		"name": "Данія"
	},
	"DJ": {
		"name": "Джыбуці"
	},
	"JE": {
		"name": "Джэрсі"
	},
	"EG": {
		"name": "Егіпет"
	},
	"YE": {
		"name": "Емен"
	},
	"ZM": {
		"name": "Замбія"
	},
	"EH": {
		"name": "Заходняя Сахара"
	},
	"ZW": {
		"name": "Зімбабвэ"
	},
	"US": {
		"name": "Злучаныя Штаты Амерыкі"
	},
	"JO": {
		"name": "Іарданія"
	},
	"IL": {
		"name": "Ізраіль"
	},
	"ID": {
		"name": "Інданезія"
	},
	"IN": {
		"name": "Індыя"
	},
	"IQ": {
		"name": "Ірак"
	},
	"IR": {
		"name": "Іран"
	},
	"IE": {
		"name": "Ірландыя"
	},
	"IS": {
		"name": "Ісландыя"
	},
	"ES": {
		"name": "Іспанія"
	},
	"IT": {
		"name": "Італія"
	},
	"CV": {
		"name": "Каба-Вердэ"
	},
	"KZ": {
		"name": "Казахстан"
	},
	"KY": {
		"name": "Кайманавы астравы"
	},
	"CC": {
		"name": "Какосавыя (Кілінг) астравы"
	},
	"CO": {
		"name": "Калумбія"
	},
	"KH": {
		"name": "Камбоджа"
	},
	"CM": {
		"name": "Камерун"
	},
	"KM": {
		"name": "Каморскія Астравы"
	},
	"CA": {
		"name": "Канада"
	},
	"IC": {
		"name": "Канарскія астравы"
	},
	"BQ": {
		"name": "Карыбскія Нідэрланды"
	},
	"QA": {
		"name": "Катар"
	},
	"KE": {
		"name": "Кенія"
	},
	"CY": {
		"name": "Кіпр"
	},
	"KI": {
		"name": "Кірыбаці"
	},
	"CN": {
		"name": "Кітай"
	},
	"CG": {
		"name": "Конга - Бразавіль"
	},
	"CD": {
		"name": "Конга (Кіншаса)"
	},
	"XK": {
		"name": "Косава"
	},
	"CR": {
		"name": "Коста-Рыка"
	},
	"CI": {
		"name": "Кот-д’Івуар"
	},
	"CU": {
		"name": "Куба"
	},
	"KW": {
		"name": "Кувейт"
	},
	"KG": {
		"name": "Кыргызстан"
	},
	"CW": {
		"name": "Кюрасаа"
	},
	"LA": {
		"name": "Лаос"
	},
	"LV": {
		"name": "Латвія"
	},
	"LS": {
		"name": "Лесота"
	},
	"LR": {
		"name": "Ліберыя"
	},
	"LB": {
		"name": "Ліван"
	},
	"LY": {
		"name": "Лівія"
	},
	"LT": {
		"name": "Літва"
	},
	"LI": {
		"name": "Ліхтэнштэйн"
	},
	"LU": {
		"name": "Люксембург"
	},
	"MM": {
		"name": "М’янма (Бірма)"
	},
	"MG": {
		"name": "Мадагаскар"
	},
	"YT": {
		"name": "Маёта"
	},
	"MZ": {
		"name": "Мазамбік"
	},
	"MO": {
		"name": "Макаа, САР (Кітай)"
	},
	"MK": {
		"name": "Македонія"
	},
	"MW": {
		"name": "Малаві"
	},
	"MY": {
		"name": "Малайзія"
	},
	"MD": {
		"name": "Малдова"
	},
	"ML": {
		"name": "Малі"
	},
	"UM": {
		"name": "Малыя Аддаленыя астравы ЗША"
	},
	"MV": {
		"name": "Мальдывы"
	},
	"MT": {
		"name": "Мальта"
	},
	"MC": {
		"name": "Манака"
	},
	"MN": {
		"name": "Манголія"
	},
	"MS": {
		"name": "Мантсерат"
	},
	"MA": {
		"name": "Марока"
	},
	"MQ": {
		"name": "Марцініка"
	},
	"MH": {
		"name": "Маршалавы Астравы"
	},
	"MU": {
		"name": "Маўрыкій"
	},
	"MR": {
		"name": "Маўрытанія"
	},
	"MX": {
		"name": "Мексіка"
	},
	"FM": {
		"name": "Мікранезія"
	},
	"NA": {
		"name": "Намібія"
	},
	"NO": {
		"name": "Нарвегія"
	},
	"NR": {
		"name": "Науру"
	},
	"NP": {
		"name": "Непал"
	},
	"NE": {
		"name": "Нігер"
	},
	"NG": {
		"name": "Нігерыя"
	},
	"NL": {
		"name": "Нідэрланды"
	},
	"NI": {
		"name": "Нікарагуа"
	},
	"NU": {
		"name": "Ніуэ"
	},
	"NZ": {
		"name": "Новая Зеландыя"
	},
	"NC": {
		"name": "Новая Каледонія"
	},
	"PK": {
		"name": "Пакістан"
	},
	"PW": {
		"name": "Палау"
	},
	"PS": {
		"name": "Палесцінскія Тэрыторыі"
	},
	"PA": {
		"name": "Панама"
	},
	"PG": {
		"name": "Папуа-Новая Гвінея"
	},
	"PY": {
		"name": "Парагвай"
	},
	"PT": {
		"name": "Партугалія"
	},
	"ZA": {
		"name": "Паўднёваафрыканская Рэспубліка"
	},
	"GS": {
		"name": "Паўднёвая Джорджыя і Паўднёвыя Сандвічавы астравы"
	},
	"KR": {
		"name": "Паўднёвая Карэя"
	},
	"SS": {
		"name": "Паўднёвы Судан"
	},
	"KP": {
		"name": "Паўночная Карэя"
	},
	"MP": {
		"name": "Паўночныя Марыянскія астравы"
	},
	"PE": {
		"name": "Перу"
	},
	"PL": {
		"name": "Польшча"
	},
	"PR": {
		"name": "Пуэрта-Рыка"
	},
	"RU": {
		"name": "Расія"
	},
	"RW": {
		"name": "Руанда"
	},
	"RO": {
		"name": "Румынія"
	},
	"RE": {
		"name": "Рэюньён"
	},
	"SB": {
		"name": "Саламонавы Астравы"
	},
	"SV": {
		"name": "Сальвадор"
	},
	"SO": {
		"name": "Самалі"
	},
	"WS": {
		"name": "Самоа"
	},
	"SM": {
		"name": "Сан-Марына"
	},
	"ST": {
		"name": "Сан-Тамэ і Прынсіпі"
	},
	"SA": {
		"name": "Саудаўская Аравія"
	},
	"SZ": {
		"name": "Свазіленд"
	},
	"SC": {
		"name": "Сейшэльскія Астравы"
	},
	"BL": {
		"name": "Сен-Бартэльмі"
	},
	"MF": {
		"name": "Сен-Мартэн"
	},
	"PM": {
		"name": "Сен-П’ер і Мікелон"
	},
	"SN": {
		"name": "Сенегал"
	},
	"VC": {
		"name": "Сент-Вінсент і Грэнадзіны"
	},
	"KN": {
		"name": "Сент-Кітс і Невіс"
	},
	"LC": {
		"name": "Сент-Люсія"
	},
	"RS": {
		"name": "Сербія"
	},
	"EA": {
		"name": "Сеўта і Мелілья"
	},
	"SG": {
		"name": "Сінгапур"
	},
	"SX": {
		"name": "Сінт-Мартэн"
	},
	"SY": {
		"name": "Сірыя"
	},
	"SK": {
		"name": "Славакія"
	},
	"SI": {
		"name": "Славенія"
	},
	"SD": {
		"name": "Судан"
	},
	"SR": {
		"name": "Сурынам"
	},
	"SL": {
		"name": "Сьера-Леонэ"
	},
	"TJ": {
		"name": "Таджыкістан"
	},
	"TW": {
		"name": "Тайвань"
	},
	"TH": {
		"name": "Тайланд"
	},
	"TK": {
		"name": "Такелау"
	},
	"TZ": {
		"name": "Танзанія"
	},
	"TG": {
		"name": "Тога"
	},
	"TO": {
		"name": "Тонга"
	},
	"TT": {
		"name": "Трынідад і Табага"
	},
	"TA": {
		"name": "Трыстан-да-Кунья"
	},
	"TV": {
		"name": "Тувалу"
	},
	"TN": {
		"name": "Туніс"
	},
	"TM": {
		"name": "Туркменістан"
	},
	"TR": {
		"name": "Турцыя"
	},
	"TL": {
		"name": "Тымор-Лешці"
	},
	"UG": {
		"name": "Уганда"
	},
	"UZ": {
		"name": "Узбекістан"
	},
	"UA": {
		"name": "Украіна"
	},
	"WF": {
		"name": "Уоліс і Футуна"
	},
	"UY": {
		"name": "Уругвай"
	},
	"FK": {
		"name": "Фалклендскія астравы"
	},
	"FO": {
		"name": "Фарэрскія астравы"
	},
	"FJ": {
		"name": "Фіджы"
	},
	"PH": {
		"name": "Філіпіны"
	},
	"FI": {
		"name": "Фінляндыя"
	},
	"GF": {
		"name": "Французская Гвіяна"
	},
	"PF": {
		"name": "Французская Палінезія"
	},
	"TF": {
		"name": "Французскія Паўднёвыя тэрыторыі"
	},
	"FR": {
		"name": "Францыя"
	},
	"HR": {
		"name": "Харватыя"
	},
	"TC": {
		"name": "Цёркс і Кайкас"
	},
	"CF": {
		"name": "Цэнтральнаафрыканская Рэспубліка"
	},
	"TD": {
		"name": "Чад"
	},
	"ME": {
		"name": "Чарнагорыя"
	},
	"CL": {
		"name": "Чылі"
	},
	"CZ": {
		"name": "Чэхія"
	},
	"CH": {
		"name": "Швейцарыя"
	},
	"SE": {
		"name": "Швецыя"
	},
	"SJ": {
		"name": "Шпіцберген і Ян-Маен"
	},
	"LK": {
		"name": "Шры-Ланка"
	},
	"EC": {
		"name": "Эквадор"
	},
	"GQ": {
		"name": "Экватарыяльная Гвінея"
	},
	"ER": {
		"name": "Эрытрэя"
	},
	"EE": {
		"name": "Эстонія"
	},
	"ET": {
		"name": "Эфіопія"
	},
	"JM": {
		"name": "Ямайка"
	},
	"JP": {
		"name": "Японія"
	}
}