{
	"AX": {
		"name": "Åland Islands"
	},
	"AQ": {
		"name": "Antarctica"
	},
	"AC": {
		"name": "Ascension Island"
	},
	"IC": {
		"name": "Canary Islands"
	},
	"BQ": {
		"name": "Caribbean Netherlands"
	},
	"EA": {
		"name": "Ceuta & Melilla"
	},
	"CX": {
		"name": "Christmas Island"
	},
	"CC": {
		"name": "Cocos (Keeling) Islands"
	},
	"CW": {
		"name": "Curaçao"
	},
	"DG": {
		"name": "Diego Garcia"
	},
	"FO": {
		"name": "Faroe Islands"
	},
	"TF": {
		"name": "French Southern Territories"
	},
	"GG": {
		"name": "Guernsey"
	},
	"HK": {
		"name": "Hong Kong SAR China"
	},
	"ZA": {
		"name": "Huafrika iya Hukusini"
	},
	"AF": {
		"name": "Huafuganistani"
	},
	"IS": {
		"name": "Huaislandi"
	},
	"AR": {
		"name": "Huajendina"
	},
	"AL": {
		"name": "Hualbania"
	},
	"DZ": {
		"name": "Hualjelia"
	},
	"AW": {
		"name": "Hualuba"
	},
	"AM": {
		"name": "Huamenia"
	},
	"AD": {
		"name": "Huandola"
	},
	"AO": {
		"name": "Huangola"
	},
	"AI": {
		"name": "Huanguila"
	},
	"AG": {
		"name": "Huantigua na Hubarubuda"
	},
	"AT": {
		"name": "Huastlia"
	},
	"AU": {
		"name": "Huaustlalia"
	},
	"IE": {
		"name": "Huayalandi"
	},
	"AZ": {
		"name": "Huazabajani"
	},
	"BB": {
		"name": "Hubabadosi"
	},
	"BH": {
		"name": "Hubahaleni"
	},
	"BS": {
		"name": "Hubahama"
	},
	"BD": {
		"name": "Hubangaladeshi"
	},
	"BY": {
		"name": "Hubelalusi"
	},
	"BZ": {
		"name": "Hubelize"
	},
	"BM": {
		"name": "Hubelmuda"
	},
	"BJ": {
		"name": "Hubenini"
	},
	"BR": {
		"name": "Hublazili"
	},
	"BO": {
		"name": "Hubolivia"
	},
	"BA": {
		"name": "Hubosinia na Huhezegovina"
	},
	"BW": {
		"name": "Hubotiswana"
	},
	"BN": {
		"name": "Hubrunei"
	},
	"BF": {
		"name": "Hubukinafaso"
	},
	"MG": {
		"name": "Hubukini"
	},
	"BG": {
		"name": "Hubulgaria"
	},
	"BI": {
		"name": "Huburundi"
	},
	"BT": {
		"name": "Hubutani"
	},
	"TD": {
		"name": "Huchadi"
	},
	"CL": {
		"name": "Huchile"
	},
	"CN": {
		"name": "Huchina"
	},
	"DK": {
		"name": "Hudenmaki"
	},
	"DM": {
		"name": "Hudominika"
	},
	"EC": {
		"name": "Huekwado"
	},
	"SV": {
		"name": "Huelsavado"
	},
	"ER": {
		"name": "Hueritrea"
	},
	"EE": {
		"name": "Huestonia"
	},
	"AE": {
		"name": "Hufalme dza Hihalabu"
	},
	"FJ": {
		"name": "Hufiji"
	},
	"PH": {
		"name": "Hufilipino"
	},
	"GA": {
		"name": "Hugaboni"
	},
	"GM": {
		"name": "Hugambia"
	},
	"GH": {
		"name": "Hughana"
	},
	"GW": {
		"name": "Huginebisau"
	},
	"GQ": {
		"name": "Huginekweta"
	},
	"GD": {
		"name": "Hugrenada"
	},
	"GY": {
		"name": "Huguyana"
	},
	"GP": {
		"name": "Hugwadelupe"
	},
	"GU": {
		"name": "Hugwam"
	},
	"GT": {
		"name": "Hugwatemala"
	},
	"GF": {
		"name": "Hugwiyana ya Huufaransa"
	},
	"HT": {
		"name": "Huhaiti"
	},
	"ES": {
		"name": "Huhispania"
	},
	"HN": {
		"name": "Huhondulasi"
	},
	"HU": {
		"name": "Huhungalia"
	},
	"IQ": {
		"name": "Huilaki"
	},
	"IN": {
		"name": "Huindia"
	},
	"ID": {
		"name": "Huindonesia"
	},
	"IL": {
		"name": "Huislaheli"
	},
	"IT": {
		"name": "Huitalia"
	},
	"JM": {
		"name": "Hujamaika"
	},
	"JP": {
		"name": "Hujapani"
	},
	"GI": {
		"name": "Hujiblalta"
	},
	"DJ": {
		"name": "Hujibuti"
	},
	"GN": {
		"name": "Hujine"
	},
	"GL": {
		"name": "Hujinlandi"
	},
	"GE": {
		"name": "Hujojia"
	},
	"KH": {
		"name": "Hukambodia"
	},
	"CM": {
		"name": "Hukameruni"
	},
	"CA": {
		"name": "Hukanada"
	},
	"QA": {
		"name": "Hukatali"
	},
	"KZ": {
		"name": "Hukazakistani"
	},
	"KE": {
		"name": "Hukenya"
	},
	"CV": {
		"name": "Hukepuvede"
	},
	"KI": {
		"name": "Hukilibati"
	},
	"KG": {
		"name": "Hukiligizistani"
	},
	"CI": {
		"name": "Hukodivaa"
	},
	"KP": {
		"name": "Hukolea Kaskazini"
	},
	"KR": {
		"name": "Hukolea Kusini"
	},
	"CO": {
		"name": "Hukolombia"
	},
	"KM": {
		"name": "Hukomoro"
	},
	"CG": {
		"name": "Hukongo"
	},
	"HR": {
		"name": "Hukorasia"
	},
	"CR": {
		"name": "Hukostarika"
	},
	"CU": {
		"name": "Hukuba"
	},
	"CY": {
		"name": "Hukuprosi"
	},
	"KW": {
		"name": "Hukuwaiti"
	},
	"LA": {
		"name": "Hulaosi"
	},
	"LU": {
		"name": "Hulasembagi"
	},
	"LV": {
		"name": "Hulativia"
	},
	"LB": {
		"name": "Hulebanoni"
	},
	"LS": {
		"name": "Hulesoto"
	},
	"LR": {
		"name": "Hulibelia"
	},
	"LY": {
		"name": "Hulibiya"
	},
	"LI": {
		"name": "Hulishenteni"
	},
	"LT": {
		"name": "Hulitwania"
	},
	"RE": {
		"name": "Huliyunioni"
	},
	"RO": {
		"name": "Hulomania"
	},
	"RW": {
		"name": "Hulwanda"
	},
	"MW": {
		"name": "Humalawi"
	},
	"US": {
		"name": "Humalekani"
	},
	"MY": {
		"name": "Humalesia"
	},
	"ML": {
		"name": "Humali"
	},
	"MT": {
		"name": "Humalta"
	},
	"MQ": {
		"name": "Humartiniki"
	},
	"MK": {
		"name": "Humasedonia"
	},
	"YT": {
		"name": "Humayotte"
	},
	"MX": {
		"name": "Humeksiko"
	},
	"FM": {
		"name": "Humikronesia"
	},
	"EG": {
		"name": "Humisri"
	},
	"MV": {
		"name": "Humodivu"
	},
	"MD": {
		"name": "Humoldova"
	},
	"MU": {
		"name": "Humolisi"
	},
	"MR": {
		"name": "Humolitania"
	},
	"MA": {
		"name": "Humoloko"
	},
	"MC": {
		"name": "Humonako"
	},
	"MN": {
		"name": "Humongolia"
	},
	"MS": {
		"name": "Humontserrati"
	},
	"MZ": {
		"name": "Humusumbiji"
	},
	"MM": {
		"name": "Humyama"
	},
	"NA": {
		"name": "Hunamibia"
	},
	"NR": {
		"name": "Hunauru"
	},
	"NP": {
		"name": "Hunepali"
	},
	"NE": {
		"name": "Hunijeli"
	},
	"NG": {
		"name": "Hunijelia"
	},
	"NI": {
		"name": "Hunikaragwa"
	},
	"NU": {
		"name": "Huniue"
	},
	"NO": {
		"name": "Hunolwe"
	},
	"NC": {
		"name": "Hunyukaledonia"
	},
	"NZ": {
		"name": "Hunyuzilandi"
	},
	"OM": {
		"name": "Huomani"
	},
	"PK": {
		"name": "Hupakistani"
	},
	"PY": {
		"name": "Hupalagwai"
	},
	"PW": {
		"name": "Hupalau"
	},
	"PA": {
		"name": "Hupanama"
	},
	"PG": {
		"name": "Hupapua"
	},
	"PE": {
		"name": "Hupelu"
	},
	"PN": {
		"name": "Hupitkaini"
	},
	"PL": {
		"name": "Hupolandi"
	},
	"PF": {
		"name": "Hupolinesia ya Huufaransa"
	},
	"PR": {
		"name": "Hupwetoriko"
	},
	"SM": {
		"name": "Husamalino"
	},
	"WS": {
		"name": "Husamoa"
	},
	"AS": {
		"name": "Husamoa ya Humalekani"
	},
	"SH": {
		"name": "Husantahelena"
	},
	"KN": {
		"name": "Husantakitzi na Hunevis"
	},
	"LC": {
		"name": "Husantalusia"
	},
	"PM": {
		"name": "Husantapieri na Humikeloni"
	},
	"VC": {
		"name": "Husantavisenti na Hugrenadini"
	},
	"ST": {
		"name": "Husaotome na Huprinsipe"
	},
	"SA": {
		"name": "Husaudi"
	},
	"SN": {
		"name": "Husenegali"
	},
	"SC": {
		"name": "Hushelisheli"
	},
	"SL": {
		"name": "Husiela Lioni"
	},
	"SY": {
		"name": "Husilia"
	},
	"SG": {
		"name": "Husingapoo"
	},
	"LK": {
		"name": "Husirilanka"
	},
	"SK": {
		"name": "Huslovakia"
	},
	"SI": {
		"name": "Huslovenia"
	},
	"SO": {
		"name": "Husomalia"
	},
	"SD": {
		"name": "Husudani"
	},
	"SR": {
		"name": "Husurinamu"
	},
	"TH": {
		"name": "Hutailandi"
	},
	"TW": {
		"name": "Hutaiwani"
	},
	"TJ": {
		"name": "Hutajikistani"
	},
	"TZ": {
		"name": "Hutanzania"
	},
	"TL": {
		"name": "Hutimori ya Mashariki"
	},
	"TG": {
		"name": "Hutogo"
	},
	"TK": {
		"name": "Hutokelau"
	},
	"TO": {
		"name": "Hutonga"
	},
	"TT": {
		"name": "Hutrinad na Hutobago"
	},
	"TN": {
		"name": "Hutunisia"
	},
	"TV": {
		"name": "Hutuvalu"
	},
	"IR": {
		"name": "Huuajemi"
	},
	"BE": {
		"name": "Huubelgiji"
	},
	"FR": {
		"name": "Huufaransa"
	},
	"FI": {
		"name": "Huufini"
	},
	"UG": {
		"name": "Huuganda"
	},
	"GR": {
		"name": "Huugiliki"
	},
	"ET": {
		"name": "Huuhabeshi"
	},
	"NL": {
		"name": "Huuholanzi"
	},
	"GB": {
		"name": "Huuingereza"
	},
	"DE": {
		"name": "Huujerumani"
	},
	"UA": {
		"name": "Huukraini"
	},
	"PT": {
		"name": "Huuleno"
	},
	"UY": {
		"name": "Huulugwai"
	},
	"RU": {
		"name": "Huulusi"
	},
	"SZ": {
		"name": "Huuswazi"
	},
	"SE": {
		"name": "Huuswidi"
	},
	"CH": {
		"name": "Huuswisi"
	},
	"TR": {
		"name": "Huuturuki"
	},
	"TM": {
		"name": "Huuturukimenistani"
	},
	"UZ": {
		"name": "Huuzibekistani"
	},
	"VU": {
		"name": "Huvanuatu"
	},
	"VA": {
		"name": "Huvatikani"
	},
	"VE": {
		"name": "Huvenezuela"
	},
	"VN": {
		"name": "Huvietinamu"
	},
	"WF": {
		"name": "Huwalis na Hufutuna"
	},
	"YE": {
		"name": "Huyemeni"
	},
	"JO": {
		"name": "Huyolodani"
	},
	"ZM": {
		"name": "Huzambia"
	},
	"ZW": {
		"name": "Huzimbabwe"
	},
	"FK": {
		"name": "Ifisima fya Falkland"
	},
	"KY": {
		"name": "Ifisima fya Kayman"
	},
	"CK": {
		"name": "Ifisima fya Kook"
	},
	"MP": {
		"name": "Ifisima fya Mariana fya Hukaskazini"
	},
	"MH": {
		"name": "Ifisima fya Marshal"
	},
	"SB": {
		"name": "Ifisima fya Solomon"
	},
	"TC": {
		"name": "Ifisima fya Turki na Kaiko"
	},
	"VG": {
		"name": "Ifisima fya Virgin fya Huingereza"
	},
	"VI": {
		"name": "Ifisima fya Virgin fya Humelekani"
	},
	"NF": {
		"name": "Ihisima sha Norfok"
	},
	"CF": {
		"name": "Ijamhuri ya Afrika ya Pagati"
	},
	"CZ": {
		"name": "Ijamhuri ya Cheki"
	},
	"CD": {
		"name": "Ijamhuri ya Hidemokrasi ya Hukongo"
	},
	"DO": {
		"name": "Ijamhuri ya Hudominika"
	},
	"IM": {
		"name": "Isle of Man"
	},
	"JE": {
		"name": "Jersey"
	},
	"XK": {
		"name": "Kosovo"
	},
	"MO": {
		"name": "Macau SAR China"
	},
	"ME": {
		"name": "Montenegro"
	},
	"RS": {
		"name": "Serbia"
	},
	"SX": {
		"name": "Sint Maarten"
	},
	"GS": {
		"name": "South Georgia & South Sandwich Islands"
	},
	"SS": {
		"name": "South Sudan"
	},
	"BL": {
		"name": "St. Barthélemy"
	},
	"MF": {
		"name": "St. Martin"
	},
	"SJ": {
		"name": "Svalbard & Jan Mayen"
	},
	"TA": {
		"name": "Tristan da Cunha"
	},
	"UM": {
		"name": "U.S. Outlying Islands"
	},
	"IO": {
		"name": "Ulubali lwa Hubahari ya Hindi lwa Huingereza"
	},
	"PS": {
		"name": "Ulubali lwa Magharibi nu Gaza wa Hupalestina"
	},
	"EH": {
		"name": "Western Sahara"
	}
}