{
	"AF": {
		"name": "Afiganistaŋ"
	},
	"AX": {
		"name": "Åland Islands"
	},
	"AL": {
		"name": "Alibani"
	},
	"DE": {
		"name": "Alimaɲi"
	},
	"DZ": {
		"name": "Alizeri"
	},
	"US": {
		"name": "Ameriki"
	},
	"VI": {
		"name": "Ameriki ka Sungurunnin Gun"
	},
	"AD": {
		"name": "Andɔr"
	},
	"IO": {
		"name": "Angilɛ ka ɛndu dugukolo"
	},
	"VG": {
		"name": "Angilɛ ka Sungurunnin Gun"
	},
	"GB": {
		"name": "Angilɛtɛri"
	},
	"AI": {
		"name": "Angiya"
	},
	"AO": {
		"name": "Angola"
	},
	"AQ": {
		"name": "Antarctica"
	},
	"AG": {
		"name": "Antiga-ni-Barbuda"
	},
	"SA": {
		"name": "Arabiya Sawudiya"
	},
	"AE": {
		"name": "Arabu mara kafoli"
	},
	"AM": {
		"name": "Arimeni"
	},
	"AR": {
		"name": "Arizantin"
	},
	"AW": {
		"name": "Aruba"
	},
	"AC": {
		"name": "Ascension Island"
	},
	"HT": {
		"name": "Ayiti"
	},
	"AZ": {
		"name": "Azɛrbayjaŋ"
	},
	"BS": {
		"name": "Bahamasi"
	},
	"KY": {
		"name": "Bama Gun"
	},
	"BB": {
		"name": "Barbadi"
	},
	"BH": {
		"name": "Bareyini"
	},
	"BY": {
		"name": "Belarusi"
	},
	"BZ": {
		"name": "Belizi"
	},
	"BJ": {
		"name": "Benɛn"
	},
	"BR": {
		"name": "Berezili"
	},
	"BM": {
		"name": "Bermudi"
	},
	"BE": {
		"name": "Bɛliziki"
	},
	"BD": {
		"name": "Bɛngiladɛsi"
	},
	"BO": {
		"name": "Bolivi"
	},
	"BA": {
		"name": "Bozni-Ɛrizigovini"
	},
	"BW": {
		"name": "Bɔtisiwana"
	},
	"BG": {
		"name": "Buligari"
	},
	"BN": {
		"name": "Burinɛyi"
	},
	"BF": {
		"name": "Burukina Faso"
	},
	"BI": {
		"name": "Burundi"
	},
	"BT": {
		"name": "Butaŋ"
	},
	"TD": {
		"name": "Cadi"
	},
	"IC": {
		"name": "Canary Islands"
	},
	"CV": {
		"name": "Capivɛrdi"
	},
	"BQ": {
		"name": "Caribbean Netherlands"
	},
	"CZ": {
		"name": "Ceki republiki"
	},
	"EA": {
		"name": "Ceuta & Melilla"
	},
	"CX": {
		"name": "Christmas Island"
	},
	"CY": {
		"name": "Cipri"
	},
	"CC": {
		"name": "Cocos (Keeling) Islands"
	},
	"CW": {
		"name": "Curaçao"
	},
	"DK": {
		"name": "Danemarki"
	},
	"DG": {
		"name": "Diego Garcia"
	},
	"DO": {
		"name": "Dɔmimiki republiki"
	},
	"DM": {
		"name": "Dɔminiki"
	},
	"EC": {
		"name": "Ekwatɔr"
	},
	"ER": {
		"name": "Eritere"
	},
	"EE": {
		"name": "Esetoni"
	},
	"ES": {
		"name": "Esipaɲi"
	},
	"ET": {
		"name": "Etiopi"
	},
	"EG": {
		"name": "Eziputi"
	},
	"SH": {
		"name": "Ɛlɛni Senu"
	},
	"ID": {
		"name": "Ɛndonezi"
	},
	"IN": {
		"name": "Ɛndujamana"
	},
	"FR": {
		"name": "Faransi"
	},
	"GF": {
		"name": "Faransi ka gwiyani"
	},
	"PF": {
		"name": "Faransi ka polinezi"
	},
	"FO": {
		"name": "Faroe Islands"
	},
	"FJ": {
		"name": "Fiji"
	},
	"PH": {
		"name": "Filipini"
	},
	"FI": {
		"name": "Finilandi"
	},
	"TF": {
		"name": "French Southern Territories"
	},
	"GA": {
		"name": "Gabɔŋ"
	},
	"GH": {
		"name": "Gana"
	},
	"GM": {
		"name": "Ganbi"
	},
	"GR": {
		"name": "Gɛrɛsi"
	},
	"GN": {
		"name": "Gine"
	},
	"GW": {
		"name": "Gine Bisawo"
	},
	"GQ": {
		"name": "Gine ekwatɔri"
	},
	"GL": {
		"name": "Gɔrɔhenelandi"
	},
	"GD": {
		"name": "Granadi"
	},
	"GG": {
		"name": "Guernsey"
	},
	"GP": {
		"name": "Gwadelup"
	},
	"GU": {
		"name": "Gwam"
	},
	"GT": {
		"name": "Gwatemala"
	},
	"GY": {
		"name": "Gwiyana"
	},
	"HK": {
		"name": "Hong Kong SAR China"
	},
	"HN": {
		"name": "Hɔndirasi"
	},
	"HU": {
		"name": "Hɔngri"
	},
	"IQ": {
		"name": "Iraki"
	},
	"IR": {
		"name": "Iraŋ"
	},
	"IE": {
		"name": "Irilandi"
	},
	"RU": {
		"name": "Irisi"
	},
	"IS": {
		"name": "Isilandi"
	},
	"IL": {
		"name": "Isirayeli"
	},
	"IM": {
		"name": "Isle of Man"
	},
	"IT": {
		"name": "Itali"
	},
	"JE": {
		"name": "Jersey"
	},
	"DJ": {
		"name": "Jibuti"
	},
	"NC": {
		"name": "Kaledoni Koura"
	},
	"KH": {
		"name": "Kamboji"
	},
	"CM": {
		"name": "Kameruni"
	},
	"CA": {
		"name": "Kanada"
	},
	"QA": {
		"name": "Katari"
	},
	"KZ": {
		"name": "Kazakistaŋ"
	},
	"KE": {
		"name": "Keniya"
	},
	"KP": {
		"name": "Kɛɲɛka Kore"
	},
	"MP": {
		"name": "Kɛɲɛka Mariyani Gun"
	},
	"KI": {
		"name": "Kiribati"
	},
	"KG": {
		"name": "Kirigizisitaŋ"
	},
	"CI": {
		"name": "Kodiwari"
	},
	"CO": {
		"name": "Kolombi"
	},
	"KM": {
		"name": "Komɔri"
	},
	"CG": {
		"name": "Kongo"
	},
	"CD": {
		"name": "Kongo ka republiki demɔkratiki"
	},
	"XK": {
		"name": "Kosovo"
	},
	"KW": {
		"name": "Kowɛti"
	},
	"TL": {
		"name": "Kɔrɔn Timɔr"
	},
	"CR": {
		"name": "Kɔsitarika"
	},
	"KN": {
		"name": "Kristɔfo-Senu-ni-Ɲevɛs"
	},
	"HR": {
		"name": "Kroasi"
	},
	"CU": {
		"name": "Kuba"
	},
	"CK": {
		"name": "Kuki Gun"
	},
	"LA": {
		"name": "Layosi"
	},
	"LS": {
		"name": "Lesoto"
	},
	"LV": {
		"name": "Letoni"
	},
	"LB": {
		"name": "Libaŋ"
	},
	"LR": {
		"name": "Liberiya"
	},
	"LY": {
		"name": "Libi"
	},
	"LU": {
		"name": "Likisanburu"
	},
	"LI": {
		"name": "Lisɛnsitayini"
	},
	"LT": {
		"name": "Lituyani"
	},
	"LC": {
		"name": "Lusi-Senu"
	},
	"MO": {
		"name": "Macau SAR China"
	},
	"MK": {
		"name": "Macedɔni"
	},
	"MG": {
		"name": "Madagasikari"
	},
	"MW": {
		"name": "Malawi"
	},
	"MV": {
		"name": "Maldivi"
	},
	"MY": {
		"name": "Malɛzi"
	},
	"ML": {
		"name": "Mali"
	},
	"MT": {
		"name": "Malti"
	},
	"FK": {
		"name": "Maluwini Gun"
	},
	"SM": {
		"name": "Marini-Senu"
	},
	"MH": {
		"name": "Marisali Gun"
	},
	"MQ": {
		"name": "Maritiniki"
	},
	"MA": {
		"name": "Marɔku"
	},
	"YT": {
		"name": "Mayoti"
	},
	"MX": {
		"name": "Meksiki"
	},
	"FM": {
		"name": "Mikironesi"
	},
	"MD": {
		"name": "Molidavi"
	},
	"MC": {
		"name": "Monako"
	},
	"ME": {
		"name": "Montenegro"
	},
	"MN": {
		"name": "Moŋoli"
	},
	"MS": {
		"name": "Moŋsera"
	},
	"MU": {
		"name": "Morisi"
	},
	"MZ": {
		"name": "Mozanbiki"
	},
	"MR": {
		"name": "Mɔritani"
	},
	"MM": {
		"name": "Myanimari"
	},
	"NA": {
		"name": "Namibi"
	},
	"NR": {
		"name": "Nawuru"
	},
	"NP": {
		"name": "Nepali"
	},
	"NI": {
		"name": "Nikaragwa"
	},
	"NG": {
		"name": "Nizeriya"
	},
	"NE": {
		"name": "Nizɛri"
	},
	"NO": {
		"name": "Nɔriwɛzi"
	},
	"NF": {
		"name": "Nɔrofoliki Gun"
	},
	"NU": {
		"name": "Nyuwe"
	},
	"OM": {
		"name": "Omaŋ"
	},
	"AU": {
		"name": "Ositirali"
	},
	"AT": {
		"name": "Otirisi"
	},
	"PK": {
		"name": "Pakisitaŋ"
	},
	"PW": {
		"name": "Palawu"
	},
	"PS": {
		"name": "Palesitini"
	},
	"PA": {
		"name": "Panama"
	},
	"PG": {
		"name": "Papuwasi-Gine-Koura"
	},
	"PY": {
		"name": "Paraguwayi"
	},
	"PE": {
		"name": "Peru"
	},
	"NL": {
		"name": "Peyiba"
	},
	"PN": {
		"name": "Pitikarini"
	},
	"PM": {
		"name": "Piyɛri-Senu-ni-Mikelɔŋ"
	},
	"PL": {
		"name": "Poloɲi"
	},
	"PT": {
		"name": "Pɔritigali"
	},
	"PR": {
		"name": "Pɔrotoriko"
	},
	"RE": {
		"name": "Reyuɲɔŋ"
	},
	"RO": {
		"name": "Rumani"
	},
	"RW": {
		"name": "Ruwanda"
	},
	"SV": {
		"name": "Salivadɔr"
	},
	"SB": {
		"name": "Salomo Gun"
	},
	"WS": {
		"name": "Samowa"
	},
	"AS": {
		"name": "Samowa amerikani"
	},
	"CF": {
		"name": "Santarafiriki"
	},
	"ST": {
		"name": "Sawo Tome-ni-Prinicipe"
	},
	"SN": {
		"name": "Senegali"
	},
	"RS": {
		"name": "Serbia"
	},
	"SC": {
		"name": "Sesɛli"
	},
	"SG": {
		"name": "Sɛngapuri"
	},
	"CL": {
		"name": "Sili"
	},
	"CN": {
		"name": "Siniwajamana"
	},
	"SX": {
		"name": "Sint Maarten"
	},
	"SY": {
		"name": "Siri"
	},
	"LK": {
		"name": "Sirilanka"
	},
	"SL": {
		"name": "Siyera Lewɔni"
	},
	"SI": {
		"name": "Sloveni"
	},
	"SK": {
		"name": "Slowaki"
	},
	"SO": {
		"name": "Somali"
	},
	"GS": {
		"name": "South Georgia & South Sandwich Islands"
	},
	"SS": {
		"name": "South Sudan"
	},
	"BL": {
		"name": "St. Barthélemy"
	},
	"MF": {
		"name": "St. Martin"
	},
	"SD": {
		"name": "Sudaŋ"
	},
	"SR": {
		"name": "Surinami"
	},
	"SE": {
		"name": "Suwɛdi"
	},
	"CH": {
		"name": "Suwisi"
	},
	"SJ": {
		"name": "Svalbard & Jan Mayen"
	},
	"SZ": {
		"name": "Swazilandi"
	},
	"TJ": {
		"name": "Tajikisitani"
	},
	"TZ": {
		"name": "Tanzani"
	},
	"TH": {
		"name": "Tayilandi"
	},
	"TW": {
		"name": "Tayiwani"
	},
	"TG": {
		"name": "Togo"
	},
	"TK": {
		"name": "Tokelo"
	},
	"TO": {
		"name": "Tonga"
	},
	"TT": {
		"name": "Trinite-ni-Tobago"
	},
	"TA": {
		"name": "Tristan da Cunha"
	},
	"TN": {
		"name": "Tunizi"
	},
	"TR": {
		"name": "Turiki"
	},
	"TC": {
		"name": "Turiki Gun ni Kayiki"
	},
	"TM": {
		"name": "Turikimenisitani"
	},
	"TV": {
		"name": "Tuvalu"
	},
	"UM": {
		"name": "U.S. Outlying Islands"
	},
	"UG": {
		"name": "Uganda"
	},
	"UA": {
		"name": "Ukɛrɛni"
	},
	"UY": {
		"name": "Urugwayi"
	},
	"UZ": {
		"name": "Uzebekisitani"
	},
	"VU": {
		"name": "Vanuwatu"
	},
	"VA": {
		"name": "Vatikaŋ"
	},
	"VE": {
		"name": "Venezuwela"
	},
	"VC": {
		"name": "Vinisɛn-Senu-ni-Grenadini"
	},
	"WF": {
		"name": "Walisi-ni-Futuna"
	},
	"EH": {
		"name": "Western Sahara"
	},
	"VN": {
		"name": "Wiyɛtinamu"
	},
	"ZA": {
		"name": "Worodugu Afriki"
	},
	"KR": {
		"name": "Worodugu Kore"
	},
	"YE": {
		"name": "Yemɛni"
	},
	"JM": {
		"name": "Zamayiki"
	},
	"ZM": {
		"name": "Zanbi"
	},
	"JP": {
		"name": "Zapɔn"
	},
	"NZ": {
		"name": "Zelandi Koura"
	},
	"GE": {
		"name": "Zeyɔrzi"
	},
	"GI": {
		"name": "Zibralitari"
	},
	"ZW": {
		"name": "Zimbabuwe"
	},
	"JO": {
		"name": "Zɔrdani"
	}
}