{
	"AT": {
		"name": "অস্ট্রিয়া"
	},
	"AU": {
		"name": "অস্ট্রেলিয়া"
	},
	"AO": {
		"name": "অ্যাঙ্গোলা"
	},
	"AQ": {
		"name": "অ্যান্টার্কটিকা"
	},
	"AC": {
		"name": "অ্যাসসেনশন আইল্যান্ড"
	},
	"CI": {
		"name": "আইভরি কোস্ট"
	},
	"IM": {
		"name": "আইল অফ ম্যান"
	},
	"IS": {
		"name": "আইসল্যান্ড"
	},
	"AZ": {
		"name": "আজারবাইজান"
	},
	"AD": {
		"name": "আন্ডোরা"
	},
	"AF": {
		"name": "আফগানিস্তান"
	},
	"AS": {
		"name": "আমেরিকান সামোয়া"
	},
	"IE": {
		"name": "আয়ারল্যান্ড"
	},
	"AW": {
		"name": "আরুবা"
	},
	"AR": {
		"name": "আর্জেন্টিনা"
	},
	"AM": {
		"name": "আর্মেনিয়া"
	},
	"DZ": {
		"name": "আলজেরিয়া"
	},
	"AL": {
		"name": "আলবেনিয়া"
	},
	"AX": {
		"name": "আলান্ড দ্বীপপুঞ্জ"
	},
	"UA": {
		"name": "ইউক্রেন"
	},
	"EC": {
		"name": "ইকুয়েডর"
	},
	"IL": {
		"name": "ইজরায়েল"
	},
	"IT": {
		"name": "ইতালি"
	},
	"ID": {
		"name": "ইন্দোনেশিয়া"
	},
	"ET": {
		"name": "ইফিওপিয়া"
	},
	"YE": {
		"name": "ইয়েমেন"
	},
	"IQ": {
		"name": "ইরাক"
	},
	"IR": {
		"name": "ইরান"
	},
	"ER": {
		"name": "ইরিত্রিয়া"
	},
	"UG": {
		"name": "উগান্ডা"
	},
	"UZ": {
		"name": "উজবেকিস্তান"
	},
	"KP": {
		"name": "উত্তর কোরিয়া"
	},
	"MP": {
		"name": "উত্তরাঞ্চলীয় মারিয়ানা দ্বীপপুঞ্জ"
	},
	"UY": {
		"name": "উরুগুয়ে"
	},
	"AG": {
		"name": "এন্টিগুয়া ও বারবুডা"
	},
	"SV": {
		"name": "এল সালভেদর"
	},
	"EE": {
		"name": "এস্তোনিয়া"
	},
	"AI": {
		"name": "এ্যাঙ্গুইলা"
	},
	"OM": {
		"name": "ওমান"
	},
	"WF": {
		"name": "ওয়ালিস ও ফুটুনা"
	},
	"CG": {
		"name": "কঙ্গো - ব্রাজাভিল"
	},
	"CD": {
		"name": "কঙ্গো-কিনশাসা"
	},
	"KM": {
		"name": "কমোরোস"
	},
	"KH": {
		"name": "কম্বোডিয়া"
	},
	"CO": {
		"name": "কলম্বিয়া"
	},
	"XK": {
		"name": "কসোভো"
	},
	"KZ": {
		"name": "কাজাখস্তান"
	},
	"QA": {
		"name": "কাতার"
	},
	"CA": {
		"name": "কানাডা"
	},
	"CU": {
		"name": "কিউবা"
	},
	"CW": {
		"name": "কিউরাসাও"
	},
	"KG": {
		"name": "কিরগিজিস্তান"
	},
	"KI": {
		"name": "কিরিবাতি"
	},
	"EA": {
		"name": "কুউটা এবং মেলিলা"
	},
	"CK": {
		"name": "কুক দ্বীপপুঞ্জ"
	},
	"KW": {
		"name": "কুয়েত"
	},
	"KE": {
		"name": "কেনিয়া"
	},
	"CV": {
		"name": "কেপভার্দে"
	},
	"KY": {
		"name": "কেম্যান দ্বীপপুঞ্জ"
	},
	"CC": {
		"name": "কোকোস (কিলিং) দ্বীপপুঞ্জ"
	},
	"CR": {
		"name": "কোস্টারিকা"
	},
	"IC": {
		"name": "ক্যানারি দ্বীপপুঞ্জ"
	},
	"CM": {
		"name": "ক্যামেরুন"
	},
	"BQ": {
		"name": "ক্যারিবিয়ান নেদারল্যান্ডস"
	},
	"CX": {
		"name": "ক্রিসমাস দ্বীপ"
	},
	"HR": {
		"name": "ক্রোয়েশিয়া"
	},
	"GM": {
		"name": "গাম্বিয়া"
	},
	"GN": {
		"name": "গিনি"
	},
	"GW": {
		"name": "গিনি-বিসাউ"
	},
	"GY": {
		"name": "গিয়ানা"
	},
	"GT": {
		"name": "গুয়াতেমালা"
	},
	"GP": {
		"name": "গুয়াদেলৌপ"
	},
	"GU": {
		"name": "গুয়াম"
	},
	"GA": {
		"name": "গ্যাবন"
	},
	"GG": {
		"name": "গ্রাঞ্জি"
	},
	"GL": {
		"name": "গ্রীনল্যান্ড"
	},
	"GR": {
		"name": "গ্রীস"
	},
	"GD": {
		"name": "গ্রেনাডা"
	},
	"GH": {
		"name": "ঘানা"
	},
	"TD": {
		"name": "চাদ"
	},
	"CL": {
		"name": "চিলি"
	},
	"CN": {
		"name": "চীন"
	},
	"CZ": {
		"name": "চেক প্রজাতন্ত্র"
	},
	"GE": {
		"name": "জর্জিয়া"
	},
	"JO": {
		"name": "জর্ডন"
	},
	"JP": {
		"name": "জাপান"
	},
	"JM": {
		"name": "জামাইকা"
	},
	"ZM": {
		"name": "জাম্বিয়া"
	},
	"DE": {
		"name": "জার্মানি"
	},
	"JE": {
		"name": "জার্সি"
	},
	"DJ": {
		"name": "জিবুতি"
	},
	"GI": {
		"name": "জিব্রাল্টার"
	},
	"ZW": {
		"name": "জিম্বাবোয়ে"
	},
	"TV": {
		"name": "টুভালু"
	},
	"TK": {
		"name": "টোকেলাউ"
	},
	"TG": {
		"name": "টোগো"
	},
	"TO": {
		"name": "টোঙ্গা"
	},
	"TA": {
		"name": "ট্রিস্টান ডা কুনহা"
	},
	"DK": {
		"name": "ডেনমার্ক"
	},
	"DM": {
		"name": "ডোমিনিকা"
	},
	"DO": {
		"name": "ডোমেনিকান প্রজাতন্ত্র"
	},
	"TW": {
		"name": "তাইওয়ান"
	},
	"TJ": {
		"name": "তাজিকস্থান"
	},
	"TZ": {
		"name": "তাঞ্জানিয়া"
	},
	"TN": {
		"name": "তিউনিসিয়া"
	},
	"TL": {
		"name": "তিমুর-লেস্তে"
	},
	"TR": {
		"name": "তুরস্ক"
	},
	"TM": {
		"name": "তুর্কমেনিস্তান"
	},
	"TC": {
		"name": "তুর্কস ও কাইকোস দ্বীপপুঞ্জ"
	},
	"TT": {
		"name": "ত্রিনিনাদ ও টোব্যাগো"
	},
	"TH": {
		"name": "থাইল্যান্ড"
	},
	"ZA": {
		"name": "দক্ষিণ আফ্রিকা"
	},
	"KR": {
		"name": "দক্ষিণ কোরিয়া"
	},
	"GS": {
		"name": "দক্ষিণ জর্জিয়া ও দক্ষিণ স্যান্ডউইচ দ্বীপপুঞ্জ"
	},
	"SS": {
		"name": "দক্ষিণ সুদান"
	},
	"DG": {
		"name": "দিয়েগো গার্সিয়া"
	},
	"NO": {
		"name": "নরওয়ে"
	},
	"NE": {
		"name": "নাইজার"
	},
	"NG": {
		"name": "নাইজেরিয়া"
	},
	"NR": {
		"name": "নাউরু"
	},
	"NA": {
		"name": "নামিবিয়া"
	},
	"NC": {
		"name": "নিউ ক্যালেডোনিয়া"
	},
	"NZ": {
		"name": "নিউজিল্যান্ড"
	},
	"NU": {
		"name": "নিউয়ে"
	},
	"NI": {
		"name": "নিকারাগুয়া"
	},
	"GQ": {
		"name": "নিরক্ষীয় গিনি"
	},
	"NF": {
		"name": "নিরফোক দ্বীপ"
	},
	"NL": {
		"name": "নেদারল্যান্ডস"
	},
	"NP": {
		"name": "নেপাল"
	},
	"PT": {
		"name": "পর্তুগাল"
	},
	"EH": {
		"name": "পশ্চিম সাহারা"
	},
	"PK": {
		"name": "পাকিস্তান"
	},
	"PA": {
		"name": "পানামা"
	},
	"PG": {
		"name": "পাপুয়া নিউ গিনি"
	},
	"PW": {
		"name": "পালাউ"
	},
	"PN": {
		"name": "পিটকেয়ার্ন দ্বীপপুঞ্জ"
	},
	"PR": {
		"name": "পুয়ের্তো রিকো"
	},
	"PE": {
		"name": "পেরু"
	},
	"PL": {
		"name": "পোল্যান্ড"
	},
	"PY": {
		"name": "প্যারাগুয়ে"
	},
	"FK": {
		"name": "ফকল্যান্ড দ্বীপপুঞ্জ"
	},
	"GF": {
		"name": "ফরাসী গায়ানা"
	},
	"TF": {
		"name": "ফরাসী দক্ষিণাঞ্চল"
	},
	"PF": {
		"name": "ফরাসী পলিনেশিয়া"
	},
	"FJ": {
		"name": "ফিজি"
	},
	"FI": {
		"name": "ফিনল্যান্ড"
	},
	"PH": {
		"name": "ফিলিপাইন"
	},
	"PS": {
		"name": "ফিলিস্তিন অঞ্চলসমূহ"
	},
	"FO": {
		"name": "ফ্যারও দ্বীপপুঞ্জ"
	},
	"FR": {
		"name": "ফ্রান্স"
	},
	"BW": {
		"name": "বতসোয়ানা"
	},
	"BO": {
		"name": "বলিভিয়া"
	},
	"BA": {
		"name": "বসনিয়া ও হার্জেগোভিনা"
	},
	"BD": {
		"name": "বাংলাদেশ"
	},
	"BB": {
		"name": "বারবাদোস"
	},
	"BM": {
		"name": "বারমুডা"
	},
	"BH": {
		"name": "বাহরাইন"
	},
	"BS": {
		"name": "বাহামা দ্বীপপুঞ্জ"
	},
	"BF": {
		"name": "বুরকিনা ফাসো"
	},
	"BI": {
		"name": "বুরুন্ডি"
	},
	"BG": {
		"name": "বুলগেরিয়া"
	},
	"BJ": {
		"name": "বেনিন"
	},
	"BE": {
		"name": "বেলজিয়াম"
	},
	"BY": {
		"name": "বেলারুশ"
	},
	"BZ": {
		"name": "বেলিজ"
	},
	"BR": {
		"name": "ব্রাজিল"
	},
	"IO": {
		"name": "ব্রিটিশ ভারত মহাসাগরীয় অঞ্চল"
	},
	"VG": {
		"name": "ব্রিটিশ ভার্জিন দ্বীপপুঞ্জ"
	},
	"BN": {
		"name": "ব্রুনেই"
	},
	"VU": {
		"name": "ভানুয়াটু"
	},
	"IN": {
		"name": "ভারত"
	},
	"VN": {
		"name": "ভিয়েতনাম"
	},
	"BT": {
		"name": "ভুটান"
	},
	"VE": {
		"name": "ভেনেজুয়েলা"
	},
	"VA": {
		"name": "ভ্যাটিকান সিটি"
	},
	"MN": {
		"name": "মঙ্গোলিয়া"
	},
	"CF": {
		"name": "মধ্য আফ্রিকার প্রজাতন্ত্র"
	},
	"MS": {
		"name": "মন্টসেরাট"
	},
	"ME": {
		"name": "মন্টিনিগ্রো"
	},
	"MR": {
		"name": "মরিতানিয়া"
	},
	"MU": {
		"name": "মরিশাস"
	},
	"MD": {
		"name": "মলডোভা"
	},
	"FM": {
		"name": "মাইক্রোনেশিয়া"
	},
	"MG": {
		"name": "মাদাগাস্কার"
	},
	"MM": {
		"name": "মায়ানমার (বার্মা)"
	},
	"YT": {
		"name": "মায়োত্তে"
	},
	"US": {
		"name": "মার্কিন যুক্তরাষ্ট্র"
	},
	"UM": {
		"name": "মার্কিন যুক্তরাষ্ট্রের পার্শ্ববর্তী দ্বীপপুঞ্জ"
	},
	"VI": {
		"name": "মার্কিন যুক্তরাষ্ট্রের ভার্জিন দ্বীপপুঞ্জ"
	},
	"MQ": {
		"name": "মার্টিনিক"
	},
	"MH": {
		"name": "মার্শাল দ্বীপপুঞ্জ"
	},
	"MV": {
		"name": "মালদ্বীপ"
	},
	"MY": {
		"name": "মালয়েশিয়া"
	},
	"MW": {
		"name": "মালাউই"
	},
	"ML": {
		"name": "মালি"
	},
	"MT": {
		"name": "মাল্টা"
	},
	"EG": {
		"name": "মিশর"
	},
	"MX": {
		"name": "মেক্সিকো"
	},
	"MZ": {
		"name": "মোজাম্বিক"
	},
	"MC": {
		"name": "মোনাকো"
	},
	"MA": {
		"name": "মোরক্কো"
	},
	"MO": {
		"name": "ম্যাকাও এসএআর চীনা"
	},
	"MK": {
		"name": "ম্যাসাডোনিয়া"
	},
	"GB": {
		"name": "যুক্তরাজ্য"
	},
	"RU": {
		"name": "রাশিয়া"
	},
	"RE": {
		"name": "রিইউনিয়ন"
	},
	"RW": {
		"name": "রুয়ান্ডা"
	},
	"RO": {
		"name": "রোমানিয়া"
	},
	"LR": {
		"name": "লাইবেরিয়া"
	},
	"LA": {
		"name": "লাওস"
	},
	"LU": {
		"name": "লাক্সেমবার্গ"
	},
	"LV": {
		"name": "লাত্ভিয়া"
	},
	"LI": {
		"name": "লিচেনস্টেইন"
	},
	"LT": {
		"name": "লিথুয়ানিয়া"
	},
	"LY": {
		"name": "লিবিয়া"
	},
	"LB": {
		"name": "লেবানন"
	},
	"LS": {
		"name": "লেসোথো"
	},
	"LK": {
		"name": "শ্রীলঙ্কা"
	},
	"AE": {
		"name": "সংযুক্ত আরব আমিরাত"
	},
	"SB": {
		"name": "সলোমন দ্বীপপুঞ্জ"
	},
	"CY": {
		"name": "সাইপ্রাস"
	},
	"ST": {
		"name": "সাওটোমা ও প্রিন্সিপি"
	},
	"SM": {
		"name": "সান মারিনো"
	},
	"WS": {
		"name": "সামোয়া"
	},
	"RS": {
		"name": "সার্বিয়া"
	},
	"SG": {
		"name": "সিঙ্গাপুর"
	},
	"SX": {
		"name": "সিন্ট মার্টেন"
	},
	"SL": {
		"name": "সিয়েরালিওন"
	},
	"SY": {
		"name": "সিরিয়া"
	},
	"SC": {
		"name": "সিসিলি"
	},
	"CH": {
		"name": "সুইজারল্যান্ড"
	},
	"SE": {
		"name": "সুইডেন"
	},
	"SD": {
		"name": "সুদান"
	},
	"SR": {
		"name": "সুরিনাম"
	},
	"SN": {
		"name": "সেনেগাল"
	},
	"KN": {
		"name": "সেন্ট কিটস ও নেভিস"
	},
	"PM": {
		"name": "সেন্ট পিয়ের ও মিকুয়েলন"
	},
	"BL": {
		"name": "সেন্ট বারথেলিমি"
	},
	"VC": {
		"name": "সেন্ট ভিনসেন্ট ও দ্যা গ্রেনাডিনস"
	},
	"MF": {
		"name": "সেন্ট মার্টিন"
	},
	"LC": {
		"name": "সেন্ট লুসিয়া"
	},
	"SH": {
		"name": "সেন্ট হেলেনা"
	},
	"SO": {
		"name": "সোমালিয়া"
	},
	"SZ": {
		"name": "সোয়াজিল্যান্ড"
	},
	"SA": {
		"name": "সৌদি আরব"
	},
	"ES": {
		"name": "স্পেন"
	},
	"SJ": {
		"name": "স্বালবার্ড ও জান মেয়েন"
	},
	"SK": {
		"name": "স্লোভাকিয়া"
	},
	"SI": {
		"name": "স্লোভানিয়া"
	},
	"HK": {
		"name": "হংকং এসএআর চীনা"
	},
	"HN": {
		"name": "হন্ডুরাস"
	},
	"HT": {
		"name": "হাইতি"
	},
	"HU": {
		"name": "হাঙ্গেরি"
	}
}