{
	"AC": {
		"name": "Ascension Island"
	},
	"IC": {
		"name": "Canary Islands"
	},
	"BQ": {
		"name": "Caribbean Netherlands"
	},
	"EA": {
		"name": "Ceuta & Melilla"
	},
	"CW": {
		"name": "Curaçao"
	},
	"DG": {
		"name": "Diego Garcia"
	},
	"XK": {
		"name": "Kosovo"
	},
	"SX": {
		"name": "Sint Maarten"
	},
	"SS": {
		"name": "South Sudan"
	},
	"TA": {
		"name": "Tristan da Cunha"
	},
	"AO": {
		"name": "अंगोला"
	},
	"AZ": {
		"name": "अज़रबैजान"
	},
	"AQ": {
		"name": "अंटार्कटिका"
	},
	"AF": {
		"name": "अफ़ग़ानिस्तान"
	},
	"AS": {
		"name": "अमरिकी समोआ"
	},
	"AW": {
		"name": "अरूबा"
	},
	"AR": {
		"name": "अर्जेण्टिना"
	},
	"DZ": {
		"name": "अल्जीरिया"
	},
	"AL": {
		"name": "अल्बानिया"
	},
	"IS": {
		"name": "आइसलैंड"
	},
	"IM": {
		"name": "आईल ऑफ़ मैन"
	},
	"CI": {
		"name": "आईवरी कोस्ट"
	},
	"IE": {
		"name": "आयरलैंड"
	},
	"AM": {
		"name": "आर्मेनिया"
	},
	"AX": {
		"name": "आलाँड द्वीप"
	},
	"GQ": {
		"name": "इक्वेटोरियल गिनी"
	},
	"IT": {
		"name": "इटली"
	},
	"ID": {
		"name": "इंडोनेशिया"
	},
	"ET": {
		"name": "इथिओपिया"
	},
	"IL": {
		"name": "इस्राइल"
	},
	"IQ": {
		"name": "ईराक़"
	},
	"IR": {
		"name": "ईरान"
	},
	"UZ": {
		"name": "उज़बेकिस्तान"
	},
	"KP": {
		"name": "उत्तर कोरिया"
	},
	"MP": {
		"name": "उत्तरी मारियाना द्वीप"
	},
	"AD": {
		"name": "ऍन्डोरा"
	},
	"SV": {
		"name": "ऍल साल्वाडोर"
	},
	"EC": {
		"name": "एक्वाडोर"
	},
	"AI": {
		"name": "एंगीला"
	},
	"AG": {
		"name": "एन्टिगुआ एवं बारबूडा"
	},
	"ER": {
		"name": "एरिट्रिया"
	},
	"EE": {
		"name": "एस्टोनिया"
	},
	"AT": {
		"name": "ऑस्ट्रिया"
	},
	"AU": {
		"name": "ऑस्ट्रेलिया"
	},
	"OM": {
		"name": "ओमान"
	},
	"KZ": {
		"name": "कज़ाखस्तान"
	},
	"QA": {
		"name": "क़तार"
	},
	"KH": {
		"name": "कम्बोडिया"
	},
	"KI": {
		"name": "किरिबाती"
	},
	"KG": {
		"name": "किर्गिज़"
	},
	"CK": {
		"name": "कुक द्वीप"
	},
	"KW": {
		"name": "कुवैत"
	},
	"KE": {
		"name": "केन्या"
	},
	"KY": {
		"name": "केमैन द्वीप"
	},
	"CA": {
		"name": "कैनाडा"
	},
	"CV": {
		"name": "कैप वेर्दे"
	},
	"CD": {
		"name": "कॉंगो किनशासा"
	},
	"CG": {
		"name": "कॉंगो ब्राज़्ज़ावील"
	},
	"CC": {
		"name": "कोकोस द्वीप"
	},
	"CM": {
		"name": "कोमेरान"
	},
	"KM": {
		"name": "कोमोरोज़"
	},
	"CO": {
		"name": "कोलम्बिया"
	},
	"CR": {
		"name": "कोस्टारीका"
	},
	"CU": {
		"name": "क्यूबा"
	},
	"CX": {
		"name": "क्रिस्मस द्वीप"
	},
	"HR": {
		"name": "क्रोएशिया"
	},
	"GM": {
		"name": "गाम्बिया"
	},
	"GN": {
		"name": "गिनी"
	},
	"GW": {
		"name": "गीनी-बिसाउ"
	},
	"GU": {
		"name": "गुआम"
	},
	"GY": {
		"name": "गुयाना"
	},
	"GG": {
		"name": "गेर्नसे"
	},
	"GA": {
		"name": "गैबॉन"
	},
	"GT": {
		"name": "गोतेदाला"
	},
	"GL": {
		"name": "ग्रीनलैण्ड"
	},
	"GR": {
		"name": "ग्रीस"
	},
	"GD": {
		"name": "ग्रेनडा"
	},
	"GP": {
		"name": "ग्वादलुप"
	},
	"GH": {
		"name": "घाना"
	},
	"TD": {
		"name": "चाड"
	},
	"CL": {
		"name": "चिली"
	},
	"CN": {
		"name": "चीन"
	},
	"CZ": {
		"name": "चेक गणराज्य"
	},
	"JM": {
		"name": "जमाइका"
	},
	"DE": {
		"name": "जर्मनी"
	},
	"JE": {
		"name": "जर्सी"
	},
	"JP": {
		"name": "जापान"
	},
	"ZM": {
		"name": "ज़ाम्बिया"
	},
	"GI": {
		"name": "जिब्राल्टर"
	},
	"ZW": {
		"name": "ज़ीम्बाब्वे"
	},
	"GE": {
		"name": "जॉर्जिया"
	},
	"JO": {
		"name": "जॉर्डन"
	},
	"TO": {
		"name": "टॉंगा"
	},
	"TK": {
		"name": "टोकेलौ"
	},
	"TG": {
		"name": "टोगो"
	},
	"TT": {
		"name": "ट्रिनिडाड एवं टोबैगो"
	},
	"DK": {
		"name": "डेनमार्क"
	},
	"DO": {
		"name": "डोमिनिकन गणराज्य"
	},
	"DM": {
		"name": "डोमिनिका"
	},
	"TZ": {
		"name": "तंज़ानिया"
	},
	"TW": {
		"name": "ताइवान"
	},
	"TJ": {
		"name": "ताजिकिस्तान"
	},
	"TM": {
		"name": "तुर्कमेनीस्तान"
	},
	"TR": {
		"name": "तुर्की"
	},
	"TC": {
		"name": "तुर्की एवं कैकोज़ द्वीप"
	},
	"TV": {
		"name": "तुवालु"
	},
	"TN": {
		"name": "त्युनिशिया"
	},
	"TH": {
		"name": "थाइलैण्ड"
	},
	"ZA": {
		"name": "दक्षिण अफ्रीका"
	},
	"KR": {
		"name": "दक्षिण कोरिया"
	},
	"GS": {
		"name": "दक्षिण जोर्जिया एवं दक्षिण सैंडवीच द्वीप"
	},
	"DJ": {
		"name": "द्जिबूती"
	},
	"NG": {
		"name": "नाइजीरिया"
	},
	"NE": {
		"name": "नाइजेर"
	},
	"NR": {
		"name": "नाउरू"
	},
	"NA": {
		"name": "नामीबिया"
	},
	"NI": {
		"name": "निकारागुआ"
	},
	"NU": {
		"name": "नीयूए"
	},
	"NL": {
		"name": "नेदरलैण्ड"
	},
	"NP": {
		"name": "नेपाल"
	},
	"NF": {
		"name": "नॉरफ़ॉक द्वीप"
	},
	"NO": {
		"name": "नॉर्वे"
	},
	"NC": {
		"name": "न्यू कैलेडोनिया"
	},
	"NZ": {
		"name": "न्यूज़ीलैंड"
	},
	"PA": {
		"name": "पनामा"
	},
	"PW": {
		"name": "पलाऊ"
	},
	"EH": {
		"name": "पश्चिमी सहारा"
	},
	"PK": {
		"name": "पाकिस्तान"
	},
	"PG": {
		"name": "पापुआ न्यू गिनी"
	},
	"PY": {
		"name": "पारागुए"
	},
	"PN": {
		"name": "पिटकेर्न"
	},
	"PR": {
		"name": "पुएर्टो रीको"
	},
	"PT": {
		"name": "पुर्तगाल"
	},
	"TL": {
		"name": "पूर्वी तिमोर"
	},
	"PE": {
		"name": "पेरू"
	},
	"PL": {
		"name": "पोलैण्ड"
	},
	"FO": {
		"name": "फरो द्वीप"
	},
	"FJ": {
		"name": "फिजी"
	},
	"FI": {
		"name": "फिनलैंड"
	},
	"PS": {
		"name": "फ़िलिस्तीन"
	},
	"PH": {
		"name": "फिलीपिन्स"
	},
	"FK": {
		"name": "फ़ॉल्कलैंड द्वीप"
	},
	"FR": {
		"name": "फ्राँस"
	},
	"TF": {
		"name": "फ्राँसीसी उत्तरी क्षेत्रों"
	},
	"GF": {
		"name": "फ्राँसीसी गिआना"
	},
	"PF": {
		"name": "फ्राँसीसी पॉलिनीशिया"
	},
	"BD": {
		"name": "बंगलादेश"
	},
	"BM": {
		"name": "बरमूडा"
	},
	"BG": {
		"name": "बल्गैरिया"
	},
	"BH": {
		"name": "बहरैन"
	},
	"BS": {
		"name": "बहामा"
	},
	"BB": {
		"name": "बारबाडोस"
	},
	"BI": {
		"name": "बुरुंडी"
	},
	"BF": {
		"name": "बुर्किना फासो"
	},
	"BJ": {
		"name": "बेनेँ"
	},
	"BY": {
		"name": "बेलारूस"
	},
	"BZ": {
		"name": "बेलिज़"
	},
	"BE": {
		"name": "बेल्जियम"
	},
	"BW": {
		"name": "बोत्स्वाना"
	},
	"BO": {
		"name": "बोलीविया"
	},
	"BA": {
		"name": "बोसनिया हर्ज़ेगोविना"
	},
	"BR": {
		"name": "ब्राज़ील"
	},
	"VG": {
		"name": "ब्रिटिश वर्जीन आईलंड्स"
	},
	"IO": {
		"name": "ब्रिटिश हिंद महासागरिय क्षेत्र"
	},
	"GB": {
		"name": "ब्रितन"
	},
	"BN": {
		"name": "ब्रूनइ"
	},
	"IN": {
		"name": "भारत"
	},
	"BT": {
		"name": "भूटान"
	},
	"MO": {
		"name": "मकाओ विशेष प्रशासनिक क्षेत्र (चीन)"
	},
	"MN": {
		"name": "मंगोलिया"
	},
	"MG": {
		"name": "मदागास्कर"
	},
	"MW": {
		"name": "मलावी"
	},
	"MY": {
		"name": "मलेशिया"
	},
	"FM": {
		"name": "माइक्रोनेशिया"
	},
	"MQ": {
		"name": "मार्टीनिक"
	},
	"MH": {
		"name": "मार्शल द्वीप"
	},
	"MV": {
		"name": "मालदीव"
	},
	"ML": {
		"name": "माली"
	},
	"MT": {
		"name": "माल्टा"
	},
	"EG": {
		"name": "मिस्र"
	},
	"MX": {
		"name": "मैक्सिको"
	},
	"YT": {
		"name": "मैयौट"
	},
	"MK": {
		"name": "मैसेडोनिया"
	},
	"MR": {
		"name": "मॉरिटेनिया"
	},
	"MU": {
		"name": "मॉरिस"
	},
	"MS": {
		"name": "मॉंसेरा"
	},
	"MZ": {
		"name": "मोज़ाम्बिक"
	},
	"ME": {
		"name": "मोंटेनेग्रो"
	},
	"MC": {
		"name": "मोनाको"
	},
	"MA": {
		"name": "मोरोक्को"
	},
	"MD": {
		"name": "मोल्डेविया"
	},
	"MM": {
		"name": "म्यानमार"
	},
	"YE": {
		"name": "यमन"
	},
	"VI": {
		"name": "यु.एस. वर्जीन आईलंड्स"
	},
	"UG": {
		"name": "युगाँडा"
	},
	"UM": {
		"name": "युनाइटेड स्टेट्स के छोटे बाहरिय द्वीप"
	},
	"UY": {
		"name": "युरूगुए"
	},
	"UA": {
		"name": "यूक्रेन"
	},
	"RW": {
		"name": "रूआण्डा"
	},
	"RU": {
		"name": "रूस"
	},
	"RE": {
		"name": "रेयूनियॉं"
	},
	"RO": {
		"name": "रोमानिया"
	},
	"LU": {
		"name": "लक्समबर्ग"
	},
	"LS": {
		"name": "लसोथो"
	},
	"LR": {
		"name": "लाइबेरिया"
	},
	"LA": {
		"name": "लाओस"
	},
	"LV": {
		"name": "लाट्वीया"
	},
	"LI": {
		"name": "लिक्टैनस्टाईन"
	},
	"LT": {
		"name": "लिथुआनिया"
	},
	"LY": {
		"name": "लीबिया"
	},
	"LB": {
		"name": "लेबनोन"
	},
	"VU": {
		"name": "वानाऊटु"
	},
	"VN": {
		"name": "वियतनाम"
	},
	"VE": {
		"name": "वेनेज़ुएला"
	},
	"VA": {
		"name": "वैटिकन"
	},
	"WF": {
		"name": "वॉलेस एवं फ़्यूचूना"
	},
	"LK": {
		"name": "श्री लँका"
	},
	"SA": {
		"name": "सऊदी अरब"
	},
	"WS": {
		"name": "समोआ"
	},
	"AE": {
		"name": "संयुक्त अरब अमीरात"
	},
	"US": {
		"name": "संयुक्त राज्य अमरिका"
	},
	"RS": {
		"name": "सर्बिया"
	},
	"CY": {
		"name": "साइप्रस"
	},
	"ST": {
		"name": "साउँ-तोमे एवं प्रिंसिप"
	},
	"SG": {
		"name": "सिंगापुर"
	},
	"SL": {
		"name": "सियेरा लेओन"
	},
	"SY": {
		"name": "सीरिया"
	},
	"SR": {
		"name": "सुरिनाम"
	},
	"SD": {
		"name": "सूदान"
	},
	"PM": {
		"name": "सेँ पीएर एवं मि‍केलॉं"
	},
	"BL": {
		"name": "सेँ बार्थेलेमी"
	},
	"MF": {
		"name": "सेँ मार्टेँ"
	},
	"KN": {
		"name": "सेंट किट्स एवं नेविस"
	},
	"LC": {
		"name": "सेंट लूसिया"
	},
	"VC": {
		"name": "सेंट विंसंट एवं दी ग्रनाडीन्स्"
	},
	"CF": {
		"name": "सेंट्रल अफ्रीकन रिपब्लिक"
	},
	"SH": {
		"name": "सेण्‍ट हेलेना"
	},
	"SN": {
		"name": "सेनेगाल"
	},
	"SC": {
		"name": "सेशेल्स"
	},
	"SM": {
		"name": "सैन मरीनो"
	},
	"SB": {
		"name": "सॉलोमन द्वीप"
	},
	"SO": {
		"name": "सोमालिया"
	},
	"ES": {
		"name": "स्पेन"
	},
	"SK": {
		"name": "स्लोवाकिया"
	},
	"SI": {
		"name": "स्लोवेनिया"
	},
	"SZ": {
		"name": "स्वाज़ीलैंड"
	},
	"SJ": {
		"name": "स्वाल्बार्ड एवं यान मायेन"
	},
	"CH": {
		"name": "स्वित्ज़रलैंड"
	},
	"SE": {
		"name": "स्वीडन"
	},
	"HU": {
		"name": "हंगरी"
	},
	"HT": {
		"name": "हाइती"
	},
	"HK": {
		"name": "हाँगकाँग विशेष प्रशासनिक क्षेत्र चीन"
	},
	"HN": {
		"name": "हौण्डूरास"
	}
}