{
	"AU": {
		"name": "Австрали"
	},
	"AT": {
		"name": "Австри"
	},
	"AZ": {
		"name": "Азербайджан"
	},
	"AC": {
		"name": "Айъадаларан гӀайре"
	},
	"AX": {
		"name": "Аландан гӀайренаш"
	},
	"AL": {
		"name": "Албани"
	},
	"DZ": {
		"name": "Алжир"
	},
	"AS": {
		"name": "Американ Самоа"
	},
	"AI": {
		"name": "Ангилья"
	},
	"AO": {
		"name": "Ангола"
	},
	"AD": {
		"name": "Андорра"
	},
	"AQ": {
		"name": "Антарктида"
	},
	"AG": {
		"name": "Антигуа а, Барбуда а"
	},
	"AR": {
		"name": "Аргентина"
	},
	"AW": {
		"name": "Аруба"
	},
	"UM": {
		"name": "АЦШн арахьара кегийн гӀайренаш"
	},
	"BS": {
		"name": "Багаман гӀайренаш"
	},
	"BD": {
		"name": "Бангладеш"
	},
	"BB": {
		"name": "Барбадос"
	},
	"BH": {
		"name": "Бахрейн"
	},
	"BZ": {
		"name": "Белиз"
	},
	"BY": {
		"name": "Белорусси"
	},
	"BE": {
		"name": "Бельги"
	},
	"BJ": {
		"name": "Бенин"
	},
	"BM": {
		"name": "Бермудан гӀайренаш"
	},
	"BG": {
		"name": "Болгари"
	},
	"BO": {
		"name": "Боливи"
	},
	"BQ": {
		"name": "Бонэйр, Синт-Эстатиус а, Саба а"
	},
	"BA": {
		"name": "Босни а, Герцеговина а"
	},
	"BW": {
		"name": "Ботсвана"
	},
	"BR": {
		"name": "Бразили"
	},
	"IO": {
		"name": "Британин латта Индин океанехь"
	},
	"BN": {
		"name": "Бруней-Даруссалам"
	},
	"BF": {
		"name": "Буркина- Фасо"
	},
	"BI": {
		"name": "Бурунди"
	},
	"BT": {
		"name": "Бутан"
	},
	"VU": {
		"name": "Вануату"
	},
	"VA": {
		"name": "Ватикан"
	},
	"HU": {
		"name": "Венгри"
	},
	"VE": {
		"name": "Венесуэла"
	},
	"VI": {
		"name": "Виргинийн гӀайренаш (АЦШ)"
	},
	"VG": {
		"name": "Виргинийн гӀайренаш (Британи)"
	},
	"VN": {
		"name": "Вьетнам"
	},
	"GA": {
		"name": "Габон"
	},
	"HT": {
		"name": "Гаити"
	},
	"GY": {
		"name": "Гайана"
	},
	"GM": {
		"name": "Гамби"
	},
	"GH": {
		"name": "Гана"
	},
	"GP": {
		"name": "Гваделупа"
	},
	"GT": {
		"name": "Гватемала"
	},
	"GN": {
		"name": "Гвиней"
	},
	"GW": {
		"name": "Гвиней-Бисау"
	},
	"DE": {
		"name": "Германи"
	},
	"GG": {
		"name": "Гернси"
	},
	"GI": {
		"name": "Гибралтар"
	},
	"HN": {
		"name": "Гондурас"
	},
	"HK": {
		"name": "Гонконг (ша-къаьстина кӀошт)"
	},
	"GD": {
		"name": "Гренада"
	},
	"GL": {
		"name": "Гренланди"
	},
	"GR": {
		"name": "Греци"
	},
	"GU": {
		"name": "Гуам"
	},
	"GE": {
		"name": "Гуьржийчоь"
	},
	"IR": {
		"name": "ГӀажарийчоь"
	},
	"CX": {
		"name": "ГӀайре ӏиса пайхӏамар вина де"
	},
	"DK": {
		"name": "Дани"
	},
	"CD": {
		"name": "Демократин Республика Конго"
	},
	"JE": {
		"name": "Джерси"
	},
	"DJ": {
		"name": "Джибути"
	},
	"DG": {
		"name": "Диего-Гарси"
	},
	"DM": {
		"name": "Доминика"
	},
	"DO": {
		"name": "Доминикан Республика"
	},
	"ZM": {
		"name": "Замби"
	},
	"ZW": {
		"name": "Зимбабве"
	},
	"IL": {
		"name": "Израиль"
	},
	"IN": {
		"name": "Инди"
	},
	"ID": {
		"name": "Индонези"
	},
	"IE": {
		"name": "Ирланди"
	},
	"IS": {
		"name": "Исланди"
	},
	"ES": {
		"name": "Испани"
	},
	"IT": {
		"name": "Итали"
	},
	"YE": {
		"name": "Йемен"
	},
	"GB": {
		"name": "Йоккха Британи"
	},
	"CV": {
		"name": "Кабо-Верде"
	},
	"KZ": {
		"name": "Казахстан"
	},
	"KY": {
		"name": "Кайман гӀайренаш"
	},
	"KH": {
		"name": "Камбоджа"
	},
	"CM": {
		"name": "Камерун"
	},
	"CA": {
		"name": "Канада"
	},
	"IC": {
		"name": "Канаран гӀайренаш"
	},
	"QA": {
		"name": "Катар"
	},
	"KE": {
		"name": "Кени"
	},
	"NZ": {
		"name": "Керла Зеланди"
	},
	"NC": {
		"name": "Керла Каледони"
	},
	"CY": {
		"name": "Кипр"
	},
	"KG": {
		"name": "Киргизи"
	},
	"KI": {
		"name": "Кирибати"
	},
	"CN": {
		"name": "Китай"
	},
	"CC": {
		"name": "Кокосийн гӀайренаш"
	},
	"CO": {
		"name": "Колумби"
	},
	"KM": {
		"name": "Комораш"
	},
	"XK": {
		"name": "Косово"
	},
	"CR": {
		"name": "Коста-Рика"
	},
	"CI": {
		"name": "Кот-Д’ивуар"
	},
	"CU": {
		"name": "Куба"
	},
	"KW": {
		"name": "Кувейт"
	},
	"CK": {
		"name": "Кукан гӀайренаш"
	},
	"GS": {
		"name": "Къилба Джорджи а, Къилба Гавайн гӀайренаш а"
	},
	"KR": {
		"name": "Къилба Корей"
	},
	"SS": {
		"name": "Къилба Судан"
	},
	"ZA": {
		"name": "Къилба-Африкин Республика"
	},
	"KP": {
		"name": "Къилбаседа Корей"
	},
	"MP": {
		"name": "Къилбаседа Марианан гӀайренаш"
	},
	"CW": {
		"name": "Кюрасао"
	},
	"LA": {
		"name": "Лаос"
	},
	"LV": {
		"name": "Латви"
	},
	"LS": {
		"name": "Лесото"
	},
	"LR": {
		"name": "Либери"
	},
	"LB": {
		"name": "Ливан"
	},
	"LY": {
		"name": "Ливи"
	},
	"LT": {
		"name": "Литва"
	},
	"LI": {
		"name": "Лихтенштейн"
	},
	"LU": {
		"name": "Люксембург"
	},
	"MU": {
		"name": "Маврики"
	},
	"MR": {
		"name": "Мавритани"
	},
	"MG": {
		"name": "Мадагаскар"
	},
	"YT": {
		"name": "Майотта"
	},
	"MO": {
		"name": "Макао (ша-къаьстина кӀошт)"
	},
	"MK": {
		"name": "Македони"
	},
	"MW": {
		"name": "Малави"
	},
	"MY": {
		"name": "Малайзи"
	},
	"ML": {
		"name": "Мали"
	},
	"TL": {
		"name": "Малхбален Тимор"
	},
	"EH": {
		"name": "Малхбузен Саьхьара"
	},
	"MV": {
		"name": "Мальдиваш"
	},
	"MT": {
		"name": "Мальта"
	},
	"MA": {
		"name": "Марокко"
	},
	"MQ": {
		"name": "Мартиника"
	},
	"MH": {
		"name": "Маршаллан гӀайренаш"
	},
	"MX": {
		"name": "Мексика"
	},
	"FM": {
		"name": "Микронезин Федеративни штаташ"
	},
	"EG": {
		"name": "Мисар"
	},
	"MZ": {
		"name": "Мозамбик"
	},
	"MD": {
		"name": "Молдави"
	},
	"MC": {
		"name": "Монако"
	},
	"MN": {
		"name": "Монголи"
	},
	"MS": {
		"name": "Монтсеррат"
	},
	"MM": {
		"name": "Мьянма (Бирма)"
	},
	"IM": {
		"name": "Мэн гӀайре"
	},
	"NA": {
		"name": "Намиби"
	},
	"NR": {
		"name": "Науру"
	},
	"NP": {
		"name": "Непал"
	},
	"NE": {
		"name": "Нигер"
	},
	"NG": {
		"name": "Нигери"
	},
	"NL": {
		"name": "Нидерландаш"
	},
	"NI": {
		"name": "Никарагуа"
	},
	"NU": {
		"name": "Ниуэ"
	},
	"NO": {
		"name": "Норвеги"
	},
	"NF": {
		"name": "Норфолк гӀайре"
	},
	"AF": {
		"name": "ОвхӀан-пачхьалкх"
	},
	"OM": {
		"name": "Оман"
	},
	"PK": {
		"name": "Пакистан"
	},
	"PW": {
		"name": "Палау"
	},
	"PS": {
		"name": "Палестинан латтанаш"
	},
	"PA": {
		"name": "Панама"
	},
	"PG": {
		"name": "Папуа — Керла Гвиней"
	},
	"PY": {
		"name": "Парагвай"
	},
	"PE": {
		"name": "Перу"
	},
	"PN": {
		"name": "Питкэрн гӀайренаш"
	},
	"PL": {
		"name": "Польша"
	},
	"PT": {
		"name": "Португали"
	},
	"PR": {
		"name": "Пуэрто-Рико"
	},
	"CG": {
		"name": "Республика Конго"
	},
	"RE": {
		"name": "Реюньон"
	},
	"RU": {
		"name": "Росси"
	},
	"RW": {
		"name": "Руанда"
	},
	"RO": {
		"name": "Румыни"
	},
	"SV": {
		"name": "Сальвадор"
	},
	"WS": {
		"name": "Самоа"
	},
	"SM": {
		"name": "Сан-Марино"
	},
	"ST": {
		"name": "Сан-Томе а, Принсипи а"
	},
	"SA": {
		"name": "СаӀудийн Арави"
	},
	"SZ": {
		"name": "Свазиленд"
	},
	"SC": {
		"name": "Сейшелан гӀайренаш"
	},
	"BL": {
		"name": "Сен-Бартельми"
	},
	"MF": {
		"name": "Сен-Мартен"
	},
	"PM": {
		"name": "Сен-Пьер а, Микелон а"
	},
	"SN": {
		"name": "Сенегал"
	},
	"VC": {
		"name": "Сент-Винсент а, Гренадинаш а"
	},
	"KN": {
		"name": "Сент-Китс а, Невис а"
	},
	"LC": {
		"name": "Сент-Люси"
	},
	"RS": {
		"name": "Серби"
	},
	"EA": {
		"name": "Сеута а, Мелилья а"
	},
	"SH": {
		"name": "Сийлахьчу Еленин гӀайре"
	},
	"SG": {
		"name": "Сингапур"
	},
	"SX": {
		"name": "Синт-Мартен"
	},
	"SK": {
		"name": "Словаки"
	},
	"SI": {
		"name": "Словени"
	},
	"SB": {
		"name": "Соломонан гӀайренаш"
	},
	"SO": {
		"name": "Сомали"
	},
	"SD": {
		"name": "Судан"
	},
	"SR": {
		"name": "Суринам"
	},
	"SL": {
		"name": "Сьерра- Леоне"
	},
	"TJ": {
		"name": "Таджикистан"
	},
	"TH": {
		"name": "Таиланд"
	},
	"TW": {
		"name": "Тайвань"
	},
	"TZ": {
		"name": "Танзани"
	},
	"TC": {
		"name": "Тёркс а, Кайкос а гӀайренаш"
	},
	"TG": {
		"name": "Того"
	},
	"TK": {
		"name": "Токелау"
	},
	"TO": {
		"name": "Тонга"
	},
	"TT": {
		"name": "Тринидад а, Тобаго а"
	},
	"TA": {
		"name": "Тристан-да- Кунья"
	},
	"TV": {
		"name": "Тувалу"
	},
	"TN": {
		"name": "Тунис"
	},
	"TM": {
		"name": "Туркмени"
	},
	"TR": {
		"name": "Туркойчоь"
	},
	"UG": {
		"name": "Уганда"
	},
	"UZ": {
		"name": "Узбекистан"
	},
	"UA": {
		"name": "Украина"
	},
	"WF": {
		"name": "Уоллис а, Футуна а"
	},
	"JO": {
		"name": "Урдан"
	},
	"UY": {
		"name": "Уругвай"
	},
	"FO": {
		"name": "Фарерийн гӀайренаш"
	},
	"FJ": {
		"name": "Фиджи"
	},
	"PH": {
		"name": "Филиппинаш"
	},
	"FI": {
		"name": "Финлянди"
	},
	"FK": {
		"name": "Фолклендан гӀайренаш"
	},
	"FR": {
		"name": "Франци"
	},
	"GF": {
		"name": "Французийн Гвиана"
	},
	"TF": {
		"name": "Французийн къилба латтанаш"
	},
	"PF": {
		"name": "Французийн Полинези"
	},
	"HR": {
		"name": "Хорвати"
	},
	"US": {
		"name": "Цхьанатоьхна Штаташ"
	},
	"TD": {
		"name": "Чад"
	},
	"CZ": {
		"name": "Чехи"
	},
	"CL": {
		"name": "Чили"
	},
	"CH": {
		"name": "Швейцари"
	},
	"SE": {
		"name": "Швеци"
	},
	"SY": {
		"name": "Шема"
	},
	"SJ": {
		"name": "Шпицберген а, Ян-Майен а"
	},
	"LK": {
		"name": "Шри-Ланка"
	},
	"EC": {
		"name": "Эквадор"
	},
	"GQ": {
		"name": "Экваторан Гвиней"
	},
	"ER": {
		"name": "Эритрей"
	},
	"AM": {
		"name": "Эрмалойчоь"
	},
	"EE": {
		"name": "Эстони"
	},
	"ET": {
		"name": "Эфиопи"
	},
	"CF": {
		"name": "Юккъерчу Африкин Республика"
	},
	"JM": {
		"name": "Ямайка"
	},
	"JP": {
		"name": "Япони"
	},
	"AE": {
		"name": "Ӏарбийн Цхьанатоьхна Эмираташ"
	},
	"ME": {
		"name": "Ӏаьржаламанхойчоь"
	},
	"IQ": {
		"name": "Ӏиракъ"
	}
}