{
	"AM": {
		"name": "ᎠᎵᎻᏂᎠ"
	},
	"AL": {
		"name": "ᎠᎵᏇᏂᏯ"
	},
	"DZ": {
		"name": "ᎠᎵᏥᎵᏯ"
	},
	"AW": {
		"name": "ᎠᎷᏆ"
	},
	"AS": {
		"name": "ᎠᎺᎵᎧ ᏌᎼᎠ"
	},
	"GF": {
		"name": "ᎠᏂᎦᎸᏥ ᎩᎠ"
	},
	"PF": {
		"name": "ᎠᏂᎦᎸᏥ ᏆᎵᏂᏏᎠ"
	},
	"TF": {
		"name": "ᎠᏂᎦᎸᏥ ᏧᎦᎾᏮ ᎦᏙᎯ ᎤᎵᏍᏛᎢ"
	},
	"AI": {
		"name": "ᎠᏂᎩᎳ"
	},
	"AO": {
		"name": "ᎠᏂᎪᎳ"
	},
	"PH": {
		"name": "ᎠᏂᏈᎵᎩᏃ"
	},
	"MX": {
		"name": "ᎠᏂᏍᏆᏂ"
	},
	"ES": {
		"name": "ᎠᏂᏍᏆᏂᏱ"
	},
	"SZ": {
		"name": "ᎠᏂᏍᏩᏏᎢ"
	},
	"AD": {
		"name": "ᎠᏂᏙᎳ"
	},
	"TC": {
		"name": "ᎠᏂᏛᎵᎩ ᎠᎴ ᎨᎢᎪ ᏚᎦᏚᏛᎢ"
	},
	"DE": {
		"name": "ᎠᏂᏛᏥ"
	},
	"AT": {
		"name": "ᎠᏍᏟᏯ"
	},
	"AZ": {
		"name": "ᎠᏎᏆᏣᏂ"
	},
	"CK": {
		"name": "ᎠᏓᏍᏓᏴᎲᏍᎩ ᏚᎦᏚᏛᎢ"
	},
	"VA": {
		"name": "ᎠᏥᎳᏁᏠ ᎦᏚᎲ"
	},
	"AR": {
		"name": "ᎠᏥᏂᏘᏂᎠ"
	},
	"AF": {
		"name": "ᎠᏫᎨᏂᏍᏖᏂ"
	},
	"IE": {
		"name": "ᎠᏲᎳᏂ"
	},
	"AU": {
		"name": "ᎡᎳᏗᏜ"
	},
	"SV": {
		"name": "ᎡᎵᏌᎵᏆᏙᎵ"
	},
	"ER": {
		"name": "ᎡᎵᏟᏯ"
	},
	"EC": {
		"name": "ᎡᏆᏙᎵ"
	},
	"GQ": {
		"name": "ᎡᏆᏙᎵᎠᎵ ᎩᎢᏂ"
	},
	"EE": {
		"name": "ᎡᏍᏙᏂᏯ"
	},
	"CV": {
		"name": "ᎢᎬᎾᏕᎾ ᎢᏤᏳᏍᏗ"
	},
	"IQ": {
		"name": "ᎢᎳᎩ"
	},
	"IR": {
		"name": "ᎢᎴᏂ"
	},
	"ID": {
		"name": "ᎢᏂᏙᏂᏍᏯ"
	},
	"IN": {
		"name": "ᎢᏅᏗᎾ"
	},
	"IL": {
		"name": "ᎢᏏᎵᏱ"
	},
	"IT": {
		"name": "ᎢᏔᎵ"
	},
	"ET": {
		"name": "ᎢᏗᎣᏈᎠ"
	},
	"NC": {
		"name": "ᎢᏤ ᎧᎵᏙᏂᎠᏂ"
	},
	"NZ": {
		"name": "ᎢᏤ ᏏᎢᎴᏂᏗ"
	},
	"GL": {
		"name": "ᎢᏤᏍᏛᏱ"
	},
	"EG": {
		"name": "ᎢᏥᏈᎢ"
	},
	"CI": {
		"name": "ᎢᏬᎵ ᎾᎿ ᎠᎹᏳᎶᏗ"
	},
	"AX": {
		"name": "ᎣᎴᏅᏓ ᏚᎦᏚᏛᎢ"
	},
	"OM": {
		"name": "ᎣᎺᏂ"
	},
	"AC": {
		"name": "ᎤᎵᏌᎳᏓᏅ ᎤᎦᏚᏛᎢ"
	},
	"UZ": {
		"name": "ᎤᏍᏇᎩᏍᏖᏂ"
	},
	"IM": {
		"name": "ᎤᏍᏗ ᎤᎦᏚᏛᎢ ᎾᎿ ᎠᏍᎦᏯ"
	},
	"KN": {
		"name": "ᎤᏓᏅᏘ ᎨᏘᏏ ᎠᎴ ᏁᏪᏏ"
	},
	"SH": {
		"name": "ᎤᏓᏅᏘ ᎮᎵᎾ"
	},
	"LC": {
		"name": "ᎤᏓᏅᏘ ᎷᏏᏯ"
	},
	"SM": {
		"name": "ᎤᏓᏅᏘ ᎹᎵᎢᏃ"
	},
	"BL": {
		"name": "ᎤᏓᏅᏘ ᏆᏕᎳᎻ"
	},
	"PM": {
		"name": "ᎤᏓᏅᏘ ᏈᏰ ᎠᎴ ᎻᏇᎶᏂ"
	},
	"MF": {
		"name": "ᎤᏓᏅᏘ ᏡᏡ"
	},
	"VC": {
		"name": "ᎤᏓᏅᏘ ᏫᏂᏏᏂᏗ ᎠᎴ ᎾᏍᎩ ᏇᎾᏗᏁᏍ"
	},
	"AG": {
		"name": "ᎤᏪᏘ ᎠᎴ ᏆᏊᏓ"
	},
	"GH": {
		"name": "ᎦᎠᎾ"
	},
	"FR": {
		"name": "ᎦᎸᏥᏱ"
	},
	"GM": {
		"name": "ᎦᎹᏈᎢᎠ"
	},
	"GA": {
		"name": "ᎦᏉᏂ"
	},
	"GY": {
		"name": "ᎦᏯᎾ"
	},
	"KI": {
		"name": "ᎧᎵᏆᏘ"
	},
	"BQ": {
		"name": "ᎧᎵᏈᎢᏂᎯ ᎾᏍᎩᏁᏛᎳᏂ"
	},
	"HR": {
		"name": "ᎧᎶᎡᏏᎠ"
	},
	"CM": {
		"name": "ᎧᎹᎷᏂ"
	},
	"KH": {
		"name": "ᎧᎹᏉᏗᎠᏂ"
	},
	"CD": {
		"name": "ᎧᏂᎪ - ᎨᏂᏝᏌ"
	},
	"CG": {
		"name": "ᎧᏂᎪ - ᏆᏌᏩᎵ"
	},
	"KZ": {
		"name": "ᎧᏎᎧᏍᏕᏂ"
	},
	"QA": {
		"name": "ᎧᏔᎵ"
	},
	"KY": {
		"name": "ᎨᎢᎹᏂ ᏚᎦᏚᏛᎢ"
	},
	"CA": {
		"name": "ᎨᎾᏓ"
	},
	"KE": {
		"name": "ᎨᏂᏯ"
	},
	"GN": {
		"name": "ᎩᎢᏂ"
	},
	"GW": {
		"name": "ᎩᎢᏂ-ᏈᏌᎤᏫ"
	},
	"GB": {
		"name": "ᎩᎵᏏᏲ"
	},
	"KG": {
		"name": "ᎩᎵᏣᎢᏍ"
	},
	"GR": {
		"name": "ᎪᎢᎯ"
	},
	"CC": {
		"name": "ᎪᎪᏍ (ᎩᎵᏂ) ᏚᎦᏚᏛᎢ"
	},
	"CO": {
		"name": "ᎪᎸᎻᏈᎢᎠ"
	},
	"KM": {
		"name": "ᎪᎼᎳᏍ"
	},
	"CR": {
		"name": "ᎪᏍᏓ ᎵᎧ"
	},
	"XK": {
		"name": "ᎪᏐᏉ"
	},
	"CW": {
		"name": "ᎫᎳᎨᎣ"
	},
	"CU": {
		"name": "ᎫᏆ"
	},
	"KW": {
		"name": "ᎫᏪᎢᏘ"
	},
	"CF": {
		"name": "ᎬᎿᎨᏍᏛ ᎠᏰᏟ ᏍᎦᏚᎩ"
	},
	"GG": {
		"name": "ᎬᏂᏏ"
	},
	"TR": {
		"name": "ᎬᏃ"
	},
	"HN": {
		"name": "ᎭᏂᏚᎳᏍ"
	},
	"HT": {
		"name": "ᎮᎢᏘ"
	},
	"HK": {
		"name": "ᎰᏂᎩ ᎪᏂᎩ ᎤᏓᏤᎵᏓ ᏧᏂᎸᏫᏍᏓᏁᏗ ᎢᎬᎾᏕᎾ ᏓᎶᏂᎨᏍᏛ"
	},
	"HU": {
		"name": "ᎲᏂᎦᎵ"
	},
	"LR": {
		"name": "ᎳᏈᎵᏯ"
	},
	"LV": {
		"name": "ᎳᏘᏫᎠ"
	},
	"LA": {
		"name": "ᎴᎣᏍ"
	},
	"LB": {
		"name": "ᎴᏆᎾᏂ"
	},
	"LS": {
		"name": "ᎴᏐᏙ"
	},
	"RE": {
		"name": "ᎴᏳᏂᎠᏂ"
	},
	"LI": {
		"name": "ᎵᎦᏗᏂᏍᏓᏂ"
	},
	"LY": {
		"name": "ᎵᏈᏯ"
	},
	"LT": {
		"name": "ᎵᏗᏪᏂᎠ"
	},
	"RO": {
		"name": "ᎶᎹᏂᏯ"
	},
	"RW": {
		"name": "ᎶᏩᏂᏓ"
	},
	"LU": {
		"name": "ᎸᎧᏎᏋᎩ"
	},
	"FM": {
		"name": "ᎹᎢᏉᏂᏏᏯ"
	},
	"MO": {
		"name": "ᎹᎧᎣ (ᎤᏓᏤᎵᏓ ᏧᏂᎸᏫᏍᏓᏁᏗ ᎢᎬᎾᏕᎾ) ᏣᎢ"
	},
	"MW": {
		"name": "ᎹᎳᏫ"
	},
	"MY": {
		"name": "ᎹᎴᏏᎢᎠ"
	},
	"ML": {
		"name": "ᎹᎵ"
	},
	"MT": {
		"name": "ᎹᎵᏔ"
	},
	"MV": {
		"name": "ᎹᎵᏗᏫᏍ"
	},
	"MD": {
		"name": "ᎹᎵᏙᏫᎠ"
	},
	"MC": {
		"name": "ᎹᎾᎪ"
	},
	"MN": {
		"name": "ᎹᏂᎪᎵᎠ"
	},
	"MS": {
		"name": "ᎹᏂᏘᏌᎳᏗ"
	},
	"MH": {
		"name": "ᎹᏌᎵ ᏚᎦᏚᏛᎢ"
	},
	"MK": {
		"name": "ᎹᏎᏙᏂᏯ"
	},
	"MG": {
		"name": "ᎹᏓᎦᏍᎧᎵ"
	},
	"MR": {
		"name": "ᎹᏘᎢᏯ"
	},
	"MQ": {
		"name": "ᎹᏘᏂᎨ"
	},
	"MM": {
		"name": "ᎹᏯᎹᎵ"
	},
	"YT": {
		"name": "ᎺᏯᏖ"
	},
	"MU": {
		"name": "ᎼᎵᏏᎥᏍ"
	},
	"MA": {
		"name": "ᎼᎶᎪ"
	},
	"ME": {
		"name": "ᎼᏂᏔᏁᎦᎶ"
	},
	"MZ": {
		"name": "ᎼᏎᎻᏇᎩ"
	},
	"NE": {
		"name": "ᎾᎢᏨ"
	},
	"NA": {
		"name": "ᎾᎻᏈᎢᏯ"
	},
	"BS": {
		"name": "ᎾᏍᎩ ᏆᎭᎹᏍ"
	},
	"NP": {
		"name": "ᏁᏆᎵ"
	},
	"NL": {
		"name": "ᏁᏛᎳᏂ"
	},
	"NI": {
		"name": "ᏂᎧᎳᏆ"
	},
	"NG": {
		"name": "ᏂᏥᎵᏯ"
	},
	"NU": {
		"name": "ᏂᏳ"
	},
	"NR": {
		"name": "ᏃᎤᎷ"
	},
	"NF": {
		"name": "ᏃᎵᏬᎵᎩ ᎤᎦᏚᏛᎢ"
	},
	"NO": {
		"name": "ᏃᏪ"
	},
	"PK": {
		"name": "ᏆᎩᏍᏖᏂ"
	},
	"BH": {
		"name": "ᏆᎭᎴᎢᏂ"
	},
	"PY": {
		"name": "ᏆᎳᏇᎢᏯ"
	},
	"PW": {
		"name": "ᏆᎴᎠᏫ"
	},
	"PS": {
		"name": "ᏆᎴᏍᏗᏂᎠᏂ ᏄᎬᏫᏳᏌᏕᎩ"
	},
	"GU": {
		"name": "ᏆᎻ"
	},
	"PA": {
		"name": "ᏆᎾᎹ"
	},
	"BJ": {
		"name": "ᏆᏂᎢᏂ"
	},
	"BD": {
		"name": "ᏆᏂᎦᎵᏕᏍ"
	},
	"PG": {
		"name": "ᏆᏇ ᎢᏤ ᎩᎢᏂ"
	},
	"BB": {
		"name": "ᏆᏇᏙᏍ"
	},
	"BM": {
		"name": "ᏆᏊᏓ"
	},
	"BR": {
		"name": "ᏆᏏᎵ"
	},
	"BW": {
		"name": "ᏆᏣᏩᎾ"
	},
	"PR": {
		"name": "ᏇᎡᏙ ᎵᎢᎪ"
	},
	"BY": {
		"name": "ᏇᎳᎷᏍ"
	},
	"BZ": {
		"name": "ᏇᎵᏍ"
	},
	"BE": {
		"name": "ᏇᎵᏥᎥᎻ"
	},
	"PE": {
		"name": "ᏇᎷ"
	},
	"PN": {
		"name": "ᏈᎧᎵᏂ ᏚᎦᏚᏛᎢ"
	},
	"VG": {
		"name": "ᏈᏗᏍ ᎠᏒᏂᎸ ᏂᎨᏒᎾ ᏚᎦᏚᏛᎢ"
	},
	"IO": {
		"name": "ᏈᏗᏏ ᏴᏫᏯ ᎠᎺᏉ ᎢᎬᎾᏕᏅ"
	},
	"PL": {
		"name": "ᏉᎳᏂ"
	},
	"BO": {
		"name": "ᏉᎵᏫᎠ"
	},
	"BA": {
		"name": "ᏉᏏᏂᎠ ᎠᎴ ᎲᏤᎪᏫ"
	},
	"PT": {
		"name": "ᏉᏥᎦᎳ"
	},
	"BG": {
		"name": "ᏊᎵᎨᎵᎠ"
	},
	"BN": {
		"name": "ᏊᎾᎢ"
	},
	"BT": {
		"name": "ᏊᏔᏂ"
	},
	"BF": {
		"name": "ᏋᎩᎾ ᏩᏐ"
	},
	"BI": {
		"name": "ᏋᎷᏂᏗ"
	},
	"GD": {
		"name": "ᏋᎾᏓ"
	},
	"CY": {
		"name": "ᏌᎢᏆᏍ"
	},
	"ST": {
		"name": "ᏌᎣ ᏙᎺ ᎠᎴ ᏈᏂᏏᏇ"
	},
	"SA": {
		"name": "ᏌᎤᏗ ᎡᎴᏈᎠ"
	},
	"ZM": {
		"name": "ᏌᎻᏈᏯ"
	},
	"WS": {
		"name": "ᏌᎼᎠ"
	},
	"AE": {
		"name": "ᏌᏊ ᎢᏳᎾᎵᏍᏔᏅ ᎡᎳᏈ ᎢᎹᎵᏘᏏ"
	},
	"US": {
		"name": "ᏌᏊ ᎢᏳᎾᎵᏍᏔᏅ ᏍᎦᏚᎩ"
	},
	"LK": {
		"name": "ᏍᎵ ᎳᏂᎧ"
	},
	"SK": {
		"name": "ᏍᎶᏩᎩᎠ"
	},
	"SI": {
		"name": "ᏍᎶᏫᏂᎠ"
	},
	"SJ": {
		"name": "ᏍᏩᎵᏆᎵᏗ ᎠᎴ ᏤᏂ ᎹᏰᏂ"
	},
	"CH": {
		"name": "ᏍᏫᏍ"
	},
	"SE": {
		"name": "ᏍᏫᏕᏂ"
	},
	"SL": {
		"name": "ᏏᎡᎳ ᎴᎣᏂ"
	},
	"SC": {
		"name": "ᏏᎡᏥᎵᏍ"
	},
	"SY": {
		"name": "ᏏᎵᎠ"
	},
	"ZW": {
		"name": "ᏏᎻᏆᏇ"
	},
	"SN": {
		"name": "ᏏᏂᎦᎵ"
	},
	"SG": {
		"name": "ᏏᏂᎦᏉᎵ"
	},
	"SX": {
		"name": "ᏏᏂᏘ ᎹᏘᏂ"
	},
	"SB": {
		"name": "ᏐᎶᎹᏂ ᏚᎦᏚᏛᎢ"
	},
	"SO": {
		"name": "ᏐᎹᎵ"
	},
	"EA": {
		"name": "ᏑᏔ ᎠᎴ ᎺᎵᏯ"
	},
	"SD": {
		"name": "ᏑᏕᏂ"
	},
	"SR": {
		"name": "ᏒᎵᎾᎻ"
	},
	"RS": {
		"name": "ᏒᏈᏯ"
	},
	"CN": {
		"name": "ᏓᎶᏂᎨᏍᏛ"
	},
	"CX": {
		"name": "ᏓᏂᏍᏓᏲᎯᎲ ᎤᎦᏚᏛᎢ"
	},
	"TW": {
		"name": "ᏔᎢᏩᏂ"
	},
	"TJ": {
		"name": "ᏔᏥᎩᏍᏕᏂ"
	},
	"TH": {
		"name": "ᏔᏯᎴᏂ"
	},
	"TZ": {
		"name": "ᏖᏂᏏᏂᏯ"
	},
	"DK": {
		"name": "ᏗᏂᎹᎦ"
	},
	"DG": {
		"name": "ᏗᏰᎪ ᎦᏏᏯ"
	},
	"TL": {
		"name": "ᏘᎼᎵ-ᎴᏍᏖ"
	},
	"TK": {
		"name": "ᏙᎨᎳᏭ"
	},
	"TG": {
		"name": "ᏙᎪ"
	},
	"DM": {
		"name": "ᏙᎻᏂᎧ"
	},
	"DO": {
		"name": "ᏙᎻᏂᎧᏂ ᏍᎦᏚᎩ"
	},
	"TO": {
		"name": "ᏙᏅᎦ"
	},
	"TN": {
		"name": "ᏚᏂᏏᏍᎠ"
	},
	"TV": {
		"name": "ᏚᏩᎷ"
	},
	"TM": {
		"name": "ᏛᎵᎩᎺᏂᏍᏔᏂ"
	},
	"TT": {
		"name": "ᏟᏂᏕᏗ ᎠᎴ ᏙᏆᎪ"
	},
	"TA": {
		"name": "ᏟᏍᏛᏂ Ꮣ ᎫᎾᎭ"
	},
	"GE": {
		"name": "ᏣᎠᏥᎢ"
	},
	"JM": {
		"name": "ᏣᎺᎢᎧ"
	},
	"TD": {
		"name": "ᏣᏗ"
	},
	"JP": {
		"name": "ᏣᏩᏂᏏ"
	},
	"CZ": {
		"name": "ᏤᎩ ᏍᎦᏚᎩ"
	},
	"CL": {
		"name": "ᏥᎵ"
	},
	"GI": {
		"name": "ᏥᏆᎵᏓ"
	},
	"DJ": {
		"name": "ᏥᏊᏗ"
	},
	"IC": {
		"name": "ᏥᏍᏆ ᏚᎦᏚᏛᎢ"
	},
	"JO": {
		"name": "ᏦᏓᏂ"
	},
	"ZA": {
		"name": "ᏧᎦᎾᏮ ᎬᎿᎨᏍᏛ"
	},
	"SS": {
		"name": "ᏧᎦᎾᏮ ᏑᏕᏂ"
	},
	"KR": {
		"name": "ᏧᎦᏃᏮ ᎪᎵᎠ"
	},
	"GS": {
		"name": "ᏧᎦᏃᏮ ᏣᎠᏥᎢ ᎠᎴ ᎾᏍᎩ ᏧᎦᏃᏮ ᎠᏍᏛᎭᏟ ᏚᎦᏚᏛᎢ"
	},
	"AQ": {
		"name": "ᏧᏁᏍᏓᎸ"
	},
	"IS": {
		"name": "ᏧᏁᏍᏓᎸᎯ"
	},
	"KP": {
		"name": "ᏧᏴᏢ ᎪᎵᎠ"
	},
	"MP": {
		"name": "ᏧᏴᏢ ᏗᏜ ᎹᎵᎠᎾ ᏚᎦᏚᏛᎢ"
	},
	"JE": {
		"name": "ᏨᎵᏏ"
	},
	"FK": {
		"name": "ᏩᎩ ᏚᎦᏚᏛᎢ"
	},
	"WF": {
		"name": "ᏩᎵᏍ ᎠᎴ ᏊᏚᎾ"
	},
	"VU": {
		"name": "ᏩᏂᎤᏩᏚ"
	},
	"GP": {
		"name": "ᏩᏓᎷᏇ"
	},
	"GT": {
		"name": "ᏩᏔᎹᎳ"
	},
	"FO": {
		"name": "ᏪᎶ ᏚᎦᏚᏛᎢ"
	},
	"VE": {
		"name": "ᏪᏁᏑᏪᎳ"
	},
	"VN": {
		"name": "ᏫᎡᏘᎾᎻ"
	},
	"FI": {
		"name": "ᏫᏂᎦᏙᎯ"
	},
	"FJ": {
		"name": "ᏫᏥ"
	},
	"EH": {
		"name": "ᏭᏕᎵᎬ ᏗᏜ ᏌᎮᎳ"
	},
	"YE": {
		"name": "ᏰᎺᏂ"
	},
	"RU": {
		"name": "ᏲᏂᎢ"
	},
	"UG": {
		"name": "ᏳᎦᏂᏓ"
	},
	"UA": {
		"name": "ᏳᎧᎴᏂ"
	},
	"UY": {
		"name": "ᏳᎷᏇ"
	},
	"UM": {
		"name": "U.S. ᎠᏍᏛ ᏚᎦᏚᏛᎢ"
	},
	"VI": {
		"name": "U.S. ᎠᏒᏂᎸ ᏂᎨᏒᎾ ᏚᎦᏚᏛᎢ"
	}
}