{
	"AX": {
		"name": "Åland Islands"
	},
	"AI": {
		"name": "Anguilla"
	},
	"AC": {
		"name": "Ascension Island"
	},
	"BM": {
		"name": "Bermuda"
	},
	"IO": {
		"name": "British Indian Ocean Territory"
	},
	"VG": {
		"name": "British Virgin Islands"
	},
	"BN": {
		"name": "Brunei"
	},
	"IC": {
		"name": "Canary Islands"
	},
	"BQ": {
		"name": "Caribbean Netherlands"
	},
	"KY": {
		"name": "Cayman Islands"
	},
	"EA": {
		"name": "Ceuta & Melilla"
	},
	"CX": {
		"name": "Christmas Island"
	},
	"CC": {
		"name": "Cocos (Keeling) Islands"
	},
	"CG": {
		"name": "Congo - Brazzaville"
	},
	"CK": {
		"name": "Cook Islands"
	},
	"CW": {
		"name": "Curaçao"
	},
	"DG": {
		"name": "Diego Garcia"
	},
	"DO": {
		"name": "Dominican Republic"
	},
	"GQ": {
		"name": "Equatorial Guinea"
	},
	"EE": {
		"name": "Estonia"
	},
	"FK": {
		"name": "Falkland Islands"
	},
	"FO": {
		"name": "Faroe Islands"
	},
	"GF": {
		"name": "French Guiana"
	},
	"PF": {
		"name": "French Polynesia"
	},
	"TF": {
		"name": "French Southern Territories"
	},
	"GI": {
		"name": "Gibraltar"
	},
	"GP": {
		"name": "Guadeloupe"
	},
	"GG": {
		"name": "Guernsey"
	},
	"HK": {
		"name": "Hong Kong SAR China"
	},
	"IM": {
		"name": "Isle of Man"
	},
	"JE": {
		"name": "Jersey"
	},
	"KE": {
		"name": "Kenya"
	},
	"XK": {
		"name": "Kosovo"
	},
	"MO": {
		"name": "Macau SAR China"
	},
	"MK": {
		"name": "Macedonia"
	},
	"MQ": {
		"name": "Martinique"
	},
	"MU": {
		"name": "Mauritius"
	},
	"YT": {
		"name": "Mayotte"
	},
	"MS": {
		"name": "Montserrat"
	},
	"NC": {
		"name": "New Caledonia"
	},
	"NG": {
		"name": "Nigeria"
	},
	"NU": {
		"name": "Niue"
	},
	"NF": {
		"name": "Norfolk Island"
	},
	"MP": {
		"name": "Northern Mariana Islands"
	},
	"PS": {
		"name": "Palestinian Territories"
	},
	"PN": {
		"name": "Pitcairn Islands"
	},
	"PR": {
		"name": "Puerto Rico"
	},
	"RE": {
		"name": "Réunion"
	},
	"SX": {
		"name": "Sint Maarten"
	},
	"GS": {
		"name": "South Georgia & South Sandwich Islands"
	},
	"KR": {
		"name": "South Korea"
	},
	"SS": {
		"name": "South Sudan"
	},
	"BL": {
		"name": "St. Barthélemy"
	},
	"SH": {
		"name": "St. Helena"
	},
	"MF": {
		"name": "St. Martin"
	},
	"PM": {
		"name": "St. Pierre & Miquelon"
	},
	"SJ": {
		"name": "Svalbard & Jan Mayen"
	},
	"TL": {
		"name": "Timor-Leste"
	},
	"TK": {
		"name": "Tokelau"
	},
	"TA": {
		"name": "Tristan da Cunha"
	},
	"TC": {
		"name": "Turks & Caicos Islands"
	},
	"UM": {
		"name": "U.S. Outlying Islands"
	},
	"VI": {
		"name": "U.S. Virgin Islands"
	},
	"US": {
		"name": "United States"
	},
	"VE": {
		"name": "Venezuela"
	},
	"WF": {
		"name": "Wallis & Futuna"
	},
	"EH": {
		"name": "Western Sahara"
	},
	"AR": {
		"name": "ئارجەنتینا"
	},
	"AW": {
		"name": "ئارووبا"
	},
	"AZ": {
		"name": "ئازەربایجان"
	},
	"AQ": {
		"name": "ئانتارکتیکا"
	},
	"AG": {
		"name": "ئانتیگوا و باربودا"
	},
	"AD": {
		"name": "ئاندۆرا"
	},
	"IS": {
		"name": "ئایسلەند"
	},
	"ET": {
		"name": "ئەتیۆپیا"
	},
	"AM": {
		"name": "ئەرمەنستان"
	},
	"ER": {
		"name": "ئەریتریا"
	},
	"ZA": {
		"name": "ئەفریقای باشوور"
	},
	"AF": {
		"name": "ئەفغانستان"
	},
	"DZ": {
		"name": "ئەلجەزایر"
	},
	"AL": {
		"name": "ئەڵبانیا"
	},
	"DE": {
		"name": "ئەڵمانیا"
	},
	"AO": {
		"name": "ئەنگۆلا"
	},
	"JO": {
		"name": "ئوردن"
	},
	"UY": {
		"name": "ئوروگوای"
	},
	"UZ": {
		"name": "ئوزبەکستان"
	},
	"UG": {
		"name": "ئوگاندا"
	},
	"AU": {
		"name": "ئۆسترالیا"
	},
	"UA": {
		"name": "ئۆکرانیا"
	},
	"IT": {
		"name": "ئیتاڵی"
	},
	"IE": {
		"name": "ئیرلەند"
	},
	"ES": {
		"name": "ئیسپانیا"
	},
	"IL": {
		"name": "ئیسرائیل"
	},
	"EC": {
		"name": "ئیکوادۆر"
	},
	"ID": {
		"name": "ئیندۆنیزیا"
	},
	"IR": {
		"name": "ئێران"
	},
	"SV": {
		"name": "ئێلسالڤادۆر"
	},
	"BB": {
		"name": "باربادۆس"
	},
	"BR": {
		"name": "برازیل"
	},
	"BJ": {
		"name": "بنین"
	},
	"BH": {
		"name": "بەحرەین"
	},
	"BE": {
		"name": "بەلژیک"
	},
	"BZ": {
		"name": "بەلیز"
	},
	"BD": {
		"name": "بەنگلادیش"
	},
	"BS": {
		"name": "بەھاما"
	},
	"BF": {
		"name": "بورکینافاسۆ"
	},
	"BI": {
		"name": "بوروندی"
	},
	"BG": {
		"name": "بولگاریا"
	},
	"BT": {
		"name": "بووتان"
	},
	"BW": {
		"name": "بۆتسوانا"
	},
	"BA": {
		"name": "بۆسنیا و ھەرزەگۆڤینا"
	},
	"BO": {
		"name": "بۆلیڤیا"
	},
	"BY": {
		"name": "بیلاڕووس"
	},
	"PG": {
		"name": "پاپوا گینێی نوێ"
	},
	"PY": {
		"name": "پاراگوای"
	},
	"PK": {
		"name": "پاکستان"
	},
	"PW": {
		"name": "پالاو"
	},
	"PA": {
		"name": "پاناما"
	},
	"PT": {
		"name": "پورتوگال"
	},
	"PL": {
		"name": "پۆڵەندا"
	},
	"PE": {
		"name": "پیروو"
	},
	"TJ": {
		"name": "تاجیکستان"
	},
	"TZ": {
		"name": "تانزانیا"
	},
	"TH": {
		"name": "تایلەند"
	},
	"TW": {
		"name": "تایوان"
	},
	"TT": {
		"name": "ترینیداد و تۆباگو"
	},
	"TM": {
		"name": "تورکمانستان"
	},
	"TR": {
		"name": "تورکیا"
	},
	"TV": {
		"name": "تووڤالوو"
	},
	"TN": {
		"name": "توونس"
	},
	"TG": {
		"name": "تۆگۆ"
	},
	"TO": {
		"name": "تۆنگا"
	},
	"JM": {
		"name": "جامایکا"
	},
	"DJ": {
		"name": "جیبووتی"
	},
	"TD": {
		"name": "چاد"
	},
	"CN": {
		"name": "چین"
	},
	"DK": {
		"name": "دانمارک"
	},
	"SB": {
		"name": "دوورگەکانی سلێمان"
	},
	"KM": {
		"name": "دوورگەکانی قەمەر"
	},
	"MH": {
		"name": "دوورگەکانی مارشاڵ"
	},
	"DM": {
		"name": "دۆمینیکا"
	},
	"ZM": {
		"name": "زامبیا"
	},
	"ZW": {
		"name": "زیمبابوی"
	},
	"RW": {
		"name": "ڕواندا"
	},
	"RU": {
		"name": "ڕووسیا"
	},
	"RO": {
		"name": "ڕۆمانیا"
	},
	"JP": {
		"name": "ژاپۆن"
	},
	"WS": {
		"name": "ساموا"
	},
	"AS": {
		"name": "ساموای ئەمەریکایی"
	},
	"SM": {
		"name": "سان مارینۆ"
	},
	"ST": {
		"name": "ساوتۆمێ و پرینسیپی"
	},
	"RS": {
		"name": "سربیا"
	},
	"LK": {
		"name": "سریلانکا"
	},
	"SK": {
		"name": "سلۆڤاکیا"
	},
	"SI": {
		"name": "سلۆڤێنیا"
	},
	"VC": {
		"name": "سەینت ڤینسەنت و گرینادینز"
	},
	"KN": {
		"name": "سەینت کیتس و نیڤیس"
	},
	"LC": {
		"name": "سەینت لووسیا"
	},
	"SZ": {
		"name": "سوازیلاند"
	},
	"SR": {
		"name": "سورینام"
	},
	"SD": {
		"name": "سوودان"
	},
	"SY": {
		"name": "سووریا"
	},
	"SE": {
		"name": "سوید"
	},
	"CH": {
		"name": "سویسرا"
	},
	"SO": {
		"name": "سۆمالیا"
	},
	"SC": {
		"name": "سیشێل"
	},
	"SG": {
		"name": "سینگاپور"
	},
	"SN": {
		"name": "سینیگال"
	},
	"SL": {
		"name": "سیەرالیۆن"
	},
	"GB": {
		"name": "شانشینی یەکگرتوو"
	},
	"CL": {
		"name": "شیلی"
	},
	"SA": {
		"name": "عەرەبستانی سەعوودی"
	},
	"OM": {
		"name": "عومان"
	},
	"IQ": {
		"name": "عێراق"
	},
	"GH": {
		"name": "غەنا"
	},
	"PH": {
		"name": "فلیپین"
	},
	"FR": {
		"name": "فەڕەنسا"
	},
	"FJ": {
		"name": "فیجی"
	},
	"FI": {
		"name": "فینلاند"
	},
	"VA": {
		"name": "ڤاتیکان"
	},
	"VU": {
		"name": "ڤانوواتوو"
	},
	"VN": {
		"name": "ڤیەتنام"
	},
	"KG": {
		"name": "قرغیزستان"
	},
	"QA": {
		"name": "قەتەر"
	},
	"CY": {
		"name": "قیبرس"
	},
	"KZ": {
		"name": "کازاخستان"
	},
	"CM": {
		"name": "کامیروون"
	},
	"CA": {
		"name": "کانەدا"
	},
	"HR": {
		"name": "کرۆواتیا"
	},
	"KH": {
		"name": "کەمبۆدیا"
	},
	"CV": {
		"name": "کەیپڤەرد"
	},
	"KW": {
		"name": "کوەیت"
	},
	"CU": {
		"name": "کووبا"
	},
	"CI": {
		"name": "کۆتدیڤوار"
	},
	"KP": {
		"name": "کۆریای باکوور"
	},
	"CR": {
		"name": "کۆستاریکا"
	},
	"CO": {
		"name": "کۆلۆمبیا"
	},
	"CF": {
		"name": "کۆماری ئەفریقای ناوەڕاست"
	},
	"CZ": {
		"name": "کۆماری چیک"
	},
	"CD": {
		"name": "کۆنگۆ کینشاسا"
	},
	"KI": {
		"name": "کیریباس"
	},
	"GA": {
		"name": "گابۆن"
	},
	"GM": {
		"name": "گامبیا"
	},
	"GD": {
		"name": "گرینادا"
	},
	"GL": {
		"name": "گرینلاند"
	},
	"GT": {
		"name": "گواتیمالا"
	},
	"GU": {
		"name": "گوام"
	},
	"GE": {
		"name": "گورجستان"
	},
	"GY": {
		"name": "گویانا"
	},
	"GN": {
		"name": "گینێ"
	},
	"GW": {
		"name": "گینێ بیساو"
	},
	"LV": {
		"name": "لاتڤیا"
	},
	"LA": {
		"name": "لاوس"
	},
	"LS": {
		"name": "لەسۆتۆ"
	},
	"LB": {
		"name": "لوبنان"
	},
	"LU": {
		"name": "لوکسەمبورگ"
	},
	"LR": {
		"name": "لیبەریا"
	},
	"LY": {
		"name": "لیبیا"
	},
	"LT": {
		"name": "لیتوانایا"
	},
	"LI": {
		"name": "لیختنشتاین"
	},
	"MG": {
		"name": "ماداگاسکار"
	},
	"MW": {
		"name": "مالاوی"
	},
	"MV": {
		"name": "مالدیڤ"
	},
	"ML": {
		"name": "مالی"
	},
	"MY": {
		"name": "مالیزیا"
	},
	"MT": {
		"name": "ماڵتا"
	},
	"FM": {
		"name": "مایکرۆنیزیا"
	},
	"HU": {
		"name": "مەجارستان"
	},
	"MA": {
		"name": "مەغریب"
	},
	"MX": {
		"name": "مەکسیک"
	},
	"MN": {
		"name": "مەنگۆلیا"
	},
	"MR": {
		"name": "مۆریتانیا"
	},
	"MZ": {
		"name": "مۆزامبیک"
	},
	"MD": {
		"name": "مۆلدۆڤا"
	},
	"MC": {
		"name": "مۆناکۆ"
	},
	"ME": {
		"name": "مۆنتینیگرۆ"
	},
	"MM": {
		"name": "میانمار"
	},
	"AE": {
		"name": "میرنشینە یەکگرتووە عەرەبییەکان"
	},
	"EG": {
		"name": "میسر"
	},
	"NR": {
		"name": "نائوروو"
	},
	"NA": {
		"name": "نامیبیا"
	},
	"AT": {
		"name": "نەمسا"
	},
	"NO": {
		"name": "نۆرویژ"
	},
	"NP": {
		"name": "نیپال"
	},
	"NE": {
		"name": "نیجەر"
	},
	"NI": {
		"name": "نیکاراگوا"
	},
	"NZ": {
		"name": "نیوزیلاند"
	},
	"HT": {
		"name": "ھایتی"
	},
	"NL": {
		"name": "ھۆڵەندا"
	},
	"HN": {
		"name": "ھۆندووراس"
	},
	"IN": {
		"name": "ھیندستان"
	},
	"YE": {
		"name": "یەمەن"
	},
	"GR": {
		"name": "یۆنان"
	}
}