{
	"AF": {
		"name": "Afghanistan"
	},
	"AO": {
		"name": "Angola"
	},
	"AI": {
		"name": "Anguilla"
	},
	"AL": {
		"name": "Albania"
	},
	"DZ": {
		"name": "Algeria"
	},
	"AD": {
		"name": "Andorra"
	},
	"AQ": {
		"name": "Antarctica"
	},
	"AG": {
		"name": "Antigua a Barbuda"
	},
	"BQ": {
		"name": "Antilles yr Iseldiroedd"
	},
	"AM": {
		"name": "Armenia"
	},
	"AW": {
		"name": "Aruba"
	},
	"AU": {
		"name": "Awstralia"
	},
	"AT": {
		"name": "Awstria"
	},
	"AZ": {
		"name": "Azerbaijan"
	},
	"BD": {
		"name": "Bangladesh"
	},
	"BH": {
		"name": "Bahrain"
	},
	"BB": {
		"name": "Barbados"
	},
	"BY": {
		"name": "Belarws"
	},
	"BZ": {
		"name": "Belize"
	},
	"BJ": {
		"name": "Benin"
	},
	"BM": {
		"name": "Bermuda"
	},
	"BT": {
		"name": "Bhutan"
	},
	"BO": {
		"name": "Bolifia"
	},
	"BA": {
		"name": "Bosnia a Hercegovina"
	},
	"BW": {
		"name": "Botswana"
	},
	"BR": {
		"name": "Brasil"
	},
	"BN": {
		"name": "Brunei"
	},
	"BF": {
		"name": "Burkina Faso"
	},
	"BI": {
		"name": "Burundi"
	},
	"BG": {
		"name": "Bwlgaria"
	},
	"CV": {
		"name": "Cabo Verde"
	},
	"NC": {
		"name": "Caledonia Newydd"
	},
	"KH": {
		"name": "Cambodia"
	},
	"CM": {
		"name": "Camerŵn"
	},
	"CA": {
		"name": "Canada"
	},
	"EA": {
		"name": "Ceuta a Melilla"
	},
	"CU": {
		"name": "Ciwba"
	},
	"CO": {
		"name": "Colombia"
	},
	"KM": {
		"name": "Comoros"
	},
	"CR": {
		"name": "Costa Rica"
	},
	"CI": {
		"name": "Côte d’Ivoire"
	},
	"HR": {
		"name": "Croatia"
	},
	"CW": {
		"name": "Curaçao"
	},
	"CY": {
		"name": "Cyprus"
	},
	"CL": {
		"name": "Chile"
	},
	"ZA": {
		"name": "De Affrica"
	},
	"GS": {
		"name": "De Georgia ac Ynysoedd Sandwich y De"
	},
	"KR": {
		"name": "De Korea"
	},
	"SS": {
		"name": "De Swdan"
	},
	"DK": {
		"name": "Denmarc"
	},
	"DG": {
		"name": "Diego Garcia"
	},
	"DJ": {
		"name": "Djibouti"
	},
	"DM": {
		"name": "Dominica"
	},
	"EC": {
		"name": "Ecuador"
	},
	"SV": {
		"name": "El Salvador"
	},
	"AE": {
		"name": "Emiradau Arabaidd Unedig"
	},
	"ER": {
		"name": "Eritrea"
	},
	"EE": {
		"name": "Estonia"
	},
	"ET": {
		"name": "Ethiopia"
	},
	"VN": {
		"name": "Fietnam"
	},
	"FJ": {
		"name": "Fiji"
	},
	"FR": {
		"name": "Ffrainc"
	},
	"GA": {
		"name": "Gabon"
	},
	"GM": {
		"name": "Gambia"
	},
	"GE": {
		"name": "Georgia"
	},
	"GH": {
		"name": "Ghana"
	},
	"GI": {
		"name": "Gibraltar"
	},
	"KP": {
		"name": "Gogledd Korea"
	},
	"EH": {
		"name": "Gorllewin Sahara"
	},
	"GD": {
		"name": "Grenada"
	},
	"GP": {
		"name": "Guadeloupe"
	},
	"GU": {
		"name": "Guam"
	},
	"GT": {
		"name": "Guatemala"
	},
	"GW": {
		"name": "Guiné-Bissau"
	},
	"GQ": {
		"name": "Guinea Gyhydeddol"
	},
	"GN": {
		"name": "Guinée"
	},
	"GY": {
		"name": "Guyana"
	},
	"GF": {
		"name": "Guyane Ffrengig"
	},
	"CF": {
		"name": "Gweriniaeth Canolbarth Affrica"
	},
	"DO": {
		"name": "Gweriniaeth Dominica"
	},
	"CZ": {
		"name": "Gweriniaeth Tsiec"
	},
	"BE": {
		"name": "Gwlad Belg"
	},
	"GR": {
		"name": "Gwlad Groeg"
	},
	"JO": {
		"name": "Gwlad Iorddonen"
	},
	"PL": {
		"name": "Gwlad Pwyl"
	},
	"SZ": {
		"name": "Gwlad Swazi"
	},
	"TH": {
		"name": "Gwlad Thai"
	},
	"IS": {
		"name": "Gwlad yr Iâ"
	},
	"HT": {
		"name": "Haiti"
	},
	"HK": {
		"name": "Hong Kong RhGA Tsieina"
	},
	"HN": {
		"name": "Honduras"
	},
	"HU": {
		"name": "Hwngari"
	},
	"IN": {
		"name": "India"
	},
	"ID": {
		"name": "Indonesia"
	},
	"IQ": {
		"name": "Irac"
	},
	"IR": {
		"name": "Iran"
	},
	"IL": {
		"name": "Israel"
	},
	"IE": {
		"name": "Iwerddon"
	},
	"JM": {
		"name": "Jamaica"
	},
	"JP": {
		"name": "Japan"
	},
	"JE": {
		"name": "Jersey"
	},
	"KZ": {
		"name": "Kazakstan"
	},
	"KE": {
		"name": "Kenya"
	},
	"KI": {
		"name": "Kiribati"
	},
	"XK": {
		"name": "Kosovo"
	},
	"KW": {
		"name": "Kuwait"
	},
	"KG": {
		"name": "Kyrgyzstan"
	},
	"LA": {
		"name": "Laos"
	},
	"LV": {
		"name": "Latfia"
	},
	"LS": {
		"name": "Lesotho"
	},
	"LB": {
		"name": "Libanus"
	},
	"LR": {
		"name": "Liberia"
	},
	"LY": {
		"name": "Libya"
	},
	"LI": {
		"name": "Liechtenstein"
	},
	"LT": {
		"name": "Lithuania"
	},
	"LU": {
		"name": "Lwcsembwrg"
	},
	"MO": {
		"name": "Macau RhGA Tsieina"
	},
	"MK": {
		"name": "Macedonia"
	},
	"MG": {
		"name": "Madagascar"
	},
	"MW": {
		"name": "Malawi"
	},
	"MY": {
		"name": "Malaysia"
	},
	"ML": {
		"name": "Mali"
	},
	"MT": {
		"name": "Malta"
	},
	"MQ": {
		"name": "Martinique"
	},
	"MR": {
		"name": "Mauritania"
	},
	"MU": {
		"name": "Mauritius"
	},
	"YT": {
		"name": "Mayotte"
	},
	"MX": {
		"name": "Mecsico"
	},
	"FM": {
		"name": "Micronesia"
	},
	"MN": {
		"name": "Mongolia"
	},
	"MD": {
		"name": "Moldofa"
	},
	"MC": {
		"name": "Monaco"
	},
	"ME": {
		"name": "Montenegro"
	},
	"MS": {
		"name": "Montserrat"
	},
	"MA": {
		"name": "Moroco"
	},
	"MZ": {
		"name": "Mozambique"
	},
	"MM": {
		"name": "Myanmar (Burma)"
	},
	"NA": {
		"name": "Namibia"
	},
	"NR": {
		"name": "Nauru"
	},
	"NP": {
		"name": "Nepal"
	},
	"NI": {
		"name": "Nicaragua"
	},
	"NE": {
		"name": "Niger"
	},
	"NG": {
		"name": "Nigeria"
	},
	"NU": {
		"name": "Niue"
	},
	"NO": {
		"name": "Norwy"
	},
	"OM": {
		"name": "Oman"
	},
	"PK": {
		"name": "Pakistan"
	},
	"PW": {
		"name": "Palau"
	},
	"PA": {
		"name": "Panama"
	},
	"PG": {
		"name": "Papua Guinea Newydd"
	},
	"PY": {
		"name": "Paraguay"
	},
	"PE": {
		"name": "Periw"
	},
	"PF": {
		"name": "Polynesia Ffrengig"
	},
	"PT": {
		"name": "Portiwgal"
	},
	"PR": {
		"name": "Puerto Rico"
	},
	"QA": {
		"name": "Qatar"
	},
	"RE": {
		"name": "Réunion"
	},
	"RW": {
		"name": "Rwanda"
	},
	"RO": {
		"name": "Rwmania"
	},
	"RU": {
		"name": "Rwsia"
	},
	"BL": {
		"name": "Saint Barthélemy"
	},
	"SH": {
		"name": "Saint Helena"
	},
	"KN": {
		"name": "Saint Kitts a Nevis"
	},
	"LC": {
		"name": "Saint Lucia"
	},
	"MF": {
		"name": "Saint Martin"
	},
	"VC": {
		"name": "Saint Vincent a’r Grenadines"
	},
	"PM": {
		"name": "Saint-Pierre-et-Miquelon"
	},
	"WS": {
		"name": "Samoa"
	},
	"AS": {
		"name": "Samoa America"
	},
	"SM": {
		"name": "San Marino"
	},
	"ST": {
		"name": "São Tomé a Príncipe"
	},
	"SA": {
		"name": "Saudi Arabia"
	},
	"ES": {
		"name": "Sbaen"
	},
	"NZ": {
		"name": "Seland Newydd"
	},
	"SN": {
		"name": "Senegal"
	},
	"RS": {
		"name": "Serbia"
	},
	"SC": {
		"name": "Seychelles"
	},
	"SL": {
		"name": "Sierra Leone"
	},
	"SG": {
		"name": "Singapore"
	},
	"SX": {
		"name": "Sint Maarten"
	},
	"SK": {
		"name": "Slofacia"
	},
	"SI": {
		"name": "Slofenia"
	},
	"SO": {
		"name": "Somalia"
	},
	"LK": {
		"name": "Sri Lanka"
	},
	"SR": {
		"name": "Suriname"
	},
	"SJ": {
		"name": "Svalbard a Jan Mayen"
	},
	"SD": {
		"name": "Swdan"
	},
	"SE": {
		"name": "Sweden"
	},
	"SY": {
		"name": "Syria"
	},
	"TW": {
		"name": "Taiwan"
	},
	"TJ": {
		"name": "Tajikistan"
	},
	"TZ": {
		"name": "Tanzania"
	},
	"TD": {
		"name": "Tchad"
	},
	"TL": {
		"name": "Timor-Leste"
	},
	"IO": {
		"name": "Tiriogaeth Brydeinig Cefnfor India"
	},
	"PS": {
		"name": "Tiriogaethau Palesteinaidd"
	},
	"TF": {
		"name": "Tiroedd Deheuol ac Antarctig Ffrainc"
	},
	"TG": {
		"name": "Togo"
	},
	"TO": {
		"name": "Tonga"
	},
	"TK": {
		"name": "Tokelau"
	},
	"TT": {
		"name": "Trinidad a Tobago"
	},
	"TA": {
		"name": "Tristan da Cunha"
	},
	"CN": {
		"name": "Tsieina"
	},
	"TN": {
		"name": "Tunisia"
	},
	"TM": {
		"name": "Turkmenistan"
	},
	"TV": {
		"name": "Tuvalu"
	},
	"TR": {
		"name": "Twrci"
	},
	"UG": {
		"name": "Uganda"
	},
	"UY": {
		"name": "Uruguay"
	},
	"UZ": {
		"name": "Uzbekistan"
	},
	"VU": {
		"name": "Vanuatu"
	},
	"VE": {
		"name": "Venezuela"
	},
	"WF": {
		"name": "Wallis a Futuna"
	},
	"UA": {
		"name": "Wcráin"
	},
	"BS": {
		"name": "Y Bahamas"
	},
	"CG": {
		"name": "Y Congo - Brazzaville"
	},
	"CD": {
		"name": "Y Congo - Kinshasa"
	},
	"GB": {
		"name": "Y Deyrnas Unedig"
	},
	"VA": {
		"name": "Y Fatican"
	},
	"FI": {
		"name": "Y Ffindir"
	},
	"MV": {
		"name": "Y Maldives"
	},
	"PH": {
		"name": "Y Philipinau"
	},
	"CH": {
		"name": "Y Swistir"
	},
	"YE": {
		"name": "Yemen"
	},
	"AC": {
		"name": "Ynys Ascension"
	},
	"IM": {
		"name": "Ynys Manaw"
	},
	"NF": {
		"name": "Ynys Norfolk"
	},
	"GG": {
		"name": "Ynys y Garn"
	},
	"CX": {
		"name": "Ynys y Nadolig"
	},
	"AX": {
		"name": "Ynysoedd Åland"
	},
	"KY": {
		"name": "Ynysoedd Cayman"
	},
	"CC": {
		"name": "Ynysoedd Cocos (Keeling)"
	},
	"CK": {
		"name": "Ynysoedd Cook"
	},
	"FO": {
		"name": "Ynysoedd Ffaro"
	},
	"MP": {
		"name": "Ynysoedd Gogledd Mariana"
	},
	"VG": {
		"name": "Ynysoedd Gwyryf Prydain"
	},
	"VI": {
		"name": "Ynysoedd Gwyryf yr Unol Daleithiau"
	},
	"MH": {
		"name": "Ynysoedd Marshall"
	},
	"UM": {
		"name": "Ynysoedd Pellennig UDA"
	},
	"PN": {
		"name": "Ynysoedd Pitcairn"
	},
	"SB": {
		"name": "Ynysoedd Solomon"
	},
	"TC": {
		"name": "Ynysoedd Turks a Caicos"
	},
	"FK": {
		"name": "Ynysoedd y Falkland\/Malvinas"
	},
	"EG": {
		"name": "Yr Aifft"
	},
	"DE": {
		"name": "Yr Almaen"
	},
	"AR": {
		"name": "Yr Ariannin"
	},
	"IT": {
		"name": "Yr Eidal"
	},
	"NL": {
		"name": "Yr Iseldiroedd"
	},
	"US": {
		"name": "Yr Unol Daleithiau"
	},
	"GL": {
		"name": "Yr Ynys Las"
	},
	"IC": {
		"name": "Yr Ynysoedd Dedwydd"
	},
	"ZM": {
		"name": "Zambia"
	},
	"ZW": {
		"name": "Zimbabwe"
	}
}