{
	"AF": {
		"name": "Afghanistan"
	},
	"AL": {
		"name": "Albanien"
	},
	"DZ": {
		"name": "Algeriet"
	},
	"AS": {
		"name": "Amerikansk Samoa"
	},
	"UM": {
		"name": "Amerikanske oversøiske øer"
	},
	"AD": {
		"name": "Andorra"
	},
	"AO": {
		"name": "Angola"
	},
	"AI": {
		"name": "Anguilla"
	},
	"AQ": {
		"name": "Antarktis"
	},
	"AG": {
		"name": "Antigua og Barbuda"
	},
	"AR": {
		"name": "Argentina"
	},
	"AM": {
		"name": "Armenien"
	},
	"AW": {
		"name": "Aruba"
	},
	"AC": {
		"name": "Ascensionøen"
	},
	"AZ": {
		"name": "Aserbajdsjan"
	},
	"AU": {
		"name": "Australien"
	},
	"BS": {
		"name": "Bahamas"
	},
	"BH": {
		"name": "Bahrain"
	},
	"BD": {
		"name": "Bangladesh"
	},
	"BB": {
		"name": "Barbados"
	},
	"BE": {
		"name": "Belgien"
	},
	"BZ": {
		"name": "Belize"
	},
	"BJ": {
		"name": "Benin"
	},
	"BM": {
		"name": "Bermuda"
	},
	"BT": {
		"name": "Bhutan"
	},
	"BO": {
		"name": "Bolivia"
	},
	"BA": {
		"name": "Bosnien-Hercegovina"
	},
	"BW": {
		"name": "Botswana"
	},
	"BR": {
		"name": "Brasilien"
	},
	"BN": {
		"name": "Brunei"
	},
	"BG": {
		"name": "Bulgarien"
	},
	"BF": {
		"name": "Burkina Faso"
	},
	"BI": {
		"name": "Burundi"
	},
	"KH": {
		"name": "Cambodja"
	},
	"CM": {
		"name": "Cameroun"
	},
	"CA": {
		"name": "Canada"
	},
	"KY": {
		"name": "Caymanøerne"
	},
	"EA": {
		"name": "Ceuta og Melilla"
	},
	"CL": {
		"name": "Chile"
	},
	"CC": {
		"name": "Cocosøerne"
	},
	"CO": {
		"name": "Colombia"
	},
	"KM": {
		"name": "Comorerne"
	},
	"CG": {
		"name": "Congo-Brazzaville"
	},
	"CD": {
		"name": "Congo-Kinshasa"
	},
	"CK": {
		"name": "Cookøerne"
	},
	"CR": {
		"name": "Costa Rica"
	},
	"CU": {
		"name": "Cuba"
	},
	"CW": {
		"name": "Curaçao"
	},
	"CY": {
		"name": "Cypern"
	},
	"DK": {
		"name": "Danmark"
	},
	"VI": {
		"name": "De Amerikanske Jomfruøer"
	},
	"VG": {
		"name": "De Britiske Jomfruøer"
	},
	"AE": {
		"name": "De Forenede Arabiske Emirater"
	},
	"TF": {
		"name": "De franske besiddelser i Det Sydlige Indiske Ocean"
	},
	"PS": {
		"name": "De palæstinensiske områder"
	},
	"BQ": {
		"name": "De tidligere Nederlandske Antiller"
	},
	"CF": {
		"name": "Den Centralafrikanske Republik"
	},
	"DO": {
		"name": "Den Dominikanske Republik"
	},
	"IO": {
		"name": "Det britiske territorium i Det Indiske Ocean"
	},
	"DG": {
		"name": "Diego Garcia"
	},
	"DJ": {
		"name": "Djibouti"
	},
	"DM": {
		"name": "Dominica"
	},
	"EC": {
		"name": "Ecuador"
	},
	"EG": {
		"name": "Egypten"
	},
	"SV": {
		"name": "El Salvador"
	},
	"CI": {
		"name": "Elfenbenskysten"
	},
	"ER": {
		"name": "Eritrea"
	},
	"EE": {
		"name": "Estland"
	},
	"ET": {
		"name": "Etiopien"
	},
	"FK": {
		"name": "Falklandsøerne"
	},
	"FJ": {
		"name": "Fiji"
	},
	"PH": {
		"name": "Filippinerne"
	},
	"FI": {
		"name": "Finland"
	},
	"FR": {
		"name": "Frankrig"
	},
	"GF": {
		"name": "Fransk Guyana"
	},
	"PF": {
		"name": "Fransk Polynesien"
	},
	"FO": {
		"name": "Færøerne"
	},
	"GA": {
		"name": "Gabon"
	},
	"GM": {
		"name": "Gambia"
	},
	"GE": {
		"name": "Georgien"
	},
	"GH": {
		"name": "Ghana"
	},
	"GI": {
		"name": "Gibraltar"
	},
	"GD": {
		"name": "Grenada"
	},
	"GR": {
		"name": "Grækenland"
	},
	"GL": {
		"name": "Grønland"
	},
	"GP": {
		"name": "Guadeloupe"
	},
	"GU": {
		"name": "Guam"
	},
	"GT": {
		"name": "Guatemala"
	},
	"GG": {
		"name": "Guernsey"
	},
	"GN": {
		"name": "Guinea"
	},
	"GW": {
		"name": "Guinea-Bissau"
	},
	"GY": {
		"name": "Guyana"
	},
	"HT": {
		"name": "Haiti"
	},
	"NL": {
		"name": "Holland"
	},
	"HN": {
		"name": "Honduras"
	},
	"BY": {
		"name": "Hviderusland"
	},
	"IN": {
		"name": "Indien"
	},
	"ID": {
		"name": "Indonesien"
	},
	"IQ": {
		"name": "Irak"
	},
	"IR": {
		"name": "Iran"
	},
	"IE": {
		"name": "Irland"
	},
	"IS": {
		"name": "Island"
	},
	"IM": {
		"name": "Isle of Man"
	},
	"IL": {
		"name": "Israel"
	},
	"IT": {
		"name": "Italien"
	},
	"JM": {
		"name": "Jamaica"
	},
	"JP": {
		"name": "Japan"
	},
	"JE": {
		"name": "Jersey"
	},
	"JO": {
		"name": "Jordan"
	},
	"CX": {
		"name": "Juleøen"
	},
	"IC": {
		"name": "Kanariske øer"
	},
	"CV": {
		"name": "Kap Verde"
	},
	"KZ": {
		"name": "Kasakhstan"
	},
	"KE": {
		"name": "Kenya"
	},
	"CN": {
		"name": "Kina"
	},
	"KG": {
		"name": "Kirgisistan"
	},
	"KI": {
		"name": "Kiribati"
	},
	"XK": {
		"name": "Kosovo"
	},
	"HR": {
		"name": "Kroatien"
	},
	"KW": {
		"name": "Kuwait"
	},
	"LA": {
		"name": "Laos"
	},
	"LS": {
		"name": "Lesotho"
	},
	"LV": {
		"name": "Letland"
	},
	"LB": {
		"name": "Libanon"
	},
	"LR": {
		"name": "Liberia"
	},
	"LY": {
		"name": "Libyen"
	},
	"LI": {
		"name": "Liechtenstein"
	},
	"LT": {
		"name": "Litauen"
	},
	"LU": {
		"name": "Luxembourg"
	},
	"MG": {
		"name": "Madagaskar"
	},
	"MK": {
		"name": "Makedonien"
	},
	"MW": {
		"name": "Malawi"
	},
	"MY": {
		"name": "Malaysia"
	},
	"MV": {
		"name": "Maldiverne"
	},
	"ML": {
		"name": "Mali"
	},
	"MT": {
		"name": "Malta"
	},
	"MA": {
		"name": "Marokko"
	},
	"MH": {
		"name": "Marshalløerne"
	},
	"MQ": {
		"name": "Martinique"
	},
	"MR": {
		"name": "Mauretanien"
	},
	"MU": {
		"name": "Mauritius"
	},
	"YT": {
		"name": "Mayotte"
	},
	"MX": {
		"name": "Mexico"
	},
	"FM": {
		"name": "Mikronesiens Forenede Stater"
	},
	"MD": {
		"name": "Moldova"
	},
	"MC": {
		"name": "Monaco"
	},
	"MN": {
		"name": "Mongoliet"
	},
	"ME": {
		"name": "Montenegro"
	},
	"MS": {
		"name": "Montserrat"
	},
	"MZ": {
		"name": "Mozambique"
	},
	"MM": {
		"name": "Myanmar (Burma)"
	},
	"NA": {
		"name": "Namibia"
	},
	"NR": {
		"name": "Nauru"
	},
	"NP": {
		"name": "Nepal"
	},
	"NZ": {
		"name": "New Zealand"
	},
	"NI": {
		"name": "Nicaragua"
	},
	"NE": {
		"name": "Niger"
	},
	"NG": {
		"name": "Nigeria"
	},
	"NU": {
		"name": "Niue"
	},
	"KP": {
		"name": "Nordkorea"
	},
	"MP": {
		"name": "Nordmarianerne"
	},
	"NF": {
		"name": "Norfolk Island"
	},
	"NO": {
		"name": "Norge"
	},
	"NC": {
		"name": "Ny Kaledonien"
	},
	"OM": {
		"name": "Oman"
	},
	"PK": {
		"name": "Pakistan"
	},
	"PW": {
		"name": "Palau"
	},
	"PA": {
		"name": "Panama"
	},
	"PG": {
		"name": "Papua Ny Guinea"
	},
	"PY": {
		"name": "Paraguay"
	},
	"PE": {
		"name": "Peru"
	},
	"PN": {
		"name": "Pitcairn"
	},
	"PL": {
		"name": "Polen"
	},
	"PT": {
		"name": "Portugal"
	},
	"PR": {
		"name": "Puerto Rico"
	},
	"QA": {
		"name": "Qatar"
	},
	"RE": {
		"name": "Réunion"
	},
	"RO": {
		"name": "Rumænien"
	},
	"RU": {
		"name": "Rusland"
	},
	"RW": {
		"name": "Rwanda"
	},
	"BL": {
		"name": "Saint Barthélemy"
	},
	"KN": {
		"name": "Saint Kitts og Nevis"
	},
	"LC": {
		"name": "Saint Lucia"
	},
	"MF": {
		"name": "Saint Martin"
	},
	"PM": {
		"name": "Saint Pierre og Miquelon"
	},
	"VC": {
		"name": "Saint Vincent og Grenadinerne"
	},
	"SB": {
		"name": "Salomonøerne"
	},
	"WS": {
		"name": "Samoa"
	},
	"SM": {
		"name": "San Marino"
	},
	"ST": {
		"name": "São Tomé og Príncipe"
	},
	"HK": {
		"name": "SAR Hongkong"
	},
	"MO": {
		"name": "SAR Macao"
	},
	"SA": {
		"name": "Saudi-Arabien"
	},
	"CH": {
		"name": "Schweiz"
	},
	"SN": {
		"name": "Senegal"
	},
	"RS": {
		"name": "Serbien"
	},
	"SC": {
		"name": "Seychellerne"
	},
	"SL": {
		"name": "Sierra Leone"
	},
	"SG": {
		"name": "Singapore"
	},
	"SX": {
		"name": "Sint Maarten"
	},
	"SK": {
		"name": "Slovakiet"
	},
	"SI": {
		"name": "Slovenien"
	},
	"SO": {
		"name": "Somalia"
	},
	"GS": {
		"name": "South Georgia og De Sydlige Sandwichøer"
	},
	"ES": {
		"name": "Spanien"
	},
	"LK": {
		"name": "Sri Lanka"
	},
	"SH": {
		"name": "St. Helena"
	},
	"GB": {
		"name": "Storbritannien"
	},
	"SD": {
		"name": "Sudan"
	},
	"SR": {
		"name": "Surinam"
	},
	"SJ": {
		"name": "Svalbard og Jan Mayen"
	},
	"SE": {
		"name": "Sverige"
	},
	"SZ": {
		"name": "Swaziland"
	},
	"ZA": {
		"name": "Sydafrika"
	},
	"KR": {
		"name": "Sydkorea"
	},
	"SS": {
		"name": "Sydsudan"
	},
	"SY": {
		"name": "Syrien"
	},
	"TJ": {
		"name": "Tadsjikistan"
	},
	"TW": {
		"name": "Taiwan"
	},
	"TZ": {
		"name": "Tanzania"
	},
	"TD": {
		"name": "Tchad"
	},
	"TH": {
		"name": "Thailand"
	},
	"TL": {
		"name": "Timor-Leste"
	},
	"CZ": {
		"name": "Tjekkiet"
	},
	"TG": {
		"name": "Togo"
	},
	"TK": {
		"name": "Tokelau"
	},
	"TO": {
		"name": "Tonga"
	},
	"TT": {
		"name": "Trinidad og Tobago"
	},
	"TA": {
		"name": "Tristan da Cunha"
	},
	"TN": {
		"name": "Tunesien"
	},
	"TM": {
		"name": "Turkmenistan"
	},
	"TC": {
		"name": "Turks- og Caicosøerne"
	},
	"TV": {
		"name": "Tuvalu"
	},
	"TR": {
		"name": "Tyrkiet"
	},
	"DE": {
		"name": "Tyskland"
	},
	"UG": {
		"name": "Uganda"
	},
	"UA": {
		"name": "Ukraine"
	},
	"HU": {
		"name": "Ungarn"
	},
	"UY": {
		"name": "Uruguay"
	},
	"US": {
		"name": "USA"
	},
	"UZ": {
		"name": "Usbekistan"
	},
	"VU": {
		"name": "Vanuatu"
	},
	"VA": {
		"name": "Vatikanstaten"
	},
	"VE": {
		"name": "Venezuela"
	},
	"EH": {
		"name": "Vestsahara"
	},
	"VN": {
		"name": "Vietnam"
	},
	"WF": {
		"name": "Wallis og Futuna"
	},
	"YE": {
		"name": "Yemen"
	},
	"ZM": {
		"name": "Zambia"
	},
	"ZW": {
		"name": "Zimbabwe"
	},
	"GQ": {
		"name": "Ækvatorialguinea"
	},
	"AT": {
		"name": "Østrig"
	},
	"AX": {
		"name": "Åland"
	}
}