{
	"XK": {
		"name": "Kosovo"
	},
	"QA": {
		"name": "ཀ་ཊར"
	},
	"IC": {
		"name": "ཀ་ནེ་རི་གླིང་ཚོམ"
	},
	"KZ": {
		"name": "ཀ་ཛགས་སཏཱན"
	},
	"KH": {
		"name": "ཀམ་བྷོ་ཌི་ཡ"
	},
	"CW": {
		"name": "ཀྱཱུར་ར་ཀོ"
	},
	"HR": {
		"name": "ཀྲོ་ཨེ་ཤ"
	},
	"KI": {
		"name": "ཀི་རི་བ་ཏི་མཚོ་གླིང"
	},
	"CU": {
		"name": "ཀིའུ་བྷ"
	},
	"KG": {
		"name": "ཀིར་གིས་སཏཱན"
	},
	"KW": {
		"name": "ཀུ་ཝེཊ"
	},
	"CK": {
		"name": "ཀུག་གླིང་ཚོམ"
	},
	"CA": {
		"name": "ཀེ་ན་ཌ"
	},
	"CM": {
		"name": "ཀེ་མ་རུན"
	},
	"BQ": {
		"name": "ཀེ་རི་བི་ཡེན་ནེ་དར་ལནཌས྄"
	},
	"KE": {
		"name": "ཀེན་ཡ"
	},
	"CV": {
		"name": "ཀེཔ་བཱཌ"
	},
	"CC": {
		"name": "ཀོ་ཀོས་གླིང་ཚོམ"
	},
	"CI": {
		"name": "ཀོ་ཊེ་ ཌི་ཨི་ཝོ་རེ"
	},
	"KM": {
		"name": "ཀོ་མོ་རོས"
	},
	"CO": {
		"name": "ཀོ་ལོམ་བྷི་ཡ"
	},
	"CD": {
		"name": "ཀོང་གྷོ ཀིན་ཤ་ས"
	},
	"CG": {
		"name": "ཀོང་གྷོ བྷྲ་ཛ་བིལ"
	},
	"CR": {
		"name": "ཀོས་ཊ་རི་ཀ"
	},
	"CX": {
		"name": "ཁི་རིསྟ་མེས་མཚོ་གླིང"
	},
	"KY": {
		"name": "ཁེ་མེན་གླིང་ཚོམ"
	},
	"GH": {
		"name": "གྷ་ན"
	},
	"GA": {
		"name": "གྷ་བྷོན"
	},
	"GY": {
		"name": "གྷ་ཡ་ན"
	},
	"GN": {
		"name": "གྷི་ནི"
	},
	"GW": {
		"name": "གྷི་ནི་ བྷི་སཱའུ"
	},
	"GM": {
		"name": "གྷེམ་བི་ཡ"
	},
	"GT": {
		"name": "གྷོ་ཊ་མ་ལ"
	},
	"GR": {
		"name": "གིརིས྄"
	},
	"GL": {
		"name": "གིརཱིན་ལནཌ྄"
	},
	"GU": {
		"name": "གུ་འམ་ མཚོ་གླིང"
	},
	"GG": {
		"name": "གུ་ཨེརྣ་སི"
	},
	"GF": {
		"name": "གུའི་ཡ་ན་ ཕྲནས྄་མངའ་ཁོངས"
	},
	"GD": {
		"name": "གྲྀ་ན་ཌ"
	},
	"GP": {
		"name": "གོ་ཌེ་ལུ་པེ"
	},
	"TD": {
		"name": "ཅཱཌ"
	},
	"CL": {
		"name": "ཅི་ལི"
	},
	"CZ": {
		"name": "ཅེཀ་ རི་པབ་ལིཀ"
	},
	"JP": {
		"name": "ཇ་པཱན"
	},
	"JM": {
		"name": "ཇཱ་མཻ་ཀ"
	},
	"DE": {
		"name": "ཇཱར་མ་ནི"
	},
	"DJ": {
		"name": "ཇི་བྷུ་ཊི"
	},
	"GI": {
		"name": "ཇིབ་རཱལ་ཊར"
	},
	"JE": {
		"name": "ཇེར་སི"
	},
	"JO": {
		"name": "ཇོར་ཌན"
	},
	"GE": {
		"name": "ཇཽར་ཇཱ"
	},
	"TZ": {
		"name": "ཊཱན་ཛཱ་ནི་ཡ"
	},
	"TW": {
		"name": "ཊཱའི་ཝཱན"
	},
	"TR": {
		"name": "ཊཱར་ཀི"
	},
	"TM": {
		"name": "ཊཱརཀ་མེནའི་སཏཱན"
	},
	"TT": {
		"name": "ཊི་ནི་ཌཱཌ་ ཨེནཌ་ ཊོ་བྷེ་གྷོ"
	},
	"TN": {
		"name": "ཊུ་ནི་ཤི་ཡ"
	},
	"TG": {
		"name": "ཊོ་གྷོ"
	},
	"TO": {
		"name": "ཊོང་གྷ"
	},
	"DG": {
		"name": "ཌི་ཡེ་གོ་གར་སིའོ"
	},
	"DK": {
		"name": "ཌེན་མཱཀ"
	},
	"DM": {
		"name": "ཌོ་མི་ནི་ཀ"
	},
	"DO": {
		"name": "ཌོ་མི་ནི་ཀཱན་ རི་པབ་ལིཀ"
	},
	"TJ": {
		"name": "ཏ་ཇིག་གི་སཏཱན"
	},
	"TA": {
		"name": "ཏྲིས་ཏན་ད་ཀུན་ཧ"
	},
	"TL": {
		"name": "ཏི་་མོར་ལེ་ཨེསཊ"
	},
	"TV": {
		"name": "ཏུ་ཝ་ལུ"
	},
	"TC": {
		"name": "ཏུརྐས྄་ ཨེནཌ་ ཀ་ཀོས་གླིང་ཚོམ"
	},
	"TK": {
		"name": "ཏོ་ཀེ་ལའུ་ མཚོ་གླིང"
	},
	"TH": {
		"name": "ཐཱའི་ལེནཌ"
	},
	"NA": {
		"name": "ན་མི་བི་ཡ"
	},
	"NR": {
		"name": "ནའུ་རུ་"
	},
	"NE": {
		"name": "ནཱའི་ཇཱ"
	},
	"NG": {
		"name": "ནཱའི་ཇི་རི་ཡ"
	},
	"NI": {
		"name": "ནི་ཀྲ་ཝ་ག"
	},
	"NU": {
		"name": "ནི་ཨུ་ཨཻ"
	},
	"NC": {
		"name": "ནིའུ་ཀ་ལི་དོ་ནི་ཡ"
	},
	"NZ": {
		"name": "ནིའུ་ཛི་ལེནཌ"
	},
	"EH": {
		"name": "ནུབ་ཕྱོགས་ ས་ཧཱ་ར"
	},
	"NL": {
		"name": "ནེ་དར་ལནཌས྄"
	},
	"NF": {
		"name": "ནོར་ཕོལཀ་མཚོ་གླིང༌"
	},
	"NO": {
		"name": "ནོར་ཝེ"
	},
	"PK": {
		"name": "པ་ཀི་སཏཱན"
	},
	"PA": {
		"name": "པ་ན་མ"
	},
	"PG": {
		"name": "པ་པུ་ ནིའུ་གི་ནི"
	},
	"PY": {
		"name": "པ་ར་གུ་ཝའི"
	},
	"PW": {
		"name": "པ་ལའུ"
	},
	"PN": {
		"name": "པིཊ་ཀེ་ཡེརན་གླིང་ཚོམ"
	},
	"PR": {
		"name": "པུ་འེར་ཊོ་རི་ཁོ"
	},
	"PE": {
		"name": "པེ་རུ"
	},
	"PS": {
		"name": "པེ་ལིསི་ཊི་ནི་ཡན་ཊེ་རི་ཐོ་རི"
	},
	"PL": {
		"name": "པོ་ལེནཌ"
	},
	"PT": {
		"name": "པོར་ཅུ་གཱལ"
	},
	"TF": {
		"name": "ཕྲནཅ་གི་ལྷོ་ཕྱོགས་མངའ་ཁོངས"
	},
	"FR": {
		"name": "ཕྲཱནས"
	},
	"PF": {
		"name": "ཕྲཱནས྄་ཀྱི་པོ་ལི་ནི་ཤི་ཡ"
	},
	"FK": {
		"name": "ཕལྐ་ལནྜ་གླིང་ཚོམ"
	},
	"FO": {
		"name": "ཕཱའེ་རོ་གླིང་ཚོམ"
	},
	"FJ": {
		"name": "ཕི་ཇི"
	},
	"PH": {
		"name": "ཕི་ལི་པིནས"
	},
	"FI": {
		"name": "ཕིན་ལེནཌ"
	},
	"VA": {
		"name": "བ་ཊི་ཀཱན་ སི་ཊི"
	},
	"BD": {
		"name": "བངྒ་ལ་དེཤ"
	},
	"KP": {
		"name": "བྱང་ ཀོ་རི་ཡ"
	},
	"MP": {
		"name": "བྱང་ཕྱོགས་ཀྱི་མ་ར་ཡ་ན་གླིང་ཚོམ"
	},
	"BM": {
		"name": "བར་མུ་ཌ"
	},
	"BR": {
		"name": "བྲ་ཛིལ"
	},
	"IO": {
		"name": "བྲི་ཊིཤ་རྒྱ་གར་གྱི་རྒྱ་མཚོ་ས་ཁོངས"
	},
	"NP": {
		"name": "བལ་ཡུལ"
	},
	"BH": {
		"name": "བྷ་རེན"
	},
	"BS": {
		"name": "བྷ་ཧ་མས྄"
	},
	"BF": {
		"name": "བྷར་ཀི་ན་ ཕེ་སོ"
	},
	"BB": {
		"name": "བྷར་བེ་ཌོས"
	},
	"BN": {
		"name": "བྷྲུ་ནའི"
	},
	"BI": {
		"name": "བྷུ་རུན་ཌི"
	},
	"BJ": {
		"name": "བྷེ་ནིན"
	},
	"BO": {
		"name": "བྷེ་ལི་བི་ཡ"
	},
	"BZ": {
		"name": "བྷེ་ལིཛ"
	},
	"BE": {
		"name": "བྷེལ་ཇམ"
	},
	"BW": {
		"name": "བྷོཙ་ཝ་ན"
	},
	"BA": {
		"name": "བྷོས་ནི་ཡ་ ཨེནཌ་ ཧར་ཛི་གྷོ་བི་ན"
	},
	"BG": {
		"name": "བུལ་ག་རི་ཡ"
	},
	"VE": {
		"name": "བེ་ནི་ཛུ་ཝེ་ལ"
	},
	"VN": {
		"name": "བེཊ་ནཱམ"
	},
	"BY": {
		"name": "བེལ་ཨ་རུ་སུ"
	},
	"MG": {
		"name": "མ་དཱ་གེས་ཀར"
	},
	"MW": {
		"name": "མ་ལ་ཝི"
	},
	"MY": {
		"name": "མ་ལེ་ཤི་ཡ"
	},
	"MK": {
		"name": "མ་སེ་ཌོ་ནི་ཡ"
	},
	"MO": {
		"name": "མཀ་ཨའུ་ཅཱའི་ན"
	},
	"FM": {
		"name": "མའི་ཀྲོ་ནི་ཤི་ཡ"
	},
	"MH": {
		"name": "མར་ཤེལ་གླིང་ཚོམ"
	},
	"ML": {
		"name": "མཱ་ལི"
	},
	"MQ": {
		"name": "མཱར་ཊི་ནིཀ"
	},
	"MT": {
		"name": "མཱལ་ཊ"
	},
	"MV": {
		"name": "མཱལ་དིབས"
	},
	"MM": {
		"name": "མི་ཡཱན་མར་ (བྷར་མ)"
	},
	"YT": {
		"name": "མེ་ཡོཊ"
	},
	"MX": {
		"name": "མེཀ་སི་ཀོ"
	},
	"MC": {
		"name": "མོ་ན་ཀོ"
	},
	"MZ": {
		"name": "མོ་ཛམ་བྷིཀ"
	},
	"MR": {
		"name": "མོ་རི་ཊེ་ནི་ཡ"
	},
	"MU": {
		"name": "མོ་རི་ཤཱས"
	},
	"MA": {
		"name": "མོ་རོ་ཀོ"
	},
	"ME": {
		"name": "མོན་ཊི་ནེག་རོ"
	},
	"MS": {
		"name": "མོན་ས་རཊ"
	},
	"MD": {
		"name": "མོལ་དོ་བཱ"
	},
	"ZM": {
		"name": "ཛམ་བྷི་ཡ"
	},
	"ZW": {
		"name": "ཛིམ་བྷབ་ཝེ"
	},
	"VU": {
		"name": "ཝ་ནུ་ཨ་ཏུ"
	},
	"VG": {
		"name": "ཝརཇིན་གླིང་ཚོམ་ བྲཱི་ཊིཤ་མངའ་ཁོངས"
	},
	"VI": {
		"name": "ཝརཇིན་གླིང་ཚོམ་ ཡུ་ཨེས་ཨེ་མངའ་ཁོངས"
	},
	"WF": {
		"name": "ཝལ་ལིས྄་ ཨེནཌ་ ཕུ་ཏུ་ན་"
	},
	"BT": {
		"name": "འབྲུག"
	},
	"AQ": {
		"name": "འཛམ་གླིང་ལྷོ་མཐའི་ཁྱགས་གླིང"
	},
	"UA": {
		"name": "ཡུ་ཀརེན"
	},
	"UG": {
		"name": "ཡུ་གྷན་ཌ"
	},
	"GB": {
		"name": "ཡུ་ནཱའི་ཊེཌ་ ཀིང་ཌམ"
	},
	"AE": {
		"name": "ཡུ་ནཱའི་ཊེཌ་ ཨ་རབ་ ཨེ་མེ་རེཊས"
	},
	"UY": {
		"name": "ཡུ་རུ་གུ་ཝའི"
	},
	"UM": {
		"name": "ཡུ་ཨེས་གྱི་མཐའ་མཚམས་མཚོ་གླིང་"
	},
	"US": {
		"name": "ཡུ་ཨེས་ཨེ"
	},
	"YE": {
		"name": "ཡེ་མེན"
	},
	"IN": {
		"name": "རྒྱ་གར"
	},
	"CN": {
		"name": "རྒྱ་ནག"
	},
	"RW": {
		"name": "རུ་ཝན་ཌ"
	},
	"RE": {
		"name": "རེ་ཡུ་ནི་ཡོན"
	},
	"RO": {
		"name": "རོ་མེ་ནི་ཡ"
	},
	"LU": {
		"name": "ལག་ཛམ་བོརྒ"
	},
	"LV": {
		"name": "ལཊ་བི་ཡ"
	},
	"KR": {
		"name": "ལྷོ་ ཀོ་རི་ཡ"
	},
	"LA": {
		"name": "ལཱ་ཝོས"
	},
	"LR": {
		"name": "ལཱའི་བེ་རི་ཡ"
	},
	"LT": {
		"name": "ལི་ཐུ་ཝེ་ནི་ཡ"
	},
	"LY": {
		"name": "ལི་བི་ཡ"
	},
	"LI": {
		"name": "ལིཀ་ཏནས་ཏ་ཡིན"
	},
	"LB": {
		"name": "ལེ་བ་ནོན"
	},
	"LS": {
		"name": "ལཻ་སོ་ཐོ"
	},
	"LK": {
		"name": "ཤྲཱི་ལང་ཀ"
	},
	"WS": {
		"name": "ས་མོ་ཨ"
	},
	"AS": {
		"name": "ས་མོ་ཨ་ཡུ་ཨེས་ཨེ་མངའ་ཁོངས"
	},
	"ST": {
		"name": "སཝ་ ཊོ་མེ་ ཨེནཌ་ པྲྀན་སི་པེ"
	},
	"SJ": {
		"name": "སྭཱལ་བྷརྡ་ ཨེནཌ་ ཇཱན་མ་ཡེན"
	},
	"SM": {
		"name": "སཱན་མ་རི་ནོ"
	},
	"SA": {
		"name": "སཱཝ་དི་ ཨ་རེ་བྷི་ཡ"
	},
	"CY": {
		"name": "སཱའི་པྲས"
	},
	"SS": {
		"name": "སཱའུཐ་ སུ་ཌཱན"
	},
	"ZA": {
		"name": "སཱའུཐ་ ཨཕ་རི་ཀ"
	},
	"GS": {
		"name": "སཱའུཐ་ཇཽར་ཇཱ་ དང་ སཱའུཐ་སེནཌ྄་ཝིཅ་གླིང་ཚོམ"
	},
	"RS": {
		"name": "སཱར་བྷི་ཡ"
	},
	"SL": {
		"name": "སི་ར་ ལི་འོན"
	},
	"SY": {
		"name": "སི་རི་ཡ"
	},
	"SG": {
		"name": "སིང་ག་པོར"
	},
	"SX": {
		"name": "སིནཊ་ མཱར་ཊེན"
	},
	"PM": {
		"name": "སིནཊ་པི་ཡེར་ ཨེནཌ་ མིཀོ་ལེན"
	},
	"SD": {
		"name": "སུ་ཌཱན"
	},
	"SZ": {
		"name": "སུ་ཝ་ཛི་ལེནཌ"
	},
	"CH": {
		"name": "སུ་ཝིཊ་ཛར་ལེནཌ"
	},
	"SR": {
		"name": "སུ་རི་ནཱམ"
	},
	"SK": {
		"name": "སུ་ལོ་བཱ་ཀི་ཡ"
	},
	"SI": {
		"name": "སུ་ལོ་བི་ནི་ཡ"
	},
	"SE": {
		"name": "སུའི་ཌེན"
	},
	"SN": {
		"name": "སེ་ནི་གྷལ"
	},
	"SC": {
		"name": "སེ་ཤཱལས"
	},
	"EA": {
		"name": "སེ་ཨུ་ཏ་ ཨེནཌ་ མེལ་ལི་ལ"
	},
	"CF": {
		"name": "སེན་ཊལ་ ཨཕ་རི་ཀཱན་ རི་པབ་ལིཀ"
	},
	"KN": {
		"name": "སེནཊ་ ཀིཊས་ དང་ ནེ་བིས"
	},
	"BL": {
		"name": "སེནཊ་ བར་ཐོ་ལོམ་མིའུ"
	},
	"MF": {
		"name": "སེནཊ་ མཱར་ཊིན"
	},
	"LC": {
		"name": "སེནཊ་ ལུ་སི་ཡ"
	},
	"SH": {
		"name": "སེནཊ་ ཧེ་ལི་ན"
	},
	"VC": {
		"name": "སེནཊ་ཝིན་སེནཌ྄ ཨེནཌ་ གི་རེ་ན་དིནས྄"
	},
	"SO": {
		"name": "སོ་མ་ལི་ཡ"
	},
	"SB": {
		"name": "སོ་ལོ་མོན་ གླིང་ཚོམ"
	},
	"MN": {
		"name": "སོག་པོ་ཡུལ"
	},
	"HU": {
		"name": "ཧཱང་གྷ་རི"
	},
	"HN": {
		"name": "ཧཱན་ཌུ་རཱས྄"
	},
	"HT": {
		"name": "ཧེ་ཊི"
	},
	"HK": {
		"name": "ཧོང་ཀོང་ཅཱའི་ན"
	},
	"AZ": {
		"name": "ཨ་ཛར་བྷའི་ཇཱན"
	},
	"IM": {
		"name": "ཨ་ཡུལ་ ཨོཕ་ མཱན"
	},
	"AW": {
		"name": "ཨ་རུ་བཱ"
	},
	"AX": {
		"name": "ཨ་ལནཌ་གླིང་ཚོམ"
	},
	"AO": {
		"name": "ཨང་གྷོ་ལ"
	},
	"AI": {
		"name": "ཨང་གི་ལ"
	},
	"AG": {
		"name": "ཨན་ཊི་གུ་ཝ་ ཨེནཌ་ བྷར་བྷུ་ཌ"
	},
	"AF": {
		"name": "ཨཕ་གྷ་ནི་སཏཱན"
	},
	"AR": {
		"name": "ཨར་ཇེན་ཊི་ན"
	},
	"AM": {
		"name": "ཨར་མི་ནི་ཡ"
	},
	"IE": {
		"name": "ཨཱ་ཡ་ལེནཌ"
	},
	"AD": {
		"name": "ཨཱན་དོ་ར"
	},
	"IS": {
		"name": "ཨཱའིས་ལེནཌ"
	},
	"DZ": {
		"name": "ཨཱལ་ཇི་རི་ཡ"
	},
	"AL": {
		"name": "ཨཱལ་བེ་ནི་ཡ"
	},
	"AT": {
		"name": "ཨཱོས་ཊྲི་ཡ"
	},
	"AU": {
		"name": "ཨཱོས་ཊྲེལ་ལི་ཡ"
	},
	"EG": {
		"name": "ཨི་ཇིབཊ"
	},
	"IT": {
		"name": "ཨི་ཊ་ལི"
	},
	"ET": {
		"name": "ཨི་ཐི་ཡོ་པི་ཡ"
	},
	"IQ": {
		"name": "ཨི་རཱཀ"
	},
	"IR": {
		"name": "ཨི་རཱན"
	},
	"ID": {
		"name": "ཨིན་ཌོ་ནེ་ཤི་ཡ"
	},
	"ES": {
		"name": "ཨིས་པེན"
	},
	"IL": {
		"name": "ཨིས་ར་ཡེལ"
	},
	"RU": {
		"name": "ཨུ་རུ་སུ"
	},
	"UZ": {
		"name": "ཨུས་བེག་གི་སཏཱན"
	},
	"GQ": {
		"name": "ཨེ་ཀུ་ཊོ་རེལ་ གི་ནི"
	},
	"EC": {
		"name": "ཨེ་ཁྭ་ཌོར"
	},
	"ER": {
		"name": "ཨེ་རི་ཊྲེ་ཡ"
	},
	"AC": {
		"name": "ཨེ་སེན་ཤུན་ཚོ་གླིང༌"
	},
	"SV": {
		"name": "ཨེལ་སལ་བ་ཌོར"
	},
	"EE": {
		"name": "ཨེས་ཊོ་ནི་ཡ"
	},
	"OM": {
		"name": "ཨོ་མཱན"
	}
}