{
	"AF": {
		"name": "Afghanistan nutome"
	},
	"IS": {
		"name": "Aiseland nutome"
	},
	"IM": {
		"name": "Aisle of Man nutome"
	},
	"AX": {
		"name": "Åland ƒudomekpo nutome"
	},
	"AL": {
		"name": "Albania nutome"
	},
	"DZ": {
		"name": "Algeria nutome"
	},
	"AS": {
		"name": "Amerika Samoa nutome"
	},
	"AD": {
		"name": "Andorra nutome"
	},
	"AO": {
		"name": "Angola nutome"
	},
	"AI": {
		"name": "Anguilla nutome"
	},
	"AQ": {
		"name": "Antartica nutome"
	},
	"AG": {
		"name": "́Antigua kple Barbuda nutome"
	},
	"ZA": {
		"name": "Anyiehe Africa nutome"
	},
	"TF": {
		"name": "Anyiehe Franseme nutome"
	},
	"GS": {
		"name": "Anyiehe Georgia kple Anyiehe Sandwich ƒudomekpowo nutome"
	},
	"KR": {
		"name": "Anyiehe Korea nutome"
	},
	"AR": {
		"name": "Argentina nutome"
	},
	"AM": {
		"name": "Armenia nutome"
	},
	"AW": {
		"name": "Aruba nutome"
	},
	"AC": {
		"name": "Ascension ƒudomekpo nutome"
	},
	"AU": {
		"name": "Australia nutome"
	},
	"AT": {
		"name": "Austria nutome"
	},
	"AZ": {
		"name": "Azerbaijan nutome"
	},
	"BS": {
		"name": "Bahamas nutome"
	},
	"BH": {
		"name": "Bahrain nutome"
	},
	"BD": {
		"name": "Bangladesh nutome"
	},
	"BB": {
		"name": "Barbados nutome"
	},
	"BY": {
		"name": "Belarus nutome"
	},
	"BE": {
		"name": "Belgium nutome"
	},
	"BZ": {
		"name": "Belize nutome"
	},
	"BJ": {
		"name": "Benin nutome"
	},
	"BM": {
		"name": "Bermuda nutome"
	},
	"BT": {
		"name": "Bhutan nutome"
	},
	"BO": {
		"name": "Bolivia nutome"
	},
	"BA": {
		"name": "Bosnia kple Herzergovina nutome"
	},
	"BW": {
		"name": "Botswana nutome"
	},
	"BR": {
		"name": "Brazil nutome"
	},
	"IO": {
		"name": "Britaintɔwo ƒe india ƒudome nutome"
	},
	"VG": {
		"name": "Britaintɔwo ƒe Virgin ƒudomekpowo nutome"
	},
	"BN": {
		"name": "Brunei nutome"
	},
	"BG": {
		"name": "Bulgaria nutome"
	},
	"BF": {
		"name": "Burkina Faso nutome"
	},
	"BI": {
		"name": "Burundi nutome"
	},
	"CA": {
		"name": "Canada nutome"
	},
	"BQ": {
		"name": "Caribbean Netherlands"
	},
	"CW": {
		"name": "Curaçao"
	},
	"DK": {
		"name": "Denmark nutome"
	},
	"DG": {
		"name": "Diego Garsia nutome"
	},
	"DM": {
		"name": "Dominika nutome"
	},
	"DO": {
		"name": "Dominika repɔblik nutome"
	},
	"JM": {
		"name": "Dzamaika nutome"
	},
	"JP": {
		"name": "Dzapan nutome"
	},
	"JE": {
		"name": "Dzɛse nutome"
	},
	"DJ": {
		"name": "Dzibuti nutome"
	},
	"KP": {
		"name": "Dziehe Korea nutome"
	},
	"MP": {
		"name": "Dziehe Marina ƒudomekpowo nutome"
	},
	"EG": {
		"name": "Egypte nutome"
	},
	"EC": {
		"name": "Ekuadɔ nutome"
	},
	"GQ": {
		"name": "Ekuatorial Guini nutome"
	},
	"SV": {
		"name": "El Salvadɔ nutome"
	},
	"ER": {
		"name": "Eritrea nutome"
	},
	"EE": {
		"name": "Estonia nutome"
	},
	"ET": {
		"name": "Etiopia nutome"
	},
	"FK": {
		"name": "Falkland ƒudomekpowo nutome"
	},
	"FO": {
		"name": "Faroe ƒudomekpowo nutome"
	},
	"FJ": {
		"name": "Fidzi nutome"
	},
	"PH": {
		"name": "Filipini nutome"
	},
	"FI": {
		"name": "Finland nutome"
	},
	"FR": {
		"name": "France nutome"
	},
	"GF": {
		"name": "Frentsi Gayana nutome"
	},
	"PF": {
		"name": "Frentsi Pɔlinesia nutome"
	},
	"GA": {
		"name": "Gabɔn nutome"
	},
	"GM": {
		"name": "Gambia nutome"
	},
	"GE": {
		"name": "Georgia nutome"
	},
	"DE": {
		"name": "Germania nutome"
	},
	"GH": {
		"name": "Ghana nutome"
	},
	"GI": {
		"name": "Gibraltar nutome"
	},
	"GW": {
		"name": "Gini-Bisao nutome"
	},
	"GR": {
		"name": "Greece nutome"
	},
	"GD": {
		"name": "Grenada nutome"
	},
	"GL": {
		"name": "Grinland nutome"
	},
	"GP": {
		"name": "Guadelupe nutome"
	},
	"GU": {
		"name": "Guam nutome"
	},
	"GT": {
		"name": "Guatemala nutome"
	},
	"GG": {
		"name": "Guernse nutome"
	},
	"GN": {
		"name": "Guini nutome"
	},
	"GY": {
		"name": "Guyanadu"
	},
	"EH": {
		"name": "Ɣetoɖoƒe Sahara nutome"
	},
	"HT": {
		"name": "Haiti nutome"
	},
	"HN": {
		"name": "Hondurasdu"
	},
	"HK": {
		"name": "Hɔng Kɔng SAR Tsaina nutome"
	},
	"HU": {
		"name": "Hungari nutome"
	},
	"IN": {
		"name": "India nutome"
	},
	"ID": {
		"name": "Indonesia nutome"
	},
	"IR": {
		"name": "Iran nutome"
	},
	"IQ": {
		"name": "iraqdukɔ"
	},
	"IE": {
		"name": "Ireland nutome"
	},
	"IL": {
		"name": "Israel nutome"
	},
	"IT": {
		"name": "Italia nutome"
	},
	"KH": {
		"name": "Kambodia nutome"
	},
	"CM": {
		"name": "Kamerun nutome"
	},
	"IC": {
		"name": "Kanari ƒudomekpowo nutome"
	},
	"CV": {
		"name": "Kape Verde nutome"
	},
	"QA": {
		"name": "Katar nutome"
	},
	"KY": {
		"name": "Kayman ƒudomekpowo nutome"
	},
	"KZ": {
		"name": "Kazakstan nutome"
	},
	"KE": {
		"name": "Kenya nutome"
	},
	"EA": {
		"name": "Keuta and Melilla nutome"
	},
	"KG": {
		"name": "Kirgizstan nutome"
	},
	"KI": {
		"name": "Kiribati nutome"
	},
	"CC": {
		"name": "Kokos (Kiling) fudomekpo nutome"
	},
	"CO": {
		"name": "Kolombia nutome"
	},
	"KM": {
		"name": "Komoros nutome"
	},
	"CG": {
		"name": "Kongo Brazzaville nutome"
	},
	"CD": {
		"name": "Kongo Kinshasa nutome"
	},
	"CK": {
		"name": "Kook ƒudomekpo nutome"
	},
	"XK": {
		"name": "Kosovo"
	},
	"CR": {
		"name": "Kosta Rika nutome"
	},
	"CI": {
		"name": "Kote d’Ivoire nutome"
	},
	"CX": {
		"name": "Kristmas ƒudomekpo nutome"
	},
	"HR": {
		"name": "Kroatsia nutome"
	},
	"CU": {
		"name": "Kuba nutome"
	},
	"KW": {
		"name": "Kuwait nutome"
	},
	"LA": {
		"name": "Laos nutome"
	},
	"LV": {
		"name": "Latvia nutome"
	},
	"LU": {
		"name": "Lazembɔg nutome"
	},
	"LB": {
		"name": "Lebanɔn nutome"
	},
	"LS": {
		"name": "Lɛsoto nutome"
	},
	"LR": {
		"name": "Liberia nutome"
	},
	"LY": {
		"name": "Libya nutome"
	},
	"LT": {
		"name": "Lituania nutome"
	},
	"LI": {
		"name": "Litsenstein nutome"
	},
	"MO": {
		"name": "Macau SAR Tsaina nutome"
	},
	"MG": {
		"name": "Madagaska nutome"
	},
	"MK": {
		"name": "Makedonia nutome"
	},
	"MW": {
		"name": "Malawi nutome"
	},
	"MY": {
		"name": "Malaysia nutome"
	},
	"MV": {
		"name": "maldivesdukɔ"
	},
	"ML": {
		"name": "Mali nutome"
	},
	"MT": {
		"name": "Malta nutome"
	},
	"MH": {
		"name": "Marshal ƒudomekpowo nutome"
	},
	"MQ": {
		"name": "Martiniki nutome"
	},
	"MR": {
		"name": "Mauritania nutome"
	},
	"MU": {
		"name": "mauritiusdukɔ"
	},
	"YT": {
		"name": "Mayotte nutome"
	},
	"MX": {
		"name": "Mexico nutome"
	},
	"FM": {
		"name": "Mikronesia nutome"
	},
	"MD": {
		"name": "Moldova nutome"
	},
	"MC": {
		"name": "Monako nutome"
	},
	"MN": {
		"name": "Mongolia nutome"
	},
	"ME": {
		"name": "Montenegro nutome"
	},
	"MS": {
		"name": "Montserrat nutome"
	},
	"MA": {
		"name": "Moroko nutome"
	},
	"MZ": {
		"name": "Mozambiki nutome"
	},
	"MM": {
		"name": "Myanmar (Burma) nutome"
	},
	"NA": {
		"name": "Namibia nutome"
	},
	"NR": {
		"name": "Nauru nutome"
	},
	"NP": {
		"name": "Nepal nutome"
	},
	"NL": {
		"name": "Netherlands nutome"
	},
	"NC": {
		"name": "New Kaledonia nutome"
	},
	"NZ": {
		"name": "New Zealand nutome"
	},
	"NI": {
		"name": "Nicaraguadukɔ"
	},
	"NE": {
		"name": "Niger nutome"
	},
	"NG": {
		"name": "Nigeria nutome"
	},
	"NU": {
		"name": "Niue nutome"
	},
	"NF": {
		"name": "Norfolk ƒudomekpo nutome"
	},
	"NO": {
		"name": "Norway nutome"
	},
	"OM": {
		"name": "Oman nutome"
	},
	"PK": {
		"name": "Pakistan nutome"
	},
	"PW": {
		"name": "Palau nutome"
	},
	"PS": {
		"name": "Palestinia nutome"
	},
	"PA": {
		"name": "Panama nutome"
	},
	"PG": {
		"name": "Papua New Gini nutome"
	},
	"PY": {
		"name": "Paragua nutome"
	},
	"PE": {
		"name": "Peru nutome"
	},
	"PN": {
		"name": "Pitkairn ƒudomekpo nutome"
	},
	"PL": {
		"name": "Poland nutome"
	},
	"PT": {
		"name": "Portugal nutome"
	},
	"PR": {
		"name": "Puerto Riko nutome"
	},
	"RE": {
		"name": "Réunion nutome"
	},
	"RO": {
		"name": "Romania nutome"
	},
	"RU": {
		"name": "Russia nutome"
	},
	"RW": {
		"name": "Rwanda nutome"
	},
	"BL": {
		"name": "Saint Barthélemy nutome"
	},
	"SH": {
		"name": "Saint Helena nutome"
	},
	"KN": {
		"name": "Saint Kitis kple Nevis nutome"
	},
	"LC": {
		"name": "Saint Lusia nutome"
	},
	"MF": {
		"name": "Saint Martin nutome"
	},
	"PM": {
		"name": "Saint Pierre kple Mikelɔn nutome"
	},
	"VC": {
		"name": "Saint Vincent kple Grenadine nutome"
	},
	"CY": {
		"name": "Saiprus nutome"
	},
	"WS": {
		"name": "Samoa nutome"
	},
	"SM": {
		"name": "San Marino nutome"
	},
	"ST": {
		"name": "São Tomé kple Príncipe nutome"
	},
	"SA": {
		"name": "Saudi Arabia nutome"
	},
	"SN": {
		"name": "Senegal nutome"
	},
	"RS": {
		"name": "Serbia"
	},
	"SC": {
		"name": "Seshɛls nutome"
	},
	"SL": {
		"name": "Sierra Leone nutome"
	},
	"SG": {
		"name": "Singapɔr nutome"
	},
	"SX": {
		"name": "Sint Maarten"
	},
	"SY": {
		"name": "Siria nutome"
	},
	"SK": {
		"name": "Slovakia nutome"
	},
	"SI": {
		"name": "Slovenia nutome"
	},
	"SB": {
		"name": "Solomon ƒudomekpowo nutome"
	},
	"SO": {
		"name": "Somalia nutome"
	},
	"SS": {
		"name": "South Sudan"
	},
	"ES": {
		"name": "Spain nutome"
	},
	"LK": {
		"name": "Sri Lanka nutome"
	},
	"SD": {
		"name": "Sudan nutome"
	},
	"SR": {
		"name": "Suriname nutome"
	},
	"SJ": {
		"name": "Svalbard kple Yan Mayen nutome"
	},
	"SZ": {
		"name": "Swaziland nutome"
	},
	"SE": {
		"name": "Sweden nutome"
	},
	"CH": {
		"name": "Switzerland nutome"
	},
	"TW": {
		"name": "Taiwan nutome"
	},
	"TJ": {
		"name": "Tajikistan nutome"
	},
	"TZ": {
		"name": "Tanzania nutome"
	},
	"TR": {
		"name": "Tɛki nutome"
	},
	"TM": {
		"name": "Tɛkmenistan nutome"
	},
	"TC": {
		"name": "Tɛks kple Kaikos ƒudomekpowo nutome"
	},
	"TH": {
		"name": "Thailand nutome"
	},
	"TL": {
		"name": "Timor-Leste nutome"
	},
	"CF": {
		"name": "Titina Afrika repɔblik nutome"
	},
	"TG": {
		"name": "Togo nutome"
	},
	"TK": {
		"name": "Tokelau nutome"
	},
	"TO": {
		"name": "Tonga nutome"
	},
	"TT": {
		"name": "Trinidad kple Tobago nutome"
	},
	"TA": {
		"name": "Tristan da Kunha nutome"
	},
	"TN": {
		"name": "Tunisia nutome"
	},
	"TV": {
		"name": "Tuvalu nutome"
	},
	"TD": {
		"name": "Tsad nutome"
	},
	"CN": {
		"name": "Tsaina nutome"
	},
	"CZ": {
		"name": "Tsɛk repɔblik nutome"
	},
	"CL": {
		"name": "Tsile nutome"
	},
	"UM": {
		"name": "U.S. Minor Outlaying ƒudomekpowo nutome"
	},
	"VI": {
		"name": "U.S. Vɛrgin ƒudomekpowo nutome"
	},
	"UG": {
		"name": "Uganda nutome"
	},
	"UA": {
		"name": "Ukraine nutome"
	},
	"AE": {
		"name": "United Arab Emirates nutome"
	},
	"GB": {
		"name": "United Kingdom nutome"
	},
	"UY": {
		"name": "uruguaydukɔ"
	},
	"US": {
		"name": "USA nutome"
	},
	"UZ": {
		"name": "Uzbekistan nutome"
	},
	"VU": {
		"name": "Vanuatu nutome"
	},
	"VA": {
		"name": "Vatikandu nutome"
	},
	"VE": {
		"name": "Venezuela nutome"
	},
	"VN": {
		"name": "Vietnam nutome"
	},
	"WF": {
		"name": "Wallis kple Futuna nutome"
	},
	"YE": {
		"name": "Yemen nutome"
	},
	"JO": {
		"name": "Yordan nutome"
	},
	"ZM": {
		"name": "Zambia nutome"
	},
	"ZW": {
		"name": "Zimbabwe nutome"
	}
}