{
	"SH": {
		"name": "Αγία Ελένη"
	},
	"LC": {
		"name": "Αγία Λουκία"
	},
	"BL": {
		"name": "Άγιος Βαρθολομαίος"
	},
	"VC": {
		"name": "Άγιος Βικέντιος και Γρεναδίνες"
	},
	"SM": {
		"name": "Άγιος Μαρίνος"
	},
	"MF": {
		"name": "Άγιος Μαρτίνος (Γαλλικό τμήμα)"
	},
	"SX": {
		"name": "Άγιος Μαρτίνος (Ολλανδικό τμήμα)"
	},
	"KN": {
		"name": "Άγιος Χριστόφορος και Νέβις"
	},
	"AZ": {
		"name": "Αζερμπαϊτζάν"
	},
	"EG": {
		"name": "Αίγυπτος"
	},
	"ET": {
		"name": "Αιθιοπία"
	},
	"HT": {
		"name": "Αϊτή"
	},
	"CI": {
		"name": "Ακτή Ελεφαντοστού"
	},
	"AL": {
		"name": "Αλβανία"
	},
	"DZ": {
		"name": "Αλγερία"
	},
	"VI": {
		"name": "Αμερικανικές Παρθένοι Νήσοι"
	},
	"AS": {
		"name": "Αμερικανική Σαμόα"
	},
	"AO": {
		"name": "Ανγκόλα"
	},
	"AI": {
		"name": "Ανγκουίλα"
	},
	"AD": {
		"name": "Ανδόρα"
	},
	"AQ": {
		"name": "Ανταρκτική"
	},
	"AG": {
		"name": "Αντίγκουα και Μπαρμπούντα"
	},
	"UM": {
		"name": "Απομακρυσμένες Νησίδες ΗΠΑ"
	},
	"AR": {
		"name": "Αργεντινή"
	},
	"AM": {
		"name": "Αρμενία"
	},
	"AW": {
		"name": "Αρούμπα"
	},
	"AU": {
		"name": "Αυστραλία"
	},
	"AT": {
		"name": "Αυστρία"
	},
	"AF": {
		"name": "Αφγανιστάν"
	},
	"VU": {
		"name": "Βανουάτου"
	},
	"VA": {
		"name": "Βατικανό"
	},
	"BE": {
		"name": "Βέλγιο"
	},
	"VE": {
		"name": "Βενεζουέλα"
	},
	"BM": {
		"name": "Βερμούδες"
	},
	"VN": {
		"name": "Βιετνάμ"
	},
	"BO": {
		"name": "Βολιβία"
	},
	"KP": {
		"name": "Βόρεια Κορέα"
	},
	"BA": {
		"name": "Βοσνία - Ερζεγοβίνη"
	},
	"BG": {
		"name": "Βουλγαρία"
	},
	"BR": {
		"name": "Βραζιλία"
	},
	"IO": {
		"name": "Βρετανικά Εδάφη Ινδικού Ωκεανού"
	},
	"VG": {
		"name": "Βρετανικές Παρθένοι Νήσοι"
	},
	"FR": {
		"name": "Γαλλία"
	},
	"TF": {
		"name": "Γαλλικές περιοχές του νοτίου ημισφαιρίου"
	},
	"GF": {
		"name": "Γαλλική Γουιάνα"
	},
	"PF": {
		"name": "Γαλλική Πολυνησία"
	},
	"DE": {
		"name": "Γερμανία"
	},
	"GE": {
		"name": "Γεωργία"
	},
	"GI": {
		"name": "Γιβραλτάρ"
	},
	"GM": {
		"name": "Γκάμπια"
	},
	"GA": {
		"name": "Γκαμπόν"
	},
	"GH": {
		"name": "Γκάνα"
	},
	"GG": {
		"name": "Γκέρνζι"
	},
	"GU": {
		"name": "Γκουάμ"
	},
	"GP": {
		"name": "Γουαδελούπη"
	},
	"GT": {
		"name": "Γουατεμάλα"
	},
	"GY": {
		"name": "Γουιάνα"
	},
	"GN": {
		"name": "Γουινέα"
	},
	"GW": {
		"name": "Γουινέα Μπισάου"
	},
	"GD": {
		"name": "Γρενάδα"
	},
	"GL": {
		"name": "Γροιλανδία"
	},
	"DK": {
		"name": "Δανία"
	},
	"DO": {
		"name": "Δομινικανή Δημοκρατία"
	},
	"EH": {
		"name": "Δυτική Σαχάρα"
	},
	"EC": {
		"name": "Εκουαδόρ"
	},
	"SV": {
		"name": "Ελ Σαλβαδόρ"
	},
	"CH": {
		"name": "Ελβετία"
	},
	"GR": {
		"name": "Ελλάδα"
	},
	"ER": {
		"name": "Ερυθραία"
	},
	"EE": {
		"name": "Εσθονία"
	},
	"ZM": {
		"name": "Ζάμπια"
	},
	"ZW": {
		"name": "Ζιμπάμπουε"
	},
	"AE": {
		"name": "Ηνωμένα Αραβικά Εμιράτα"
	},
	"US": {
		"name": "Ηνωμένες Πολιτείες"
	},
	"GB": {
		"name": "Ηνωμένο Βασίλειο"
	},
	"EA": {
		"name": "Θεούτα και Μελίλα"
	},
	"JP": {
		"name": "Ιαπωνία"
	},
	"IN": {
		"name": "Ινδία"
	},
	"ID": {
		"name": "Ινδονησία"
	},
	"JO": {
		"name": "Ιορδανία"
	},
	"IQ": {
		"name": "Ιράκ"
	},
	"IR": {
		"name": "Ιράν"
	},
	"IE": {
		"name": "Ιρλανδία"
	},
	"GQ": {
		"name": "Ισημερινή Γουινέα"
	},
	"IS": {
		"name": "Ισλανδία"
	},
	"ES": {
		"name": "Ισπανία"
	},
	"IL": {
		"name": "Ισραήλ"
	},
	"IT": {
		"name": "Ιταλία"
	},
	"KZ": {
		"name": "Καζακστάν"
	},
	"CM": {
		"name": "Καμερούν"
	},
	"KH": {
		"name": "Καμπότζη"
	},
	"CA": {
		"name": "Καναδάς"
	},
	"IC": {
		"name": "Κανάριοι Νήσοι"
	},
	"QA": {
		"name": "Κατάρ"
	},
	"CF": {
		"name": "Κεντροαφρικανική Δημοκρατία"
	},
	"KE": {
		"name": "Κένυα"
	},
	"CN": {
		"name": "Κίνα"
	},
	"KG": {
		"name": "Κιργιστάν"
	},
	"KI": {
		"name": "Κιριμπάτι"
	},
	"CO": {
		"name": "Κολομβία"
	},
	"KM": {
		"name": "Κομόρες"
	},
	"CD": {
		"name": "Κονγκό - Κινσάσα"
	},
	"CG": {
		"name": "Κονγκό - Μπραζαβίλ"
	},
	"XK": {
		"name": "Κόσοβο"
	},
	"CR": {
		"name": "Κόστα Ρίκα"
	},
	"CU": {
		"name": "Κούβα"
	},
	"KW": {
		"name": "Κουβέιτ"
	},
	"CW": {
		"name": "Κουρασάο"
	},
	"HR": {
		"name": "Κροατία"
	},
	"CY": {
		"name": "Κύπρος"
	},
	"LA": {
		"name": "Λάος"
	},
	"LS": {
		"name": "Λεσότο"
	},
	"LV": {
		"name": "Λετονία"
	},
	"BY": {
		"name": "Λευκορωσία"
	},
	"LB": {
		"name": "Λίβανος"
	},
	"LR": {
		"name": "Λιβερία"
	},
	"LY": {
		"name": "Λιβύη"
	},
	"LT": {
		"name": "Λιθουανία"
	},
	"LI": {
		"name": "Λιχτενστάιν"
	},
	"LU": {
		"name": "Λουξεμβούργο"
	},
	"YT": {
		"name": "Μαγιότ"
	},
	"MG": {
		"name": "Μαδαγασκάρη"
	},
	"MO": {
		"name": "Μακάο ΕΔΠ Κίνας"
	},
	"MY": {
		"name": "Μαλαισία"
	},
	"MW": {
		"name": "Μαλάουι"
	},
	"MV": {
		"name": "Μαλδίβες"
	},
	"ML": {
		"name": "Μάλι"
	},
	"MT": {
		"name": "Μάλτα"
	},
	"MA": {
		"name": "Μαρόκο"
	},
	"MQ": {
		"name": "Μαρτινίκα"
	},
	"MU": {
		"name": "Μαυρίκιος"
	},
	"MR": {
		"name": "Μαυριτανία"
	},
	"ME": {
		"name": "Μαυροβούνιο"
	},
	"MX": {
		"name": "Μεξικό"
	},
	"MM": {
		"name": "Μιανμάρ\/Βιρμανία"
	},
	"FM": {
		"name": "Μικρονησία"
	},
	"MN": {
		"name": "Μογγολία"
	},
	"MZ": {
		"name": "Μοζαμβίκη"
	},
	"MD": {
		"name": "Μολδαβία"
	},
	"MC": {
		"name": "Μονακό"
	},
	"MS": {
		"name": "Μονσεράτ"
	},
	"BD": {
		"name": "Μπανγκλαντές"
	},
	"BB": {
		"name": "Μπαρμπάντος"
	},
	"BS": {
		"name": "Μπαχάμες"
	},
	"BH": {
		"name": "Μπαχρέιν"
	},
	"BZ": {
		"name": "Μπελίζ"
	},
	"BJ": {
		"name": "Μπενίν"
	},
	"BW": {
		"name": "Μποτσουάνα"
	},
	"BF": {
		"name": "Μπουρκίνα Φάσο"
	},
	"BI": {
		"name": "Μπουρούντι"
	},
	"BT": {
		"name": "Μπουτάν"
	},
	"BN": {
		"name": "Μπρουνέι"
	},
	"NA": {
		"name": "Ναμίμπια"
	},
	"NR": {
		"name": "Ναουρού"
	},
	"NZ": {
		"name": "Νέα Ζηλανδία"
	},
	"NC": {
		"name": "Νέα Καληδονία"
	},
	"NP": {
		"name": "Νεπάλ"
	},
	"MP": {
		"name": "Νήσοι Βόρειες Μαριάνες"
	},
	"KY": {
		"name": "Νήσοι Κάιμαν"
	},
	"CC": {
		"name": "Νήσοι Κόκος (Κίλινγκ)"
	},
	"CK": {
		"name": "Νήσοι Κουκ"
	},
	"MH": {
		"name": "Νήσοι Μάρσαλ"
	},
	"GS": {
		"name": "Νήσοι Νότια Γεωργία και Νότιες Σάντουιτς"
	},
	"AX": {
		"name": "Νήσοι Όλαντ"
	},
	"PN": {
		"name": "Νήσοι Πίτκερν"
	},
	"SB": {
		"name": "Νήσοι Σολομώντος"
	},
	"TC": {
		"name": "Νήσοι Τερκ και Κάικος"
	},
	"FO": {
		"name": "Νήσοι Φερόες"
	},
	"FK": {
		"name": "Νήσοι Φόκλαντ"
	},
	"AC": {
		"name": "Νήσος Ασενσιόν"
	},
	"IM": {
		"name": "Νήσος Μαν"
	},
	"NF": {
		"name": "Νήσος Νόρφολκ"
	},
	"CX": {
		"name": "Νήσος των Χριστουγέννων"
	},
	"NE": {
		"name": "Νίγηρας"
	},
	"NG": {
		"name": "Νιγηρία"
	},
	"NI": {
		"name": "Νικαράγουα"
	},
	"NU": {
		"name": "Νιούε"
	},
	"NO": {
		"name": "Νορβηγία"
	},
	"ZA": {
		"name": "Νότια Αφρική"
	},
	"KR": {
		"name": "Νότια Κορέα"
	},
	"SS": {
		"name": "Νότιο Σουδάν"
	},
	"DG": {
		"name": "Ντιέγκο Γκαρσία"
	},
	"DM": {
		"name": "Ντομίνικα"
	},
	"NL": {
		"name": "Ολλανδία"
	},
	"BQ": {
		"name": "Ολλανδία Καραϊβικής"
	},
	"OM": {
		"name": "Ομάν"
	},
	"HN": {
		"name": "Ονδούρα"
	},
	"WF": {
		"name": "Ουάλις και Φουτούνα"
	},
	"HU": {
		"name": "Ουγγαρία"
	},
	"UG": {
		"name": "Ουγκάντα"
	},
	"UZ": {
		"name": "Ουζμπεκιστάν"
	},
	"UA": {
		"name": "Ουκρανία"
	},
	"UY": {
		"name": "Ουρουγουάη"
	},
	"PK": {
		"name": "Πακιστάν"
	},
	"PS": {
		"name": "Παλαιστινιακά Εδάφη"
	},
	"PW": {
		"name": "Παλάου"
	},
	"PA": {
		"name": "Παναμάς"
	},
	"PG": {
		"name": "Παπούα Νέα Γουινέα"
	},
	"PY": {
		"name": "Παραγουάη"
	},
	"PE": {
		"name": "Περού"
	},
	"PL": {
		"name": "Πολωνία"
	},
	"PT": {
		"name": "Πορτογαλία"
	},
	"PR": {
		"name": "Πουέρτο Ρίκο"
	},
	"CV": {
		"name": "Πράσινο Ακρωτήριο"
	},
	"MK": {
		"name": "Πρώην Γιουγκοσλαβική Δημοκρατία της Μακεδονίας"
	},
	"RE": {
		"name": "Ρεϊνιόν"
	},
	"RW": {
		"name": "Ρουάντα"
	},
	"RO": {
		"name": "Ρουμανία"
	},
	"RU": {
		"name": "Ρωσία"
	},
	"WS": {
		"name": "Σαμόα"
	},
	"ST": {
		"name": "Σάο Τομέ και Πρίνσιπε"
	},
	"SA": {
		"name": "Σαουδική Αραβία"
	},
	"SJ": {
		"name": "Σβάλμπαρντ και Γιαν Μαγιέν"
	},
	"PM": {
		"name": "Σεν Πιερ και Μικελόν"
	},
	"SN": {
		"name": "Σενεγάλη"
	},
	"RS": {
		"name": "Σερβία"
	},
	"SC": {
		"name": "Σεϋχέλλες"
	},
	"SG": {
		"name": "Σιγκαπούρη"
	},
	"SL": {
		"name": "Σιέρα Λεόνε"
	},
	"SK": {
		"name": "Σλοβακία"
	},
	"SI": {
		"name": "Σλοβενία"
	},
	"SO": {
		"name": "Σομαλία"
	},
	"SZ": {
		"name": "Σουαζιλάνδη"
	},
	"SD": {
		"name": "Σουδάν"
	},
	"SE": {
		"name": "Σουηδία"
	},
	"SR": {
		"name": "Σουρινάμ"
	},
	"LK": {
		"name": "Σρι Λάνκα"
	},
	"SY": {
		"name": "Συρία"
	},
	"TW": {
		"name": "Ταϊβάν"
	},
	"TH": {
		"name": "Ταϊλάνδη"
	},
	"TZ": {
		"name": "Τανζανία"
	},
	"TJ": {
		"name": "Τατζικιστάν"
	},
	"JM": {
		"name": "Τζαμάικα"
	},
	"JE": {
		"name": "Τζέρζι"
	},
	"DJ": {
		"name": "Τζιμπουτί"
	},
	"TL": {
		"name": "Τιμόρ-Λέστε"
	},
	"TG": {
		"name": "Τόγκο"
	},
	"TK": {
		"name": "Τοκελάου"
	},
	"TO": {
		"name": "Τόνγκα"
	},
	"TV": {
		"name": "Τουβαλού"
	},
	"TR": {
		"name": "Τουρκία"
	},
	"TM": {
		"name": "Τουρκμενιστάν"
	},
	"TT": {
		"name": "Τρινιντάντ και Τομπάγκο"
	},
	"TA": {
		"name": "Τριστάν ντα Κούνια"
	},
	"TD": {
		"name": "Τσαντ"
	},
	"CZ": {
		"name": "Τσεχική Δημοκρατία"
	},
	"TN": {
		"name": "Τυνησία"
	},
	"YE": {
		"name": "Υεμένη"
	},
	"PH": {
		"name": "Φιλιππίνες"
	},
	"FI": {
		"name": "Φινλανδία"
	},
	"FJ": {
		"name": "Φίτζι"
	},
	"CL": {
		"name": "Χιλή"
	},
	"HK": {
		"name": "Χονγκ Κονγκ ΕΔΠ Κίνας"
	}
}