{
	"AF": {
		"name": "Afganujo"
	},
	"AX": {
		"name": "Åland Islands"
	},
	"AL": {
		"name": "Albanujo"
	},
	"DZ": {
		"name": "Alĝerio"
	},
	"AS": {
		"name": "American Samoa"
	},
	"AD": {
		"name": "Andoro"
	},
	"AO": {
		"name": "Angolo"
	},
	"AI": {
		"name": "Angvilo"
	},
	"AQ": {
		"name": "Antarkto"
	},
	"AG": {
		"name": "Antigvo-Barbudo"
	},
	"AR": {
		"name": "Argentino"
	},
	"AM": {
		"name": "Armenujo"
	},
	"AW": {
		"name": "Arubo"
	},
	"AC": {
		"name": "Ascension Island"
	},
	"AU": {
		"name": "Aŭstralio"
	},
	"AT": {
		"name": "Aŭstrujo"
	},
	"AZ": {
		"name": "Azerbajĝano"
	},
	"BS": {
		"name": "Bahamoj"
	},
	"BD": {
		"name": "Bangladeŝo"
	},
	"BB": {
		"name": "Barbado"
	},
	"BH": {
		"name": "Barejno"
	},
	"PW": {
		"name": "Belaŭo"
	},
	"BE": {
		"name": "Belgujo"
	},
	"BZ": {
		"name": "Belizo"
	},
	"BY": {
		"name": "Belorusujo"
	},
	"BJ": {
		"name": "Benino"
	},
	"BM": {
		"name": "Bermudoj"
	},
	"BW": {
		"name": "Bocvano"
	},
	"BO": {
		"name": "Bolivio"
	},
	"BA": {
		"name": "Bosnio-Hercegovino"
	},
	"BR": {
		"name": "Brazilo"
	},
	"IO": {
		"name": "Brita Hindoceana Teritorio"
	},
	"VG": {
		"name": "Britaj Virgulininsuloj"
	},
	"BN": {
		"name": "Brunejo"
	},
	"BG": {
		"name": "Bulgarujo"
	},
	"BF": {
		"name": "Burkino"
	},
	"BI": {
		"name": "Burundo"
	},
	"BT": {
		"name": "Butano"
	},
	"IC": {
		"name": "Canary Islands"
	},
	"BQ": {
		"name": "Caribbean Netherlands"
	},
	"CF": {
		"name": "Centr-Afrika Respubliko"
	},
	"EA": {
		"name": "Ceuta & Melilla"
	},
	"CX": {
		"name": "Christmas Island"
	},
	"CC": {
		"name": "Cocos (Keeling) Islands"
	},
	"CD": {
		"name": "Congo - Kinshasa"
	},
	"CW": {
		"name": "Curaçao"
	},
	"TD": {
		"name": "Ĉado"
	},
	"CZ": {
		"name": "Ĉeĥujo"
	},
	"CL": {
		"name": "Ĉilio"
	},
	"CN": {
		"name": "Ĉinujo"
	},
	"DK": {
		"name": "Danujo"
	},
	"DG": {
		"name": "Diego Garcia"
	},
	"DO": {
		"name": "Domingo"
	},
	"DM": {
		"name": "Dominiko"
	},
	"CI": {
		"name": "Ebur-Bordo"
	},
	"EG": {
		"name": "Egipto"
	},
	"EC": {
		"name": "Ekvadoro"
	},
	"GQ": {
		"name": "Ekvatora Gvineo"
	},
	"ER": {
		"name": "Eritreo"
	},
	"EE": {
		"name": "Estonujo"
	},
	"ET": {
		"name": "Etiopujo"
	},
	"FK": {
		"name": "Falkland Islands"
	},
	"FO": {
		"name": "Ferooj"
	},
	"FJ": {
		"name": "Fiĝoj"
	},
	"PH": {
		"name": "Filipinoj"
	},
	"FI": {
		"name": "Finnlando"
	},
	"GF": {
		"name": "Franca Gviano"
	},
	"PF": {
		"name": "Franca Polinezio"
	},
	"FR": {
		"name": "Francujo"
	},
	"TF": {
		"name": "French Southern Territories"
	},
	"GA": {
		"name": "Gabono"
	},
	"GM": {
		"name": "Gambio"
	},
	"GH": {
		"name": "Ganao"
	},
	"DE": {
		"name": "Germanujo"
	},
	"GR": {
		"name": "Grekujo"
	},
	"GD": {
		"name": "Grenado"
	},
	"GL": {
		"name": "Gronlando"
	},
	"GG": {
		"name": "Guernsey"
	},
	"GY": {
		"name": "Gujano"
	},
	"GP": {
		"name": "Gvadelupo"
	},
	"GU": {
		"name": "Gvamo"
	},
	"GT": {
		"name": "Gvatemalo"
	},
	"GN": {
		"name": "Gvineo"
	},
	"GW": {
		"name": "Gvineo-Bisaŭo"
	},
	"GI": {
		"name": "Ĝibraltaro"
	},
	"DJ": {
		"name": "Ĝibutio"
	},
	"HT": {
		"name": "Haitio"
	},
	"IN": {
		"name": "Hindujo"
	},
	"ES": {
		"name": "Hispanujo"
	},
	"HN": {
		"name": "Honduro"
	},
	"HK": {
		"name": "Hong Kong SAR China"
	},
	"HU": {
		"name": "Hungarujo"
	},
	"ID": {
		"name": "Indonezio"
	},
	"IQ": {
		"name": "Irako"
	},
	"IR": {
		"name": "Irano"
	},
	"IE": {
		"name": "Irlando"
	},
	"IS": {
		"name": "Islando"
	},
	"IM": {
		"name": "Isle of Man"
	},
	"IL": {
		"name": "Israelo"
	},
	"IT": {
		"name": "Italujo"
	},
	"JM": {
		"name": "Jamajko"
	},
	"JP": {
		"name": "Japanujo"
	},
	"YE": {
		"name": "Jemeno"
	},
	"JE": {
		"name": "Jersey"
	},
	"JO": {
		"name": "Jordanio"
	},
	"CV": {
		"name": "Kabo-Verdo"
	},
	"KH": {
		"name": "Kamboĝo"
	},
	"CM": {
		"name": "Kameruno"
	},
	"CA": {
		"name": "Kanado"
	},
	"GE": {
		"name": "Kartvelujo"
	},
	"QA": {
		"name": "Kataro"
	},
	"KZ": {
		"name": "Kazaĥstano"
	},
	"KY": {
		"name": "Kejmanoj"
	},
	"KE": {
		"name": "Kenjo"
	},
	"CY": {
		"name": "Kipro"
	},
	"KG": {
		"name": "Kirgizistano"
	},
	"KI": {
		"name": "Kiribato"
	},
	"CO": {
		"name": "Kolombio"
	},
	"KM": {
		"name": "Komoroj"
	},
	"CG": {
		"name": "Kongolo"
	},
	"XK": {
		"name": "Kosovo"
	},
	"CR": {
		"name": "Kostariko"
	},
	"HR": {
		"name": "Kroatujo"
	},
	"CU": {
		"name": "Kubo"
	},
	"CK": {
		"name": "Kukinsuloj"
	},
	"KW": {
		"name": "Kuvajto"
	},
	"LA": {
		"name": "Laoso"
	},
	"LV": {
		"name": "Latvujo"
	},
	"LS": {
		"name": "Lesoto"
	},
	"LB": {
		"name": "Libano"
	},
	"LR": {
		"name": "Liberio"
	},
	"LY": {
		"name": "Libio"
	},
	"LI": {
		"name": "Liĥtenŝtejno"
	},
	"LT": {
		"name": "Litovujo"
	},
	"LU": {
		"name": "Luksemburgo"
	},
	"MO": {
		"name": "Macau SAR China"
	},
	"MG": {
		"name": "Madagaskaro"
	},
	"YT": {
		"name": "Majoto"
	},
	"MK": {
		"name": "Makedonujo"
	},
	"MY": {
		"name": "Malajzio"
	},
	"MW": {
		"name": "Malavio"
	},
	"MV": {
		"name": "Maldivoj"
	},
	"ML": {
		"name": "Malio"
	},
	"MT": {
		"name": "Malto"
	},
	"MA": {
		"name": "Maroko"
	},
	"MH": {
		"name": "Marŝaloj"
	},
	"MQ": {
		"name": "Martiniko"
	},
	"MU": {
		"name": "Maŭricio"
	},
	"MR": {
		"name": "Maŭritanujo"
	},
	"MX": {
		"name": "Meksiko"
	},
	"FM": {
		"name": "Mikronezio"
	},
	"MM": {
		"name": "Mjanmao"
	},
	"MD": {
		"name": "Moldavujo"
	},
	"MC": {
		"name": "Monako"
	},
	"MN": {
		"name": "Mongolujo"
	},
	"ME": {
		"name": "Montenegro"
	},
	"MS": {
		"name": "Montserrat"
	},
	"MZ": {
		"name": "Mozambiko"
	},
	"NA": {
		"name": "Namibio"
	},
	"NR": {
		"name": "Nauro"
	},
	"NL": {
		"name": "Nederlando"
	},
	"NP": {
		"name": "Nepalo"
	},
	"NG": {
		"name": "Niĝerio"
	},
	"NE": {
		"name": "Niĝero"
	},
	"NI": {
		"name": "Nikaragvo"
	},
	"NU": {
		"name": "Niuo"
	},
	"KP": {
		"name": "Nord-Koreo"
	},
	"MP": {
		"name": "Nord-Marianoj"
	},
	"NF": {
		"name": "Norfolkinsulo"
	},
	"NO": {
		"name": "Norvegujo"
	},
	"NC": {
		"name": "Nov-Kaledonio"
	},
	"NZ": {
		"name": "Nov-Zelando"
	},
	"EH": {
		"name": "Okcidenta Saharo"
	},
	"OM": {
		"name": "Omano"
	},
	"PK": {
		"name": "Pakistano"
	},
	"PS": {
		"name": "Palestinian Territories"
	},
	"PA": {
		"name": "Panamo"
	},
	"PG": {
		"name": "Papuo-Nov-Gvineo"
	},
	"PY": {
		"name": "Paragvajo"
	},
	"PE": {
		"name": "Peruo"
	},
	"PN": {
		"name": "Pitkarna Insulo"
	},
	"PL": {
		"name": "Pollando"
	},
	"PT": {
		"name": "Portugalujo"
	},
	"PR": {
		"name": "Puerto-Riko"
	},
	"RE": {
		"name": "Reunio"
	},
	"RW": {
		"name": "Ruando"
	},
	"RO": {
		"name": "Rumanujo"
	},
	"RU": {
		"name": "Rusujo"
	},
	"SB": {
		"name": "Salomonoj"
	},
	"SV": {
		"name": "Salvadoro"
	},
	"WS": {
		"name": "Samoo"
	},
	"SM": {
		"name": "San-Marino"
	},
	"ST": {
		"name": "Sao-Tomeo kaj Principeo"
	},
	"SA": {
		"name": "Saŭda Arabujo"
	},
	"SC": {
		"name": "Sejŝeloj"
	},
	"SN": {
		"name": "Senegalo"
	},
	"SH": {
		"name": "Sent-Heleno"
	},
	"KN": {
		"name": "Sent-Kristofo kaj Neviso"
	},
	"LC": {
		"name": "Sent-Lucio"
	},
	"PM": {
		"name": "Sent-Piero kaj Mikelono"
	},
	"VC": {
		"name": "Sent-Vincento kaj la Grenadinoj"
	},
	"RS": {
		"name": "Serbia"
	},
	"SL": {
		"name": "Siera-Leono"
	},
	"SG": {
		"name": "Singapuro"
	},
	"SX": {
		"name": "Sint Maarten"
	},
	"SY": {
		"name": "Sirio"
	},
	"SK": {
		"name": "Slovakujo"
	},
	"SI": {
		"name": "Slovenujo"
	},
	"SO": {
		"name": "Somalujo"
	},
	"SS": {
		"name": "South Sudan"
	},
	"LK": {
		"name": "Sri-Lanko"
	},
	"BL": {
		"name": "St. Barthélemy"
	},
	"MF": {
		"name": "St. Martin"
	},
	"ZA": {
		"name": "Sud-Afriko"
	},
	"GS": {
		"name": "Sud-Georgio kaj Sud-Sandviĉinsuloj"
	},
	"KR": {
		"name": "Sud-Koreo"
	},
	"SD": {
		"name": "Sudano"
	},
	"SR": {
		"name": "Surinamo"
	},
	"SJ": {
		"name": "Svalbardo kaj Jan-Majen-insulo"
	},
	"SZ": {
		"name": "Svazilando"
	},
	"SE": {
		"name": "Svedujo"
	},
	"CH": {
		"name": "Svisujo"
	},
	"TJ": {
		"name": "Taĝikujo"
	},
	"TH": {
		"name": "Tajlando"
	},
	"TW": {
		"name": "Tajvano"
	},
	"TZ": {
		"name": "Tanzanio"
	},
	"TL": {
		"name": "Timor-Leste"
	},
	"TG": {
		"name": "Togolo"
	},
	"TK": {
		"name": "Tokelau"
	},
	"TO": {
		"name": "Tongo"
	},
	"TT": {
		"name": "Trinidado kaj Tobago"
	},
	"TA": {
		"name": "Tristan da Cunha"
	},
	"TN": {
		"name": "Tunizio"
	},
	"TM": {
		"name": "Turkmenujo"
	},
	"TC": {
		"name": "Turks & Caicos Islands"
	},
	"TR": {
		"name": "Turkujo"
	},
	"TV": {
		"name": "Tuvalo"
	},
	"UG": {
		"name": "Ugando"
	},
	"UA": {
		"name": "Ukrajno"
	},
	"GB": {
		"name": "Unuiĝinta Reĝlando"
	},
	"AE": {
		"name": "Unuiĝintaj Arabaj Emirlandoj"
	},
	"UY": {
		"name": "Urugvajo"
	},
	"UM": {
		"name": "Usonaj malgrandaj insuloj"
	},
	"VI": {
		"name": "Usonaj Virgulininsuloj"
	},
	"US": {
		"name": "Usono"
	},
	"UZ": {
		"name": "Uzbekujo"
	},
	"WF": {
		"name": "Valiso kaj Futuno"
	},
	"VU": {
		"name": "Vanuatuo"
	},
	"VA": {
		"name": "Vatikano"
	},
	"VE": {
		"name": "Venezuelo"
	},
	"VN": {
		"name": "Vjetnamo"
	},
	"ZM": {
		"name": "Zambio"
	},
	"ZW": {
		"name": "Zimbabvo"
	}
}