{
	"AF": {
		"name": "Afganistan"
	},
	"AX": {
		"name": "Ahvenamaa"
	},
	"AL": {
		"name": "Albaania"
	},
	"DZ": {
		"name": "Alžeeria"
	},
	"AS": {
		"name": "Ameerika Samoa"
	},
	"US": {
		"name": "Ameerika Ühendriigid"
	},
	"AD": {
		"name": "Andorra"
	},
	"AO": {
		"name": "Angola"
	},
	"AI": {
		"name": "Anguilla"
	},
	"AQ": {
		"name": "Antarktika"
	},
	"AG": {
		"name": "Antigua ja Barbuda"
	},
	"AE": {
		"name": "Araabia Ühendemiraadid"
	},
	"AR": {
		"name": "Argentina"
	},
	"AM": {
		"name": "Armeenia"
	},
	"AW": {
		"name": "Aruba"
	},
	"AC": {
		"name": "Ascensioni saar"
	},
	"AZ": {
		"name": "Aserbaidžaan"
	},
	"AU": {
		"name": "Austraalia"
	},
	"AT": {
		"name": "Austria"
	},
	"BS": {
		"name": "Bahama"
	},
	"BH": {
		"name": "Bahrein"
	},
	"BD": {
		"name": "Bangladesh"
	},
	"BB": {
		"name": "Barbados"
	},
	"PW": {
		"name": "Belau"
	},
	"BE": {
		"name": "Belgia"
	},
	"BZ": {
		"name": "Belize"
	},
	"BJ": {
		"name": "Benin"
	},
	"BM": {
		"name": "Bermuda"
	},
	"BT": {
		"name": "Bhutan"
	},
	"BO": {
		"name": "Boliivia"
	},
	"BA": {
		"name": "Bosnia ja Hertsegoviina"
	},
	"BW": {
		"name": "Botswana"
	},
	"BR": {
		"name": "Brasiilia"
	},
	"IO": {
		"name": "Briti India ookeani ala"
	},
	"VG": {
		"name": "Briti Neitsisaared"
	},
	"BN": {
		"name": "Brunei"
	},
	"BG": {
		"name": "Bulgaaria"
	},
	"BF": {
		"name": "Burkina Faso"
	},
	"BI": {
		"name": "Burundi"
	},
	"EA": {
		"name": "Ceuta ja Melilla"
	},
	"CO": {
		"name": "Colombia"
	},
	"CK": {
		"name": "Cooki saared"
	},
	"CR": {
		"name": "Costa Rica"
	},
	"CI": {
		"name": "Côte d’Ivoire"
	},
	"CW": {
		"name": "Curaçao"
	},
	"DG": {
		"name": "Diego Garcia"
	},
	"DJ": {
		"name": "Djibouti"
	},
	"DM": {
		"name": "Dominica"
	},
	"DO": {
		"name": "Dominikaani Vabariik"
	},
	"EC": {
		"name": "Ecuador"
	},
	"EE": {
		"name": "Eesti"
	},
	"EG": {
		"name": "Egiptus"
	},
	"GQ": {
		"name": "Ekvatoriaal-Guinea"
	},
	"SV": {
		"name": "El Salvador"
	},
	"ER": {
		"name": "Eritrea"
	},
	"ET": {
		"name": "Etioopia"
	},
	"FK": {
		"name": "Falklandi saared"
	},
	"FJ": {
		"name": "Fidži"
	},
	"PH": {
		"name": "Filipiinid"
	},
	"FO": {
		"name": "Fääri saared"
	},
	"GA": {
		"name": "Gabon"
	},
	"GM": {
		"name": "Gambia"
	},
	"GH": {
		"name": "Ghana"
	},
	"GI": {
		"name": "Gibraltar"
	},
	"GD": {
		"name": "Grenada"
	},
	"GE": {
		"name": "Gruusia"
	},
	"GL": {
		"name": "Gröönimaa"
	},
	"GP": {
		"name": "Guadeloupe"
	},
	"GU": {
		"name": "Guam"
	},
	"GT": {
		"name": "Guatemala"
	},
	"GG": {
		"name": "Guernsey"
	},
	"GN": {
		"name": "Guinea"
	},
	"GW": {
		"name": "Guinea-Bissau"
	},
	"GY": {
		"name": "Guyana"
	},
	"HT": {
		"name": "Haiti"
	},
	"CN": {
		"name": "Hiina"
	},
	"ES": {
		"name": "Hispaania"
	},
	"NL": {
		"name": "Holland"
	},
	"BQ": {
		"name": "Hollandi Kariibi mere saared"
	},
	"HN": {
		"name": "Honduras"
	},
	"HK": {
		"name": "Hongkongi erihalduspiirkond"
	},
	"HR": {
		"name": "Horvaatia"
	},
	"TL": {
		"name": "Ida-Timor"
	},
	"IE": {
		"name": "Iirimaa"
	},
	"IL": {
		"name": "Iisrael"
	},
	"IN": {
		"name": "India"
	},
	"ID": {
		"name": "Indoneesia"
	},
	"IQ": {
		"name": "Iraak"
	},
	"IR": {
		"name": "Iraan"
	},
	"IS": {
		"name": "Island"
	},
	"IT": {
		"name": "Itaalia"
	},
	"JP": {
		"name": "Jaapan"
	},
	"JM": {
		"name": "Jamaica"
	},
	"YE": {
		"name": "Jeemen"
	},
	"JE": {
		"name": "Jersey"
	},
	"JO": {
		"name": "Jordaania"
	},
	"CX": {
		"name": "Jõulusaar"
	},
	"KY": {
		"name": "Kaimanisaared"
	},
	"KH": {
		"name": "Kambodža"
	},
	"CM": {
		"name": "Kamerun"
	},
	"IC": {
		"name": "Kanaari saared"
	},
	"CA": {
		"name": "Kanada"
	},
	"KZ": {
		"name": "Kasahstan"
	},
	"QA": {
		"name": "Katar"
	},
	"KE": {
		"name": "Keenia"
	},
	"CF": {
		"name": "Kesk-Aafrika Vabariik"
	},
	"KI": {
		"name": "Kiribati"
	},
	"KM": {
		"name": "Komoorid"
	},
	"CD": {
		"name": "Kongo DV"
	},
	"CG": {
		"name": "Kongo Vabariik"
	},
	"CC": {
		"name": "Kookossaared"
	},
	"XK": {
		"name": "Kosovo"
	},
	"GR": {
		"name": "Kreeka"
	},
	"CU": {
		"name": "Kuuba"
	},
	"KW": {
		"name": "Kuveit"
	},
	"KG": {
		"name": "Kõrgõzstan"
	},
	"CY": {
		"name": "Küpros"
	},
	"LA": {
		"name": "Laos"
	},
	"LT": {
		"name": "Leedu"
	},
	"LS": {
		"name": "Lesotho"
	},
	"LR": {
		"name": "Libeeria"
	},
	"LI": {
		"name": "Liechtenstein"
	},
	"LB": {
		"name": "Liibanon"
	},
	"LY": {
		"name": "Liibüa"
	},
	"LU": {
		"name": "Luksemburg"
	},
	"ZA": {
		"name": "Lõuna-Aafrika Vabariik"
	},
	"GS": {
		"name": "Lõuna-Georgia ja Lõuna-Sandwichi saared"
	},
	"KR": {
		"name": "Lõuna-Korea"
	},
	"SS": {
		"name": "Lõuna-Sudaan"
	},
	"LV": {
		"name": "Läti"
	},
	"EH": {
		"name": "Lääne-Sahara"
	},
	"MO": {
		"name": "Macau erihalduspiirkond"
	},
	"MG": {
		"name": "Madagaskar"
	},
	"MK": {
		"name": "Makedoonia"
	},
	"MY": {
		"name": "Malaisia"
	},
	"MW": {
		"name": "Malawi"
	},
	"MV": {
		"name": "Maldiivid"
	},
	"ML": {
		"name": "Mali"
	},
	"MT": {
		"name": "Malta"
	},
	"IM": {
		"name": "Mani saar"
	},
	"MA": {
		"name": "Maroko"
	},
	"MH": {
		"name": "Marshalli Saared"
	},
	"MQ": {
		"name": "Martinique"
	},
	"MR": {
		"name": "Mauritaania"
	},
	"MU": {
		"name": "Mauritius"
	},
	"YT": {
		"name": "Mayotte"
	},
	"MX": {
		"name": "Mehhiko"
	},
	"FM": {
		"name": "Mikroneesia"
	},
	"MD": {
		"name": "Moldova"
	},
	"MC": {
		"name": "Monaco"
	},
	"MN": {
		"name": "Mongoolia"
	},
	"ME": {
		"name": "Montenegro"
	},
	"MS": {
		"name": "Montserrat"
	},
	"MZ": {
		"name": "Mosambiik"
	},
	"MM": {
		"name": "Myanmar (Birma)"
	},
	"NA": {
		"name": "Namiibia"
	},
	"NR": {
		"name": "Nauru"
	},
	"NP": {
		"name": "Nepal"
	},
	"NI": {
		"name": "Nicaragua"
	},
	"NG": {
		"name": "Nigeeria"
	},
	"NE": {
		"name": "Niger"
	},
	"NU": {
		"name": "Niue"
	},
	"NF": {
		"name": "Norfolk"
	},
	"NO": {
		"name": "Norra"
	},
	"OM": {
		"name": "Omaan"
	},
	"PG": {
		"name": "Paapua Uus-Guinea"
	},
	"PK": {
		"name": "Pakistan"
	},
	"PS": {
		"name": "Palestiina alad"
	},
	"PA": {
		"name": "Panama"
	},
	"PY": {
		"name": "Paraguay"
	},
	"PE": {
		"name": "Peruu"
	},
	"PN": {
		"name": "Pitcairni saared"
	},
	"PL": {
		"name": "Poola"
	},
	"PT": {
		"name": "Portugal"
	},
	"GF": {
		"name": "Prantsuse Guajaana"
	},
	"TF": {
		"name": "Prantsuse Lõunaalad"
	},
	"PF": {
		"name": "Prantsuse Polüneesia"
	},
	"FR": {
		"name": "Prantsusmaa"
	},
	"PR": {
		"name": "Puerto Rico"
	},
	"KP": {
		"name": "Põhja-Korea"
	},
	"MP": {
		"name": "Põhja-Mariaanid"
	},
	"RE": {
		"name": "Réunion"
	},
	"CV": {
		"name": "Roheneemesaared"
	},
	"SE": {
		"name": "Rootsi"
	},
	"RO": {
		"name": "Rumeenia"
	},
	"RW": {
		"name": "Rwanda"
	},
	"SB": {
		"name": "Saalomoni Saared"
	},
	"BL": {
		"name": "Saint Barthélemy"
	},
	"SH": {
		"name": "Saint Helena"
	},
	"KN": {
		"name": "Saint Kitts ja Nevis"
	},
	"LC": {
		"name": "Saint Lucia"
	},
	"PM": {
		"name": "Saint Pierre ja Miquelon"
	},
	"VC": {
		"name": "Saint Vincent ja Grenadiinid"
	},
	"MF": {
		"name": "Saint-Martin"
	},
	"DE": {
		"name": "Saksamaa"
	},
	"ZM": {
		"name": "Sambia"
	},
	"WS": {
		"name": "Samoa"
	},
	"SM": {
		"name": "San Marino"
	},
	"ST": {
		"name": "São Tomé ja Príncipe"
	},
	"SA": {
		"name": "Saudi Araabia"
	},
	"SC": {
		"name": "Seišellid"
	},
	"SN": {
		"name": "Senegal"
	},
	"RS": {
		"name": "Serbia"
	},
	"SL": {
		"name": "Sierra Leone"
	},
	"SG": {
		"name": "Singapur"
	},
	"SX": {
		"name": "Sint Maarten"
	},
	"SK": {
		"name": "Slovakkia"
	},
	"SI": {
		"name": "Sloveenia"
	},
	"SO": {
		"name": "Somaalia"
	},
	"FI": {
		"name": "Soome"
	},
	"LK": {
		"name": "Sri Lanka"
	},
	"SD": {
		"name": "Sudaan"
	},
	"SR": {
		"name": "Suriname"
	},
	"GB": {
		"name": "Suurbritannia"
	},
	"SZ": {
		"name": "Svaasimaa"
	},
	"SJ": {
		"name": "Svalbard ja Jan Mayen"
	},
	"SY": {
		"name": "Süüria"
	},
	"CH": {
		"name": "Šveits"
	},
	"ZW": {
		"name": "Zimbabwe"
	},
	"DK": {
		"name": "Taani"
	},
	"TJ": {
		"name": "Tadžikistan"
	},
	"TH": {
		"name": "Tai"
	},
	"TW": {
		"name": "Taiwan"
	},
	"TZ": {
		"name": "Tansaania"
	},
	"TG": {
		"name": "Togo"
	},
	"TK": {
		"name": "Tokelau"
	},
	"TO": {
		"name": "Tonga"
	},
	"TT": {
		"name": "Trinidad ja Tobago"
	},
	"TA": {
		"name": "Tristan da Cunha"
	},
	"TD": {
		"name": "Tšaad"
	},
	"CZ": {
		"name": "Tšehhi"
	},
	"CL": {
		"name": "Tšiili"
	},
	"TN": {
		"name": "Tuneesia"
	},
	"TC": {
		"name": "Turks ja Caicos"
	},
	"TV": {
		"name": "Tuvalu"
	},
	"TR": {
		"name": "Türgi"
	},
	"TM": {
		"name": "Türkmenistan"
	},
	"UG": {
		"name": "Uganda"
	},
	"UA": {
		"name": "Ukraina"
	},
	"HU": {
		"name": "Ungari"
	},
	"UY": {
		"name": "Uruguay"
	},
	"VI": {
		"name": "USA Neitsisaared"
	},
	"UZ": {
		"name": "Usbekistan"
	},
	"NC": {
		"name": "Uus-Kaledoonia"
	},
	"NZ": {
		"name": "Uus-Meremaa"
	},
	"BY": {
		"name": "Valgevene"
	},
	"VU": {
		"name": "Vanuatu"
	},
	"VA": {
		"name": "Vatikan"
	},
	"RU": {
		"name": "Venemaa"
	},
	"VE": {
		"name": "Venezuela"
	},
	"VN": {
		"name": "Vietnam"
	},
	"WF": {
		"name": "Wallis ja Futuna"
	},
	"UM": {
		"name": "Ühendriikide hajasaared"
	}
}