{
	"AF": {
		"name": "Afəganisətán"
	},
	"ZA": {
		"name": "Afiríka yá Súd"
	},
	"HT": {
		"name": "Aití"
	},
	"AX": {
		"name": "Åland Islands"
	},
	"AL": {
		"name": "Aləbánia"
	},
	"DZ": {
		"name": "Aləyéria"
	},
	"AD": {
		"name": "Andór"
	},
	"AI": {
		"name": "Angíyə"
	},
	"AO": {
		"name": "Angolá"
	},
	"AQ": {
		"name": "Antarctica"
	},
	"AG": {
		"name": "Antígwa ai Barəbúda"
	},
	"SA": {
		"name": "Arabí Saudí"
	},
	"AR": {
		"name": "Arəhenətína"
	},
	"AM": {
		"name": "Arəménia"
	},
	"AW": {
		"name": "Arúba"
	},
	"AC": {
		"name": "Ascension Island"
	},
	"AZ": {
		"name": "Azɛrəbaidzáŋ"
	},
	"BS": {
		"name": "Bahámas"
	},
	"BH": {
		"name": "Bahərɛ́n"
	},
	"BD": {
		"name": "Bangaladɛ́s"
	},
	"BB": {
		"name": "Barəbád"
	},
	"AE": {
		"name": "Bemirá yá Arábə uní"
	},
	"BY": {
		"name": "Bəlarús"
	},
	"BR": {
		"name": "Bəlazíl"
	},
	"BZ": {
		"name": "Bəlís"
	},
	"BJ": {
		"name": "Bəníŋ"
	},
	"AS": {
		"name": "Bəsamóa yá Amə́rəka"
	},
	"BE": {
		"name": "Bɛləhíg"
	},
	"BM": {
		"name": "Bɛrəmúd"
	},
	"BO": {
		"name": "Bolívia"
	},
	"BA": {
		"name": "Bosəní ai ɛrəzegovín"
	},
	"BW": {
		"name": "Botswaná"
	},
	"BG": {
		"name": "Buləgarí"
	},
	"BF": {
		"name": "Buləkiná Fasó"
	},
	"BN": {
		"name": "Buluné"
	},
	"BI": {
		"name": "Burundí"
	},
	"BT": {
		"name": "Butáŋ"
	},
	"IC": {
		"name": "Canary Islands"
	},
	"BQ": {
		"name": "Caribbean Netherlands"
	},
	"EA": {
		"name": "Ceuta & Melilla"
	},
	"CX": {
		"name": "Christmas Island"
	},
	"CC": {
		"name": "Cocos (Keeling) Islands"
	},
	"CW": {
		"name": "Curaçao"
	},
	"DK": {
		"name": "Danəmárəg"
	},
	"DG": {
		"name": "Diego Garcia"
	},
	"DM": {
		"name": "Dómənika"
	},
	"DJ": {
		"name": "Dzibutí"
	},
	"EG": {
		"name": "Ehíbətɛn"
	},
	"EC": {
		"name": "Ekwatór"
	},
	"ER": {
		"name": "Elitəlé"
	},
	"EE": {
		"name": "Esetoní"
	},
	"ET": {
		"name": "Etiopí"
	},
	"IN": {
		"name": "ɛ́ndə"
	},
	"ID": {
		"name": "ɛndonésia"
	},
	"FO": {
		"name": "Faroe Islands"
	},
	"FJ": {
		"name": "Fidzí"
	},
	"PH": {
		"name": "Filipín"
	},
	"FI": {
		"name": "Finəlán"
	},
	"PL": {
		"name": "fólis"
	},
	"PT": {
		"name": "fɔrətugɛ́s"
	},
	"TF": {
		"name": "French Southern Territories"
	},
	"FR": {
		"name": "Fulɛnsí"
	},
	"GA": {
		"name": "Gabóŋ"
	},
	"GM": {
		"name": "Gambí"
	},
	"GH": {
		"name": "Ganá"
	},
	"GD": {
		"name": "Gələnádə"
	},
	"GR": {
		"name": "Gəlɛ́s"
	},
	"GN": {
		"name": "Giné"
	},
	"GW": {
		"name": "Giné Bisaó"
	},
	"GQ": {
		"name": "Giné Ekwató"
	},
	"GL": {
		"name": "Goelán"
	},
	"GP": {
		"name": "Guadəlúb"
	},
	"GU": {
		"name": "Guám"
	},
	"GT": {
		"name": "Guatemalá"
	},
	"GG": {
		"name": "Guernsey"
	},
	"GY": {
		"name": "Guyán"
	},
	"GF": {
		"name": "Guyán yá Fulɛnsí"
	},
	"JM": {
		"name": "Hamaíka"
	},
	"JP": {
		"name": "Hapɔ́n"
	},
	"HK": {
		"name": "Hong Kong SAR China"
	},
	"JO": {
		"name": "Horədaní"
	},
	"GE": {
		"name": "Horə́yia"
	},
	"IQ": {
		"name": "Irág"
	},
	"IR": {
		"name": "Irán"
	},
	"IE": {
		"name": "Irəlándə"
	},
	"IS": {
		"name": "Isəlándə"
	},
	"IL": {
		"name": "Isəraɛ́l"
	},
	"IM": {
		"name": "Isle of Man"
	},
	"IT": {
		"name": "Itáliɛn"
	},
	"JE": {
		"name": "Jersey"
	},
	"KH": {
		"name": "kambodía"
	},
	"CM": {
		"name": "Kamərún"
	},
	"CA": {
		"name": "kanadá"
	},
	"QA": {
		"name": "Katár"
	},
	"KZ": {
		"name": "Kazakətáŋ"
	},
	"KE": {
		"name": "Keniá"
	},
	"HR": {
		"name": "Kəlowásia"
	},
	"KI": {
		"name": "Kiribatí"
	},
	"KG": {
		"name": "Kirigisətán"
	},
	"CI": {
		"name": "Kód Divɔ́r"
	},
	"CO": {
		"name": "Kolɔmbí"
	},
	"KM": {
		"name": "Komɔ́r"
	},
	"CG": {
		"name": "Kongó"
	},
	"KP": {
		"name": "Koré yá Nór"
	},
	"KR": {
		"name": "Koré yá Súd"
	},
	"XK": {
		"name": "Kosovo"
	},
	"CR": {
		"name": "Kosta Ríka"
	},
	"KW": {
		"name": "Kowɛ́d"
	},
	"ES": {
		"name": "Kpənyá"
	},
	"CU": {
		"name": "Kubá"
	},
	"LA": {
		"name": "Laós"
	},
	"LS": {
		"name": "Ləsotó"
	},
	"LV": {
		"name": "Lətoní"
	},
	"LB": {
		"name": "Libáŋ"
	},
	"LR": {
		"name": "Libéria"
	},
	"LY": {
		"name": "Libí"
	},
	"LI": {
		"name": "Lísə́sə́táin"
	},
	"LT": {
		"name": "Lituaní"
	},
	"LU": {
		"name": "Lukəzambúd"
	},
	"MO": {
		"name": "Macau SAR China"
	},
	"MG": {
		"name": "Madagasəkárə"
	},
	"MW": {
		"name": "Malawí"
	},
	"MV": {
		"name": "Malədívə"
	},
	"MT": {
		"name": "Málətə"
	},
	"MY": {
		"name": "Malɛ́zia"
	},
	"ML": {
		"name": "Malí"
	},
	"MQ": {
		"name": "Marətiníg"
	},
	"MA": {
		"name": "Marɔ́g"
	},
	"MK": {
		"name": "Masedónia"
	},
	"YT": {
		"name": "Mayɔ́d"
	},
	"MX": {
		"name": "Mɛkəsíg"
	},
	"MM": {
		"name": "Mianəmár"
	},
	"FM": {
		"name": "Mikoronésia"
	},
	"VI": {
		"name": "Minlán Mi Amɛrəkə"
	},
	"FK": {
		"name": "Minlán Mi Fóləkəlan"
	},
	"CV": {
		"name": "Minlán Mí Káb Vɛr"
	},
	"KY": {
		"name": "Minlán Mí Kalimáŋ"
	},
	"CK": {
		"name": "Minlán Mí kúg"
	},
	"MH": {
		"name": "Minlán Mí Maresál"
	},
	"MP": {
		"name": "Minlán Mi Marián yá Nór"
	},
	"SB": {
		"name": "Minlán Mí Solomɔ́n"
	},
	"TC": {
		"name": "Minlán Mí túrə́g-ai-Kaíg"
	},
	"NF": {
		"name": "Minlán Nɔrəfɔ́ləkə"
	},
	"MD": {
		"name": "Molədaví"
	},
	"ME": {
		"name": "Montenegro"
	},
	"MU": {
		"name": "Morís"
	},
	"MR": {
		"name": "Moritaní"
	},
	"MZ": {
		"name": "Mozambíg"
	},
	"MC": {
		"name": "Mɔnakó"
	},
	"MN": {
		"name": "Mɔngɔ́lia"
	},
	"MS": {
		"name": "Mɔ́ntserád"
	},
	"NA": {
		"name": "Namibí"
	},
	"NR": {
		"name": "Naurú"
	},
	"DE": {
		"name": "Ndzáman"
	},
	"NP": {
		"name": "Nepál"
	},
	"SM": {
		"name": "Ǹfúfúb Maríno"
	},
	"SH": {
		"name": "Ǹfúfúb-Ɛlɛ́na"
	},
	"KN": {
		"name": "Ǹfúfúb-Kilisətóv-ai-Nevis"
	},
	"LC": {
		"name": "Ǹfúfúb-Lúsia"
	},
	"PM": {
		"name": "Ǹfúfúb-Píɛr-ai-Mikəlɔ́ŋ"
	},
	"VC": {
		"name": "Ǹfúfúb-Vɛngəsáŋ-ai-Bə Gələnadín"
	},
	"NG": {
		"name": "Nihéria"
	},
	"NE": {
		"name": "Nihɛ́r"
	},
	"NI": {
		"name": "Nikarágua"
	},
	"NU": {
		"name": "Niué"
	},
	"NC": {
		"name": "Ǹkpámɛn Kaledónia"
	},
	"NZ": {
		"name": "Ǹkpámɛn Zeláŋ"
	},
	"US": {
		"name": "Ǹnam Amɛrəkə"
	},
	"GB": {
		"name": "Ǹnam Engəlis"
	},
	"IO": {
		"name": "ǹnam ɛngəlís yá Máŋ mə́ ɛ́ndə"
	},
	"CD": {
		"name": "ǹnam Kongó Demokəlatíg"
	},
	"VG": {
		"name": "ńnam Minlán ɛ́ngəlís"
	},
	"PS": {
		"name": "Ǹnam Palɛsətín"
	},
	"CZ": {
		"name": "Ǹnam Tsɛ́g"
	},
	"VA": {
		"name": "Ǹnam Vatikán"
	},
	"CF": {
		"name": "ǹnam Zǎŋ Afiriká"
	},
	"NO": {
		"name": "Nɔrəvɛ́s"
	},
	"OM": {
		"name": "Omán"
	},
	"HN": {
		"name": "Ondurás"
	},
	"HU": {
		"name": "Ongirí"
	},
	"AU": {
		"name": "Osətəlalí"
	},
	"AT": {
		"name": "Osətəlía"
	},
	"PK": {
		"name": "Pakisətán"
	},
	"PW": {
		"name": "Palau"
	},
	"PA": {
		"name": "Panamá"
	},
	"PG": {
		"name": "Papwazi yá Ǹkpámɛ́n Giné"
	},
	"PY": {
		"name": "Paragué"
	},
	"PE": {
		"name": "Perú"
	},
	"NL": {
		"name": "Pɛíbá"
	},
	"PN": {
		"name": "Pítə́kɛ́rɛnə"
	},
	"PF": {
		"name": "Polinesí yá Fulɛnsí"
	},
	"PR": {
		"name": "Pwɛrəto Ríko"
	},
	"DO": {
		"name": "République dominicaine"
	},
	"RE": {
		"name": "Reuniɔ́ŋ"
	},
	"RO": {
		"name": "Rumaní"
	},
	"RU": {
		"name": "Rúsian"
	},
	"RW": {
		"name": "Ruwandá"
	},
	"SV": {
		"name": "Saləvadór"
	},
	"WS": {
		"name": "Samoá"
	},
	"ST": {
		"name": "Saó Tomé ai Pəlinəsípe"
	},
	"SN": {
		"name": "Senegál"
	},
	"RS": {
		"name": "Serbia"
	},
	"SK": {
		"name": "Səlovakí"
	},
	"SI": {
		"name": "Səlovénia"
	},
	"LK": {
		"name": "Səri Laŋká"
	},
	"SC": {
		"name": "Sɛsɛ́l"
	},
	"SL": {
		"name": "Sierá-leónə"
	},
	"SG": {
		"name": "Singapúr"
	},
	"SX": {
		"name": "Sint Maarten"
	},
	"CY": {
		"name": "Sipəlús"
	},
	"SY": {
		"name": "Sirí"
	},
	"SO": {
		"name": "Somália"
	},
	"GS": {
		"name": "South Georgia & South Sandwich Islands"
	},
	"SS": {
		"name": "South Sudan"
	},
	"BL": {
		"name": "St. Barthélemy"
	},
	"MF": {
		"name": "St. Martin"
	},
	"SD": {
		"name": "Sudáŋ"
	},
	"CH": {
		"name": "Suís"
	},
	"SR": {
		"name": "Surinám"
	},
	"SE": {
		"name": "Suwɛ́d"
	},
	"SJ": {
		"name": "Svalbard & Jan Mayen"
	},
	"SZ": {
		"name": "Swazilándə"
	},
	"TJ": {
		"name": "Tadzikisətáŋ"
	},
	"TH": {
		"name": "Tailán"
	},
	"TW": {
		"name": "Taiwán"
	},
	"TZ": {
		"name": "Taŋəzaní"
	},
	"TT": {
		"name": "Təlinité-ai-Tobágo"
	},
	"TL": {
		"name": "Timôr"
	},
	"TG": {
		"name": "Togó"
	},
	"TK": {
		"name": "Tokeló"
	},
	"TO": {
		"name": "Tɔngá"
	},
	"TA": {
		"name": "Tristan da Cunha"
	},
	"TD": {
		"name": "Tsád"
	},
	"CN": {
		"name": "Tsáina"
	},
	"CL": {
		"name": "Tsilí"
	},
	"TN": {
		"name": "Tunisí"
	},
	"TM": {
		"name": "Turəkəmənisətáŋ"
	},
	"TR": {
		"name": "Turəkí"
	},
	"TV": {
		"name": "Tuvalú"
	},
	"UM": {
		"name": "U.S. Outlying Islands"
	},
	"UG": {
		"name": "Ugandá"
	},
	"UA": {
		"name": "Ukərɛ́n"
	},
	"UY": {
		"name": "Urugué"
	},
	"UZ": {
		"name": "Uzubekisətán"
	},
	"VU": {
		"name": "Vanuátu"
	},
	"VE": {
		"name": "Venezuéla"
	},
	"VN": {
		"name": "Viɛdənám"
	},
	"WF": {
		"name": "Walís-ai-Futúna"
	},
	"EH": {
		"name": "Western Sahara"
	},
	"YE": {
		"name": "Yemɛ́n"
	},
	"GI": {
		"name": "Yiləbalatár"
	},
	"ZM": {
		"name": "Zambí"
	},
	"ZW": {
		"name": "Zimbabwé"
	}
}