{
	"AR": {
		"name": "آرژانتین"
	},
	"AW": {
		"name": "آروبا"
	},
	"AL": {
		"name": "آلبانی"
	},
	"DE": {
		"name": "آلمان"
	},
	"AG": {
		"name": "آنتیگوا و باربودا"
	},
	"AD": {
		"name": "آندورا"
	},
	"AO": {
		"name": "آنگولا"
	},
	"AI": {
		"name": "آنگویلا"
	},
	"AT": {
		"name": "اتریش"
	},
	"ET": {
		"name": "اتیوپی"
	},
	"JO": {
		"name": "اردن"
	},
	"AM": {
		"name": "ارمنستان"
	},
	"UY": {
		"name": "اروگوئه"
	},
	"ER": {
		"name": "اریتره"
	},
	"UZ": {
		"name": "ازبکستان"
	},
	"ES": {
		"name": "اسپانیا"
	},
	"AU": {
		"name": "استرالیا"
	},
	"EE": {
		"name": "استونی"
	},
	"IL": {
		"name": "اسرائیل"
	},
	"SK": {
		"name": "اسلواکی"
	},
	"SI": {
		"name": "اسلوونی"
	},
	"SJ": {
		"name": "اسوالبارد و جان‌ماین"
	},
	"ZA": {
		"name": "افریقای جنوبی"
	},
	"AF": {
		"name": "افغانستان"
	},
	"EC": {
		"name": "اکوادور"
	},
	"DZ": {
		"name": "الجزایر"
	},
	"SV": {
		"name": "السالوادور"
	},
	"AE": {
		"name": "امارات متحدهٔ عربی"
	},
	"ID": {
		"name": "اندونزی"
	},
	"UA": {
		"name": "اوکراین"
	},
	"UG": {
		"name": "اوگاندا"
	},
	"US": {
		"name": "ایالات متحده"
	},
	"IT": {
		"name": "ایتالیا"
	},
	"IR": {
		"name": "ایران"
	},
	"IE": {
		"name": "ایرلند"
	},
	"IS": {
		"name": "ایسلند"
	},
	"BB": {
		"name": "باربادوس"
	},
	"BS": {
		"name": "باهاما"
	},
	"BH": {
		"name": "بحرین"
	},
	"BR": {
		"name": "برزیل"
	},
	"BM": {
		"name": "برمودا"
	},
	"BN": {
		"name": "برونئی"
	},
	"GB": {
		"name": "بریتانیا"
	},
	"BY": {
		"name": "بلاروس"
	},
	"BE": {
		"name": "بلژیک"
	},
	"BG": {
		"name": "بلغارستان"
	},
	"BZ": {
		"name": "بلیز"
	},
	"BD": {
		"name": "بنگلادش"
	},
	"BJ": {
		"name": "بنین"
	},
	"BT": {
		"name": "بوتان"
	},
	"BW": {
		"name": "بوتسوانا"
	},
	"BF": {
		"name": "بورکینافاسو"
	},
	"BI": {
		"name": "بوروندی"
	},
	"BA": {
		"name": "بوسنی و هرزگوین"
	},
	"BO": {
		"name": "بولیوی"
	},
	"PG": {
		"name": "پاپوا گینهٔ نو"
	},
	"PY": {
		"name": "پاراگوئه"
	},
	"PK": {
		"name": "پاکستان"
	},
	"PW": {
		"name": "پالائو"
	},
	"PA": {
		"name": "پاناما"
	},
	"PT": {
		"name": "پرتغال"
	},
	"PE": {
		"name": "پرو"
	},
	"PF": {
		"name": "پلی‌نزی فرانسه"
	},
	"PR": {
		"name": "پورتوریکو"
	},
	"TJ": {
		"name": "تاجیکستان"
	},
	"TZ": {
		"name": "تانزانیا"
	},
	"TH": {
		"name": "تایلند"
	},
	"TW": {
		"name": "تایوان"
	},
	"TM": {
		"name": "ترکمنستان"
	},
	"TR": {
		"name": "ترکیه"
	},
	"TA": {
		"name": "تریستان دا کونا"
	},
	"TT": {
		"name": "ترینیداد و توباگو"
	},
	"TK": {
		"name": "توکلائو"
	},
	"TG": {
		"name": "توگو"
	},
	"TN": {
		"name": "تونس"
	},
	"TO": {
		"name": "تونگا"
	},
	"TV": {
		"name": "تووالو"
	},
	"TL": {
		"name": "تیمور-لسته"
	},
	"JM": {
		"name": "جامائیکا"
	},
	"GI": {
		"name": "جبل‌الطارق"
	},
	"JE": {
		"name": "جرزی"
	},
	"AC": {
		"name": "جزایر آسنسیون"
	},
	"AX": {
		"name": "جزایر آلاند"
	},
	"PN": {
		"name": "جزایر پیت‌کرن"
	},
	"TC": {
		"name": "جزایر تورکس و کایکوس"
	},
	"GS": {
		"name": "جزایر جورجیای جنوبی و ساندویچ جنوبی"
	},
	"UM": {
		"name": "جزایر دورافتادهٔ ایالات متحده"
	},
	"SB": {
		"name": "جزایر سلیمان"
	},
	"FO": {
		"name": "جزایر فارو"
	},
	"FK": {
		"name": "جزایر فالکلند"
	},
	"IC": {
		"name": "جزایر قناری"
	},
	"BQ": {
		"name": "جزایر کارائیب هلند"
	},
	"CK": {
		"name": "جزایر کوک"
	},
	"CC": {
		"name": "جزایر کوکوس"
	},
	"KY": {
		"name": "جزایر کِیمن"
	},
	"MH": {
		"name": "جزایر مارشال"
	},
	"MP": {
		"name": "جزایر ماریانای شمالی"
	},
	"VI": {
		"name": "جزایر ویرجین ایالات متحده"
	},
	"VG": {
		"name": "جزایر ویرجین بریتانیا"
	},
	"CX": {
		"name": "جزیرهٔ کریسمس"
	},
	"IM": {
		"name": "جزیرهٔ من"
	},
	"NF": {
		"name": "جزیرهٔ نورفولک"
	},
	"AZ": {
		"name": "جمهوری آذربایجان"
	},
	"CF": {
		"name": "جمهوری افریقای مرکزی"
	},
	"CZ": {
		"name": "جمهوری چک"
	},
	"DO": {
		"name": "جمهوری دومینیکن"
	},
	"AQ": {
		"name": "جنوبگان"
	},
	"DJ": {
		"name": "جیبوتی"
	},
	"TD": {
		"name": "چاد"
	},
	"CN": {
		"name": "چین"
	},
	"DK": {
		"name": "دانمارک"
	},
	"DM": {
		"name": "دومینیکا"
	},
	"DG": {
		"name": "دیه‌گو گارسیا"
	},
	"RE": {
		"name": "رئونیون"
	},
	"RW": {
		"name": "رواندا"
	},
	"RU": {
		"name": "روسیه"
	},
	"RO": {
		"name": "رومانی"
	},
	"ZM": {
		"name": "زامبیا"
	},
	"ZW": {
		"name": "زیمبابوه"
	},
	"JP": {
		"name": "ژاپن"
	},
	"ST": {
		"name": "سائوتومه و پرینسیپ"
	},
	"CI": {
		"name": "ساحل عاج"
	},
	"WS": {
		"name": "ساموآ"
	},
	"AS": {
		"name": "ساموآی امریکا"
	},
	"SM": {
		"name": "سان‌مارینو"
	},
	"EA": {
		"name": "سبته و ملیله"
	},
	"PS": {
		"name": "سرزمین‌های فلسطینی"
	},
	"LK": {
		"name": "سری‌لانکا"
	},
	"BL": {
		"name": "سن بارتلمی"
	},
	"PM": {
		"name": "سن پیر و میکلن"
	},
	"KN": {
		"name": "سنت کیتس و نویس"
	},
	"LC": {
		"name": "سنت لوسیا"
	},
	"SX": {
		"name": "سنت مارتن"
	},
	"MF": {
		"name": "سنت مارتین"
	},
	"VC": {
		"name": "سنت وینسنت و گرنادین"
	},
	"SH": {
		"name": "سنت هلن"
	},
	"SG": {
		"name": "سنگاپور"
	},
	"SN": {
		"name": "سنگال"
	},
	"SZ": {
		"name": "سوازیلند"
	},
	"SE": {
		"name": "سوئد"
	},
	"CH": {
		"name": "سوئیس"
	},
	"SD": {
		"name": "سودان"
	},
	"SS": {
		"name": "سودان جنوبی"
	},
	"SR": {
		"name": "سورینام"
	},
	"SY": {
		"name": "سوریه"
	},
	"SO": {
		"name": "سومالی"
	},
	"SL": {
		"name": "سیرالئون"
	},
	"SC": {
		"name": "سیشل"
	},
	"CL": {
		"name": "شیلی"
	},
	"EH": {
		"name": "صحرای غربی"
	},
	"RS": {
		"name": "صربستان"
	},
	"IQ": {
		"name": "عراق"
	},
	"SA": {
		"name": "عربستان سعودی"
	},
	"OM": {
		"name": "عمان"
	},
	"GH": {
		"name": "غنا"
	},
	"FR": {
		"name": "فرانسه"
	},
	"FI": {
		"name": "فنلاند"
	},
	"FJ": {
		"name": "فیجی"
	},
	"PH": {
		"name": "فیلیپین"
	},
	"CY": {
		"name": "قبرس"
	},
	"KG": {
		"name": "قرقیزستان"
	},
	"KZ": {
		"name": "قزاقستان"
	},
	"QA": {
		"name": "قطر"
	},
	"IO": {
		"name": "قلمرو بریتانیا در اقیانوس هند"
	},
	"TF": {
		"name": "قلمروهای جنوبی فرانسه"
	},
	"CR": {
		"name": "کاستاریکا"
	},
	"NC": {
		"name": "کالدونیای جدید"
	},
	"KH": {
		"name": "کامبوج"
	},
	"CM": {
		"name": "کامرون"
	},
	"CA": {
		"name": "کانادا"
	},
	"HR": {
		"name": "کرواسی"
	},
	"KR": {
		"name": "کرهٔ جنوبی"
	},
	"KP": {
		"name": "کرهٔ شمالی"
	},
	"CO": {
		"name": "کلمبیا"
	},
	"CG": {
		"name": "کنگو - برازویل"
	},
	"CD": {
		"name": "کنگو - کینشاسا"
	},
	"KE": {
		"name": "کنیا"
	},
	"CU": {
		"name": "کوبا"
	},
	"CW": {
		"name": "کوراسائو"
	},
	"XK": {
		"name": "کوزوو"
	},
	"KM": {
		"name": "کومورو"
	},
	"KW": {
		"name": "کویت"
	},
	"CV": {
		"name": "کیپ‌ورد"
	},
	"KI": {
		"name": "کیریباتی"
	},
	"GA": {
		"name": "گابن"
	},
	"GM": {
		"name": "گامبیا"
	},
	"GE": {
		"name": "گرجستان"
	},
	"GD": {
		"name": "گرنادا"
	},
	"GG": {
		"name": "گرنزی"
	},
	"GL": {
		"name": "گرینلند"
	},
	"GT": {
		"name": "گواتمالا"
	},
	"GP": {
		"name": "گوادلوپ"
	},
	"GU": {
		"name": "گوام"
	},
	"GY": {
		"name": "گویان"
	},
	"GF": {
		"name": "گویان فرانسه"
	},
	"GN": {
		"name": "گینه"
	},
	"GQ": {
		"name": "گینهٔ استوایی"
	},
	"GW": {
		"name": "گینهٔ بیسائو"
	},
	"LA": {
		"name": "لائوس"
	},
	"LB": {
		"name": "لبنان"
	},
	"LV": {
		"name": "لتونی"
	},
	"LS": {
		"name": "لسوتو"
	},
	"LU": {
		"name": "لوکزامبورگ"
	},
	"PL": {
		"name": "لهستان"
	},
	"LR": {
		"name": "لیبریا"
	},
	"LY": {
		"name": "لیبی"
	},
	"LT": {
		"name": "لیتوانی"
	},
	"LI": {
		"name": "لیختن‌اشتاین"
	},
	"MG": {
		"name": "ماداگاسکار"
	},
	"MQ": {
		"name": "مارتینیک"
	},
	"MO": {
		"name": "ماکائو، ناحیهٔ ویژهٔ حکومتی چین"
	},
	"MW": {
		"name": "مالاوی"
	},
	"MT": {
		"name": "مالت"
	},
	"MV": {
		"name": "مالدیو"
	},
	"MY": {
		"name": "مالزی"
	},
	"ML": {
		"name": "مالی"
	},
	"YT": {
		"name": "مایوت"
	},
	"HU": {
		"name": "مجارستان"
	},
	"MA": {
		"name": "مراکش"
	},
	"EG": {
		"name": "مصر"
	},
	"MN": {
		"name": "مغولستان"
	},
	"MK": {
		"name": "مقدونیه"
	},
	"MX": {
		"name": "مکزیک"
	},
	"MR": {
		"name": "موریتانی"
	},
	"MU": {
		"name": "موریس"
	},
	"MZ": {
		"name": "موزامبیک"
	},
	"MD": {
		"name": "مولداوی"
	},
	"MC": {
		"name": "موناکو"
	},
	"MS": {
		"name": "مونت‌سرات"
	},
	"ME": {
		"name": "مونته‌نگرو"
	},
	"MM": {
		"name": "میانمار (برمه)"
	},
	"FM": {
		"name": "میکرونزی"
	},
	"NR": {
		"name": "نائورو"
	},
	"NA": {
		"name": "نامیبیا"
	},
	"NP": {
		"name": "نپال"
	},
	"NO": {
		"name": "نروژ"
	},
	"NE": {
		"name": "نیجر"
	},
	"NG": {
		"name": "نیجریه"
	},
	"NI": {
		"name": "نیکاراگوئه"
	},
	"NU": {
		"name": "نیوئه"
	},
	"NZ": {
		"name": "نیوزیلند"
	},
	"VA": {
		"name": "واتیکان"
	},
	"WF": {
		"name": "والیس و فوتونا"
	},
	"VU": {
		"name": "وانواتو"
	},
	"VE": {
		"name": "ونزوئلا"
	},
	"VN": {
		"name": "ویتنام"
	},
	"HT": {
		"name": "هائیتی"
	},
	"NL": {
		"name": "هلند"
	},
	"IN": {
		"name": "هند"
	},
	"HN": {
		"name": "هندوراس"
	},
	"HK": {
		"name": "هنگ‌کنگ، ناحیهٔ ویژهٔ حکومتی چین"
	},
	"YE": {
		"name": "یمن"
	},
	"GR": {
		"name": "یونان"
	}
}