{
	"AF": {
		"name": "Afganistaan"
	},
	"ZA": {
		"name": "Afrik bŋ Worgo"
	},
	"AZ": {
		"name": "Ajerbayjaan"
	},
	"AX": {
		"name": "Åland Islands"
	},
	"DZ": {
		"name": "Alaseri"
	},
	"AL": {
		"name": "Albanii"
	},
	"DE": {
		"name": "Almaañ"
	},
	"AD": {
		"name": "Anndoora"
	},
	"AI": {
		"name": "Anngiyaa"
	},
	"AO": {
		"name": "Anngolaa"
	},
	"AQ": {
		"name": "Antarctica"
	},
	"AG": {
		"name": "Antiguwaa e Barbudaa"
	},
	"SA": {
		"name": "Arabii Sawdit"
	},
	"AR": {
		"name": "Arjantiin"
	},
	"AM": {
		"name": "Armenii"
	},
	"AW": {
		"name": "Aruuba"
	},
	"AC": {
		"name": "Ascension Island"
	},
	"BS": {
		"name": "Bahamaas"
	},
	"BH": {
		"name": "Bahreyn"
	},
	"BD": {
		"name": "Banglaadees"
	},
	"BB": {
		"name": "Barbadoos"
	},
	"BY": {
		"name": "Belaruus"
	},
	"BZ": {
		"name": "Beliise"
	},
	"BE": {
		"name": "Beljik"
	},
	"BJ": {
		"name": "Benee"
	},
	"BR": {
		"name": "Beresiil"
	},
	"BM": {
		"name": "Bermudaa"
	},
	"BO": {
		"name": "Boliwii"
	},
	"BA": {
		"name": "Bosnii Hersegowiin"
	},
	"BW": {
		"name": "Botswaana"
	},
	"BG": {
		"name": "Bulgarii"
	},
	"BF": {
		"name": "Burkibaa Faaso"
	},
	"BN": {
		"name": "Burnaay"
	},
	"BI": {
		"name": "Burunndi"
	},
	"BT": {
		"name": "Butaan"
	},
	"TD": {
		"name": "Caad"
	},
	"IC": {
		"name": "Canary Islands"
	},
	"BQ": {
		"name": "Caribbean Netherlands"
	},
	"EA": {
		"name": "Ceuta & Melilla"
	},
	"CX": {
		"name": "Christmas Island"
	},
	"CL": {
		"name": "Cilii"
	},
	"CC": {
		"name": "Cocos (Keeling) Islands"
	},
	"CW": {
		"name": "Curaçao"
	},
	"DK": {
		"name": "Danmark"
	},
	"DG": {
		"name": "Diego Garcia"
	},
	"DM": {
		"name": "Dominika"
	},
	"VA": {
		"name": "Dowla Waticaan"
	},
	"US": {
		"name": "Dowlaaji Dentuɗi Amerik"
	},
	"FK": {
		"name": "Duuɗe Falkland"
	},
	"CV": {
		"name": "Duuɗe Kap Weer"
	},
	"KY": {
		"name": "Duuɗe Kaymaa"
	},
	"VI": {
		"name": "Duuɗe Kecce Amerik"
	},
	"VG": {
		"name": "duuɗe kecce britanii"
	},
	"CK": {
		"name": "Duuɗe Kuuk"
	},
	"MP": {
		"name": "Duuɗe Mariyaana Rewo"
	},
	"MH": {
		"name": "Duuɗe Marsaal"
	},
	"NF": {
		"name": "Duuɗe Norfolk"
	},
	"SB": {
		"name": "Duuɗe Solomon"
	},
	"TC": {
		"name": "Duuɗe Turke e Keikoos"
	},
	"ET": {
		"name": "Ecoppi"
	},
	"EG": {
		"name": "Ejipt"
	},
	"EC": {
		"name": "Ekuwatoor"
	},
	"SV": {
		"name": "El Salwador"
	},
	"AE": {
		"name": "Emiraat Araab Denntuɗe"
	},
	"IN": {
		"name": "Enndo"
	},
	"ID": {
		"name": "Enndonesii"
	},
	"ER": {
		"name": "Eriteree"
	},
	"ES": {
		"name": "Espaañ"
	},
	"EE": {
		"name": "Estoni"
	},
	"FR": {
		"name": "Farayse"
	},
	"FO": {
		"name": "Faroe Islands"
	},
	"FI": {
		"name": "Fenland"
	},
	"FJ": {
		"name": "Fijji"
	},
	"PH": {
		"name": "Filipiin"
	},
	"TF": {
		"name": "French Southern Territories"
	},
	"GA": {
		"name": "Gaboo"
	},
	"GM": {
		"name": "Gammbi"
	},
	"GH": {
		"name": "Ganaa"
	},
	"GD": {
		"name": "Garnaad"
	},
	"GR": {
		"name": "Gerees"
	},
	"GN": {
		"name": "Gine"
	},
	"GW": {
		"name": "Gine-Bisaawo"
	},
	"GQ": {
		"name": "Ginee Ekuwaatoriyaal"
	},
	"GY": {
		"name": "Giyaan"
	},
	"GF": {
		"name": "Giyaan Farayse"
	},
	"GL": {
		"name": "Gorwendland"
	},
	"GG": {
		"name": "Guernsey"
	},
	"GU": {
		"name": "Guwam"
	},
	"GP": {
		"name": "Gwaadalup"
	},
	"GT": {
		"name": "Gwaatemalaa"
	},
	"HT": {
		"name": "Haytii"
	},
	"HK": {
		"name": "Hong Kong SAR China"
	},
	"IQ": {
		"name": "Iraak"
	},
	"IR": {
		"name": "Iraan"
	},
	"IE": {
		"name": "Irlannda"
	},
	"IS": {
		"name": "Islannda"
	},
	"IM": {
		"name": "Isle of Man"
	},
	"IL": {
		"name": "Israa’iila"
	},
	"IT": {
		"name": "Itali"
	},
	"JM": {
		"name": "Jamayka"
	},
	"GE": {
		"name": "Jeorgii"
	},
	"JE": {
		"name": "Jersey"
	},
	"GI": {
		"name": "Jibraltaar"
	},
	"DJ": {
		"name": "Jibutii"
	},
	"JO": {
		"name": "Jordani"
	},
	"KH": {
		"name": "Kambodso"
	},
	"CM": {
		"name": "Kameruun"
	},
	"CA": {
		"name": "Kanadaa"
	},
	"KZ": {
		"name": "Kasakstaan"
	},
	"QA": {
		"name": "Kataar"
	},
	"IO": {
		"name": "Keeriindi britaani to maayo enndo"
	},
	"KE": {
		"name": "Keñaa"
	},
	"KG": {
		"name": "Kirgistaan"
	},
	"KI": {
		"name": "Kiribari"
	},
	"CI": {
		"name": "Kodduwaar"
	},
	"CO": {
		"name": "Kolombiya"
	},
	"KM": {
		"name": "Komoor"
	},
	"CG": {
		"name": "Konngo"
	},
	"KP": {
		"name": "Koree Rewo"
	},
	"KR": {
		"name": "Koree Worgo"
	},
	"HR": {
		"name": "Korwasii"
	},
	"XK": {
		"name": "Kosovo"
	},
	"CR": {
		"name": "Kosta Rikaa"
	},
	"CU": {
		"name": "Kubaa"
	},
	"KW": {
		"name": "Kuweyti"
	},
	"GB": {
		"name": "Laamateeri Rentundi"
	},
	"LA": {
		"name": "Lawoos"
	},
	"LS": {
		"name": "Lesoto"
	},
	"LV": {
		"name": "Letonii"
	},
	"LB": {
		"name": "Libaa"
	},
	"LR": {
		"name": "Liberiyaa"
	},
	"LY": {
		"name": "Libi"
	},
	"LU": {
		"name": "Liksembuur"
	},
	"LI": {
		"name": "Lincenstayn"
	},
	"LT": {
		"name": "Lituaanii"
	},
	"ML": {
		"name": "Maali"
	},
	"MO": {
		"name": "Macau SAR China"
	},
	"MG": {
		"name": "Madagaskaar"
	},
	"MW": {
		"name": "Malaawi"
	},
	"MV": {
		"name": "Maldiiwe"
	},
	"MY": {
		"name": "Malesii"
	},
	"MT": {
		"name": "Malte"
	},
	"MQ": {
		"name": "Martinik"
	},
	"MA": {
		"name": "Maruk"
	},
	"YT": {
		"name": "Mayoot"
	},
	"MK": {
		"name": "Meceduwaan"
	},
	"MX": {
		"name": "Meksik"
	},
	"FM": {
		"name": "Mikoronesii"
	},
	"MM": {
		"name": "Miyamaar"
	},
	"MD": {
		"name": "Moldawii"
	},
	"MC": {
		"name": "Monaakoo"
	},
	"MN": {
		"name": "Monngolii"
	},
	"MS": {
		"name": "Monseraat"
	},
	"ME": {
		"name": "Montenegro"
	},
	"MU": {
		"name": "Moriis"
	},
	"MZ": {
		"name": "Mosammbik"
	},
	"MR": {
		"name": "Muritani"
	},
	"NA": {
		"name": "Namibii"
	},
	"NR": {
		"name": "Nawuru"
	},
	"CZ": {
		"name": "Ndenndaandi Cek"
	},
	"CD": {
		"name": "Ndenndaandi Demokaraasiire Konngo"
	},
	"CF": {
		"name": "Ndenndaandi Santarafrik"
	},
	"DO": {
		"name": "Ndenndanndi Dominika"
	},
	"NL": {
		"name": "Nederlannda"
	},
	"NP": {
		"name": "Nepaal"
	},
	"NE": {
		"name": "Nijeer"
	},
	"NG": {
		"name": "Nijeriyaa"
	},
	"NI": {
		"name": "Nikaraguwaa"
	},
	"NU": {
		"name": "Niuwe"
	},
	"NO": {
		"name": "Norwees"
	},
	"NC": {
		"name": "Nuwel Kaledonii"
	},
	"NZ": {
		"name": "Nuwel Selannda"
	},
	"OM": {
		"name": "Omaan"
	},
	"HN": {
		"name": "Onnduraas"
	},
	"HU": {
		"name": "Onngiri"
	},
	"AU": {
		"name": "Ostaraalii"
	},
	"AT": {
		"name": "Otiriis"
	},
	"PK": {
		"name": "Pakistaan"
	},
	"PW": {
		"name": "Palawu"
	},
	"PS": {
		"name": "Palestiin Sisjordani e Gaasaa"
	},
	"PA": {
		"name": "Panamaa"
	},
	"PG": {
		"name": "Papuwaa Nuwel Gine"
	},
	"PY": {
		"name": "Paraguwaay"
	},
	"PE": {
		"name": "Peru"
	},
	"PN": {
		"name": "Pitkern"
	},
	"PF": {
		"name": "Polinesii Farayse"
	},
	"PL": {
		"name": "Poloñ"
	},
	"PR": {
		"name": "Porto Rikoo"
	},
	"PT": {
		"name": "Purtugaal"
	},
	"RE": {
		"name": "Rewiñoo"
	},
	"RU": {
		"name": "Riisii"
	},
	"RO": {
		"name": "Rumanii"
	},
	"RW": {
		"name": "Ruwanndaa"
	},
	"ZM": {
		"name": "Sammbi"
	},
	"AS": {
		"name": "Samowa Amerik"
	},
	"WS": {
		"name": "Samowaa"
	},
	"JP": {
		"name": "Sapoo"
	},
	"ST": {
		"name": "Sawo Tome e Perensipe"
	},
	"SM": {
		"name": "See Maree"
	},
	"PM": {
		"name": "See Piyeer e Mikeloo"
	},
	"VC": {
		"name": "See Weesaa e Garnadiin"
	},
	"SN": {
		"name": "Senegaal"
	},
	"SH": {
		"name": "Sent Helen"
	},
	"KN": {
		"name": "Sent Kits e Newis"
	},
	"LC": {
		"name": "Sent Lusiyaa"
	},
	"SL": {
		"name": "Seraa liyon"
	},
	"RS": {
		"name": "Serbia"
	},
	"SC": {
		"name": "Seysel"
	},
	"CN": {
		"name": "Siin"
	},
	"CY": {
		"name": "Siipar"
	},
	"ZW": {
		"name": "Simbaabuwe"
	},
	"SG": {
		"name": "Sinngapuur"
	},
	"SX": {
		"name": "Sint Maarten"
	},
	"LK": {
		"name": "Siri Lanka"
	},
	"SY": {
		"name": "Sirii"
	},
	"SK": {
		"name": "Slowakii"
	},
	"SI": {
		"name": "Slowenii"
	},
	"SO": {
		"name": "Somalii"
	},
	"GS": {
		"name": "South Georgia & South Sandwich Islands"
	},
	"SS": {
		"name": "South Sudan"
	},
	"BL": {
		"name": "St. Barthélemy"
	},
	"MF": {
		"name": "St. Martin"
	},
	"SD": {
		"name": "Sudaan"
	},
	"SR": {
		"name": "Surinaam"
	},
	"SE": {
		"name": "Suweed"
	},
	"CH": {
		"name": "Suwiis"
	},
	"SJ": {
		"name": "Svalbard & Jan Mayen"
	},
	"SZ": {
		"name": "Swaasilannda"
	},
	"TJ": {
		"name": "Tajikistaan"
	},
	"TZ": {
		"name": "Tansanii"
	},
	"TH": {
		"name": "Taylannda"
	},
	"TW": {
		"name": "Taywaan"
	},
	"TL": {
		"name": "Timoor Fuɗnaange"
	},
	"TT": {
		"name": "Tirnidaad e Tobaago"
	},
	"TG": {
		"name": "Togoo"
	},
	"TK": {
		"name": "Tokelaaw"
	},
	"TO": {
		"name": "Tonngaa"
	},
	"TA": {
		"name": "Tristan da Cunha"
	},
	"TN": {
		"name": "Tunisii"
	},
	"TR": {
		"name": "Turkii"
	},
	"TM": {
		"name": "Turkmenistaan"
	},
	"TV": {
		"name": "Tuwaluu"
	},
	"UM": {
		"name": "U.S. Outlying Islands"
	},
	"UA": {
		"name": "Ukereen"
	},
	"UG": {
		"name": "Unganndaa"
	},
	"UY": {
		"name": "Uruguwaay"
	},
	"UZ": {
		"name": "Usbekistaan"
	},
	"WF": {
		"name": "Walis e Futuna"
	},
	"VU": {
		"name": "Wanuwaatuu"
	},
	"VE": {
		"name": "Wenesuwelaa"
	},
	"EH": {
		"name": "Western Sahara"
	},
	"VN": {
		"name": "Wiyetnaam"
	},
	"YE": {
		"name": "Yemen"
	}
}