{
	"AF": {
		"name": "Afganistan"
	},
	"AX": {
		"name": "Áland"
	},
	"AL": {
		"name": "Albania"
	},
	"DZ": {
		"name": "Algeria"
	},
	"AS": {
		"name": "Amerikanska Samoa"
	},
	"AD": {
		"name": "Andorra"
	},
	"AO": {
		"name": "Angola"
	},
	"AI": {
		"name": "Anguilla"
	},
	"AQ": {
		"name": "Antarktis"
	},
	"AG": {
		"name": "Antigua & Barbuda"
	},
	"AR": {
		"name": "Argentina"
	},
	"AM": {
		"name": "Armenia"
	},
	"AW": {
		"name": "Aruba"
	},
	"AC": {
		"name": "Ascension"
	},
	"AZ": {
		"name": "Aserbadjan"
	},
	"AU": {
		"name": "Avstralia"
	},
	"BS": {
		"name": "Bahamaoyggjar"
	},
	"BD": {
		"name": "Bangladesj"
	},
	"BB": {
		"name": "Barbados"
	},
	"BH": {
		"name": "Barein"
	},
	"BE": {
		"name": "Belgia"
	},
	"BZ": {
		"name": "Belis"
	},
	"BJ": {
		"name": "Benin"
	},
	"BM": {
		"name": "Bermuda"
	},
	"BO": {
		"name": "Bolivia"
	},
	"BA": {
		"name": "Bosnia-Hersegovina"
	},
	"BW": {
		"name": "Botsvana"
	},
	"BR": {
		"name": "Brasil"
	},
	"BN": {
		"name": "Brunei"
	},
	"BG": {
		"name": "Bulgaria"
	},
	"BF": {
		"name": "Burkina Faso"
	},
	"BI": {
		"name": "Burundi"
	},
	"BT": {
		"name": "Butan"
	},
	"KY": {
		"name": "Caymanoyggjar"
	},
	"EA": {
		"name": "Ceuta og Melilla"
	},
	"CK": {
		"name": "Cooksoyggjar"
	},
	"CW": {
		"name": "Curaçao"
	},
	"DK": {
		"name": "Danmark"
	},
	"DG": {
		"name": "Diego Garcia"
	},
	"DJ": {
		"name": "Djibuti"
	},
	"DM": {
		"name": "Dominika"
	},
	"DO": {
		"name": "Dominikalýðveldið"
	},
	"EG": {
		"name": "Egyptaland"
	},
	"EC": {
		"name": "Ekvador"
	},
	"GQ": {
		"name": "Ekvatorguinea"
	},
	"SV": {
		"name": "El Salvador"
	},
	"ER": {
		"name": "Eritrea"
	},
	"EE": {
		"name": "Estland"
	},
	"ET": {
		"name": "Etiopia"
	},
	"AT": {
		"name": "Eysturríki"
	},
	"TL": {
		"name": "Eysturtimor"
	},
	"FK": {
		"name": "Falklandsoyggjar"
	},
	"FJ": {
		"name": "Fiji"
	},
	"CI": {
		"name": "Fílabeinsstrondin"
	},
	"PH": {
		"name": "Filipsoyggjar"
	},
	"FI": {
		"name": "Finnland"
	},
	"FR": {
		"name": "Frakland"
	},
	"GF": {
		"name": "Franska Gujana"
	},
	"PF": {
		"name": "Franska Polynesia"
	},
	"TF": {
		"name": "Fronsku sunnaru landaøki"
	},
	"FO": {
		"name": "Føroyar"
	},
	"GA": {
		"name": "Gabon"
	},
	"GM": {
		"name": "Gambia"
	},
	"GH": {
		"name": "Gana"
	},
	"GE": {
		"name": "Georgia"
	},
	"GI": {
		"name": "Gibraltar"
	},
	"GD": {
		"name": "Grenada"
	},
	"GR": {
		"name": "Grikkaland"
	},
	"CV": {
		"name": "Grønhøvdaoyggjar"
	},
	"GL": {
		"name": "Grønland"
	},
	"GP": {
		"name": "Guadeloupe"
	},
	"GU": {
		"name": "Guam"
	},
	"GT": {
		"name": "Guatemala"
	},
	"GG": {
		"name": "Guernsey"
	},
	"GN": {
		"name": "Guinea"
	},
	"GW": {
		"name": "Guinea-Bissau"
	},
	"GY": {
		"name": "Gujana"
	},
	"HT": {
		"name": "Haiti"
	},
	"HN": {
		"name": "Honduras"
	},
	"HK": {
		"name": "Hong Kong SAR Kina"
	},
	"BY": {
		"name": "Hvítarussland"
	},
	"IN": {
		"name": "India"
	},
	"ID": {
		"name": "Indonesia"
	},
	"IQ": {
		"name": "Irak"
	},
	"IR": {
		"name": "Iran"
	},
	"IE": {
		"name": "Írland"
	},
	"IS": {
		"name": "Ísland"
	},
	"IM": {
		"name": "Isle of Man"
	},
	"IL": {
		"name": "Ísrael"
	},
	"IT": {
		"name": "Italia"
	},
	"JM": {
		"name": "Jamaika"
	},
	"JP": {
		"name": "Japan"
	},
	"YE": {
		"name": "Jemen"
	},
	"JE": {
		"name": "Jersey"
	},
	"CX": {
		"name": "Jólaoyggjin"
	},
	"JO": {
		"name": "Jordan"
	},
	"KH": {
		"name": "Kambodja"
	},
	"CM": {
		"name": "Kamerun"
	},
	"CA": {
		"name": "Kanada"
	},
	"IC": {
		"name": "Kanariuoyggjar"
	},
	"KZ": {
		"name": "Kasakstan"
	},
	"QA": {
		"name": "Katar"
	},
	"CZ": {
		"name": "Kekkia"
	},
	"KE": {
		"name": "Kenja"
	},
	"CL": {
		"name": "Kili"
	},
	"CN": {
		"name": "Kina"
	},
	"KG": {
		"name": "Kirgisia"
	},
	"KI": {
		"name": "Kiribati"
	},
	"TD": {
		"name": "Kjad"
	},
	"CC": {
		"name": "Kokosoyggjar"
	},
	"CO": {
		"name": "Kolombia"
	},
	"KM": {
		"name": "Komoroyggjar"
	},
	"CG": {
		"name": "Kongo"
	},
	"CD": {
		"name": "Kongo, Dem. Lýðveldið"
	},
	"XK": {
		"name": "Kosovo"
	},
	"CR": {
		"name": "Kosta Rika"
	},
	"HR": {
		"name": "Kroatia"
	},
	"CU": {
		"name": "Kuba"
	},
	"KW": {
		"name": "Kuvait"
	},
	"CY": {
		"name": "Kýpros"
	},
	"LA": {
		"name": "Laos"
	},
	"LS": {
		"name": "Lesoto"
	},
	"LV": {
		"name": "Lettland"
	},
	"LB": {
		"name": "Libanon"
	},
	"LR": {
		"name": "Liberia"
	},
	"LY": {
		"name": "Libya"
	},
	"LI": {
		"name": "Liktinstein"
	},
	"LT": {
		"name": "Litava"
	},
	"LU": {
		"name": "Luksemborg"
	},
	"MG": {
		"name": "Madagaskar"
	},
	"MO": {
		"name": "Makao SAR Kina"
	},
	"MK": {
		"name": "Makedónia"
	},
	"MY": {
		"name": "Malaisia"
	},
	"MW": {
		"name": "Malavi"
	},
	"MV": {
		"name": "Maldivoyggjar"
	},
	"ML": {
		"name": "Mali"
	},
	"MT": {
		"name": "Malta"
	},
	"MA": {
		"name": "Marokko"
	},
	"MH": {
		"name": "Marshalloyggjar"
	},
	"MQ": {
		"name": "Martinique"
	},
	"YT": {
		"name": "Mayotte"
	},
	"MX": {
		"name": "Meksiko"
	},
	"CF": {
		"name": "Miðafrikalýðveldið"
	},
	"FM": {
		"name": "Mikronesiasamveldið"
	},
	"MD": {
		"name": "Moldova"
	},
	"MC": {
		"name": "Monako"
	},
	"MN": {
		"name": "Mongolia"
	},
	"ME": {
		"name": "Montenegro"
	},
	"MS": {
		"name": "Montserrat"
	},
	"MR": {
		"name": "Móritania"
	},
	"MU": {
		"name": "Móritius"
	},
	"MZ": {
		"name": "Mosambik"
	},
	"MM": {
		"name": "Myanmar (Burma)"
	},
	"NA": {
		"name": "Namibia"
	},
	"NR": {
		"name": "Nauru"
	},
	"NP": {
		"name": "Nepal"
	},
	"NL": {
		"name": "Niðurlond"
	},
	"BQ": {
		"name": "Niðurlonds Karibia"
	},
	"NE": {
		"name": "Niger"
	},
	"NG": {
		"name": "Nigeria"
	},
	"NI": {
		"name": "Nikaragua"
	},
	"NU": {
		"name": "Niue"
	},
	"MP": {
		"name": "Norðaru Mariuoyggjar"
	},
	"KP": {
		"name": "Norðurkorea"
	},
	"NO": {
		"name": "Noreg"
	},
	"NF": {
		"name": "Norfolksoyggj"
	},
	"NC": {
		"name": "Nýkaledónia"
	},
	"NZ": {
		"name": "Nýsæland"
	},
	"OM": {
		"name": "Oman"
	},
	"PK": {
		"name": "Pakistan"
	},
	"PW": {
		"name": "Palau"
	},
	"PS": {
		"name": "Palestinskt landøki"
	},
	"PA": {
		"name": "Panama"
	},
	"PG": {
		"name": "Papua Nýguinea"
	},
	"PY": {
		"name": "Paraguai"
	},
	"PE": {
		"name": "Peru"
	},
	"PN": {
		"name": "Pitcairnoyggjar"
	},
	"PL": {
		"name": "Pólland"
	},
	"PT": {
		"name": "Portugal"
	},
	"PR": {
		"name": "Puerto Riko"
	},
	"RE": {
		"name": "Réunion"
	},
	"RW": {
		"name": "Ruanda"
	},
	"RO": {
		"name": "Rumenia"
	},
	"RU": {
		"name": "Russland"
	},
	"PM": {
		"name": "Saint Pierre og Miquelon"
	},
	"SB": {
		"name": "Salomonoyggjar"
	},
	"US": {
		"name": "Sambandsríki Amerika"
	},
	"UM": {
		"name": "Sambandsríki Amerikas fjarskotnu oyggjar"
	},
	"VI": {
		"name": "Sambandsríki Amerikas Jomfrúoyggjar"
	},
	"ZM": {
		"name": "Sambia"
	},
	"AE": {
		"name": "Sameindu Emirríkini"
	},
	"WS": {
		"name": "Samoa"
	},
	"SM": {
		"name": "San Marino"
	},
	"ST": {
		"name": "Sao Tome & Prinsipi"
	},
	"SA": {
		"name": "Saudiarabia"
	},
	"SN": {
		"name": "Senegal"
	},
	"RS": {
		"name": "Serbia"
	},
	"SC": {
		"name": "Seyskelloyggjar"
	},
	"SL": {
		"name": "Sierra Leona"
	},
	"ZW": {
		"name": "Simbabvi"
	},
	"SG": {
		"name": "Singapor"
	},
	"SX": {
		"name": "Sint Maarten"
	},
	"SK": {
		"name": "Slovakia"
	},
	"SI": {
		"name": "Slovenia"
	},
	"SO": {
		"name": "Somalia"
	},
	"ES": {
		"name": "Spania"
	},
	"LK": {
		"name": "Sri Lanka"
	},
	"BL": {
		"name": "St-Barthélemy"
	},
	"MF": {
		"name": "St-Martin"
	},
	"SH": {
		"name": "St. Helena"
	},
	"KN": {
		"name": "St. Kitts & Nevis"
	},
	"LC": {
		"name": "St. Lusia"
	},
	"VC": {
		"name": "St. Vinsent & Grenadinoyggjar"
	},
	"IO": {
		"name": "Stóra Bretlands Indiahavoyggjar"
	},
	"VG": {
		"name": "Stóra Bretlands Jomfrúoyggjar"
	},
	"GB": {
		"name": "Stórabretland"
	},
	"SD": {
		"name": "Sudan"
	},
	"ZA": {
		"name": "Suðurafrika"
	},
	"GS": {
		"name": "Suðurgeorgia og Suðursandwichoyggjar"
	},
	"KR": {
		"name": "Suðurkorea"
	},
	"SS": {
		"name": "Suðursudan"
	},
	"SR": {
		"name": "Surinam"
	},
	"SJ": {
		"name": "Svalbard & Jan Mayen"
	},
	"SZ": {
		"name": "Svasiland"
	},
	"CH": {
		"name": "Sveis"
	},
	"SE": {
		"name": "Svøríki"
	},
	"SY": {
		"name": "Sýria"
	},
	"TJ": {
		"name": "Tadsjikistan"
	},
	"TH": {
		"name": "Tailand"
	},
	"TW": {
		"name": "Taivan"
	},
	"TZ": {
		"name": "Tansania"
	},
	"TG": {
		"name": "Togo"
	},
	"TK": {
		"name": "Tokelau"
	},
	"TO": {
		"name": "Tonga"
	},
	"TT": {
		"name": "Trinidad & Tobago"
	},
	"TA": {
		"name": "Tristan da Cunha"
	},
	"TN": {
		"name": "Tunesia"
	},
	"TR": {
		"name": "Turkaland"
	},
	"TM": {
		"name": "Turkmenistan"
	},
	"TC": {
		"name": "Turks- og Caicosoyggjar"
	},
	"TV": {
		"name": "Tuvalu"
	},
	"DE": {
		"name": "Týskland"
	},
	"UG": {
		"name": "Uganda"
	},
	"UA": {
		"name": "Ukraina"
	},
	"HU": {
		"name": "Ungarn"
	},
	"UY": {
		"name": "Uruguai"
	},
	"UZ": {
		"name": "Usbekistan"
	},
	"VU": {
		"name": "Vanuatu"
	},
	"VA": {
		"name": "Vatikanbýur"
	},
	"VE": {
		"name": "Venesuela"
	},
	"EH": {
		"name": "Vestursahara"
	},
	"VN": {
		"name": "Vjetnam"
	},
	"WF": {
		"name": "Wallis- og Futunaoyggjar"
	}
}