{
	"AF": {
		"name": "Afghanistan"
	},
	"AL": {
		"name": "Albanie"
	},
	"DZ": {
		"name": "Alzerie"
	},
	"AD": {
		"name": "Andorra"
	},
	"AO": {
		"name": "Angola"
	},
	"AI": {
		"name": "Anguilla"
	},
	"AQ": {
		"name": "Antartic"
	},
	"AG": {
		"name": "Antigua e Barbuda"
	},
	"SA": {
		"name": "Arabie Saudide"
	},
	"AR": {
		"name": "Argjentine"
	},
	"AM": {
		"name": "Armenie"
	},
	"AW": {
		"name": "Aruba"
	},
	"AC": {
		"name": "Ascension Island"
	},
	"AU": {
		"name": "Australie"
	},
	"AT": {
		"name": "Austrie"
	},
	"AZ": {
		"name": "Azerbaigian"
	},
	"BS": {
		"name": "Bahamas"
	},
	"BH": {
		"name": "Bahrain"
	},
	"BD": {
		"name": "Bangladesh"
	},
	"BB": {
		"name": "Barbados"
	},
	"BE": {
		"name": "Belgjiche"
	},
	"BZ": {
		"name": "Belize"
	},
	"BJ": {
		"name": "Benin"
	},
	"BM": {
		"name": "Bermuda"
	},
	"BT": {
		"name": "Bhutan"
	},
	"BY": {
		"name": "Bielorussie"
	},
	"MM": {
		"name": "Birmanie"
	},
	"BO": {
		"name": "Bolivie"
	},
	"BA": {
		"name": "Bosnie e Ercegovine"
	},
	"BW": {
		"name": "Botswana"
	},
	"BR": {
		"name": "Brasîl"
	},
	"BN": {
		"name": "Brunei"
	},
	"BG": {
		"name": "Bulgarie"
	},
	"BF": {
		"name": "Burkina Faso"
	},
	"BI": {
		"name": "Burundi"
	},
	"TD": {
		"name": "Çad"
	},
	"KH": {
		"name": "Camboze"
	},
	"CM": {
		"name": "Camerun"
	},
	"CA": {
		"name": "Canade"
	},
	"BQ": {
		"name": "Caribbean Netherlands"
	},
	"EA": {
		"name": "Ceuta e Melilla"
	},
	"CL": {
		"name": "Cile"
	},
	"CN": {
		"name": "Cine"
	},
	"CY": {
		"name": "Cipri"
	},
	"CV": {
		"name": "Cjâf vert"
	},
	"CO": {
		"name": "Colombie"
	},
	"KM": {
		"name": "Comoris"
	},
	"CG": {
		"name": "Congo - Brazzaville"
	},
	"KP": {
		"name": "Coree dal nord"
	},
	"KR": {
		"name": "Coree dal sud"
	},
	"CR": {
		"name": "Costa Rica"
	},
	"HR": {
		"name": "Cravuazie"
	},
	"CU": {
		"name": "Cuba"
	},
	"CI": {
		"name": "Cueste di Avoli"
	},
	"CW": {
		"name": "Curaçao"
	},
	"DK": {
		"name": "Danimarcje"
	},
	"DG": {
		"name": "Diego Garcia"
	},
	"DM": {
		"name": "Dominiche"
	},
	"EC": {
		"name": "Ecuador"
	},
	"EG": {
		"name": "Egjit"
	},
	"SV": {
		"name": "El Salvador"
	},
	"AE": {
		"name": "Emirâts araps unîts"
	},
	"ER": {
		"name": "Eritree"
	},
	"EE": {
		"name": "Estonie"
	},
	"ET": {
		"name": "Etiopie"
	},
	"PH": {
		"name": "Filipinis"
	},
	"FI": {
		"name": "Finlandie"
	},
	"FJ": {
		"name": "Fizi"
	},
	"FR": {
		"name": "France"
	},
	"GA": {
		"name": "Gabon"
	},
	"GM": {
		"name": "Gambia"
	},
	"GS": {
		"name": "Georgia dal Sud e Isulis Sandwich dal Sud"
	},
	"GH": {
		"name": "Ghana"
	},
	"DJ": {
		"name": "Gibuti"
	},
	"JM": {
		"name": "Gjamaiche"
	},
	"JP": {
		"name": "Gjapon"
	},
	"GE": {
		"name": "Gjeorgjie"
	},
	"DE": {
		"name": "Gjermanie"
	},
	"GI": {
		"name": "Gjibraltar"
	},
	"NC": {
		"name": "Gnove Caledonie"
	},
	"NZ": {
		"name": "Gnove Zelande"
	},
	"GR": {
		"name": "Grecie"
	},
	"GD": {
		"name": "Grenada"
	},
	"GL": {
		"name": "Groenlande"
	},
	"GP": {
		"name": "Guadalupe"
	},
	"GU": {
		"name": "Guam"
	},
	"GT": {
		"name": "Guatemala"
	},
	"GG": {
		"name": "Guernsey"
	},
	"GF": {
		"name": "Guiana francês"
	},
	"GW": {
		"name": "Guinea-Bissau"
	},
	"GN": {
		"name": "Guinee"
	},
	"GQ": {
		"name": "Guinee ecuatoriâl"
	},
	"GY": {
		"name": "Guyana"
	},
	"HT": {
		"name": "Haiti"
	},
	"HN": {
		"name": "Honduras"
	},
	"IN": {
		"name": "India"
	},
	"ID": {
		"name": "Indonesie"
	},
	"IR": {
		"name": "Iran"
	},
	"IQ": {
		"name": "Iraq"
	},
	"IE": {
		"name": "Irlande"
	},
	"IS": {
		"name": "Islande"
	},
	"NF": {
		"name": "Isole Norfolk"
	},
	"IL": {
		"name": "Israêl"
	},
	"CX": {
		"name": "Isule Christmas"
	},
	"IM": {
		"name": "Isule di Man"
	},
	"AX": {
		"name": "Isulis Aland"
	},
	"IC": {
		"name": "Isulis Canariis"
	},
	"KY": {
		"name": "Isulis Cayman"
	},
	"CC": {
		"name": "Isulis Cocos"
	},
	"CK": {
		"name": "Isulis Cook"
	},
	"FK": {
		"name": "Isulis Falkland"
	},
	"FO": {
		"name": "Isulis Faroe"
	},
	"MP": {
		"name": "Isulis Mariana dal Nord"
	},
	"MH": {
		"name": "Isulis Marshall"
	},
	"UM": {
		"name": "Isulis periferichis minôrs dai Stâts Unîts"
	},
	"SB": {
		"name": "Isulis Salomon"
	},
	"TC": {
		"name": "Isulis Turks e Caicos"
	},
	"VI": {
		"name": "Isulis vergjinis americanis"
	},
	"VG": {
		"name": "Isulis vergjinis britanichis"
	},
	"IT": {
		"name": "Italie"
	},
	"JE": {
		"name": "Jersey"
	},
	"JO": {
		"name": "Jordanie"
	},
	"KZ": {
		"name": "Kazachistan"
	},
	"KE": {
		"name": "Kenya"
	},
	"KG": {
		"name": "Kirghizstan"
	},
	"KI": {
		"name": "Kiribati"
	},
	"XK": {
		"name": "Kosovo"
	},
	"KW": {
		"name": "Kuwait"
	},
	"LA": {
		"name": "Laos"
	},
	"LS": {
		"name": "Lesotho"
	},
	"LV": {
		"name": "Letonie"
	},
	"LB": {
		"name": "Liban"
	},
	"LR": {
		"name": "Liberie"
	},
	"LY": {
		"name": "Libie"
	},
	"LI": {
		"name": "Liechtenstein"
	},
	"LT": {
		"name": "Lituanie"
	},
	"LU": {
		"name": "Lussemburc"
	},
	"MK": {
		"name": "Macedonie"
	},
	"MG": {
		"name": "Madagascar"
	},
	"MW": {
		"name": "Malawi"
	},
	"MY": {
		"name": "Malaysia"
	},
	"MV": {
		"name": "Maldivis"
	},
	"ML": {
		"name": "Mali"
	},
	"MT": {
		"name": "Malta"
	},
	"MA": {
		"name": "Maroc"
	},
	"MQ": {
		"name": "Martiniche"
	},
	"MR": {
		"name": "Mauritanie"
	},
	"MU": {
		"name": "Maurizi"
	},
	"YT": {
		"name": "Mayotte"
	},
	"MX": {
		"name": "Messic"
	},
	"FM": {
		"name": "Micronesie"
	},
	"MD": {
		"name": "Moldavie"
	},
	"MC": {
		"name": "Monaco"
	},
	"MN": {
		"name": "Mongolie"
	},
	"ME": {
		"name": "Montenegro"
	},
	"MS": {
		"name": "Montserrat"
	},
	"MZ": {
		"name": "Mozambic"
	},
	"NA": {
		"name": "Namibie"
	},
	"NR": {
		"name": "Nauru"
	},
	"NP": {
		"name": "Nepal"
	},
	"NI": {
		"name": "Nicaragua"
	},
	"NE": {
		"name": "Niger"
	},
	"NG": {
		"name": "Nigerie"
	},
	"NU": {
		"name": "Niue"
	},
	"NO": {
		"name": "Norvegje"
	},
	"OM": {
		"name": "Oman"
	},
	"HU": {
		"name": "Ongjarie"
	},
	"NL": {
		"name": "Paîs bas"
	},
	"PK": {
		"name": "Pakistan"
	},
	"PW": {
		"name": "Palau"
	},
	"PA": {
		"name": "Panamà"
	},
	"PG": {
		"name": "Papue Gnove Guinee"
	},
	"PY": {
		"name": "Paraguay"
	},
	"PE": {
		"name": "Perù"
	},
	"PN": {
		"name": "Pitcairn"
	},
	"PF": {
		"name": "Polinesie francês"
	},
	"PL": {
		"name": "Polonie"
	},
	"PR": {
		"name": "Porto Rico"
	},
	"PT": {
		"name": "Portugal"
	},
	"QA": {
		"name": "Qatar"
	},
	"GB": {
		"name": "Ream unît"
	},
	"HK": {
		"name": "Regjon aministrative speciâl de Cine di Hong Kong"
	},
	"MO": {
		"name": "Regjon aministrative speciâl de Cine di Macao"
	},
	"CZ": {
		"name": "Republiche ceche"
	},
	"CF": {
		"name": "Republiche centri africane"
	},
	"CD": {
		"name": "Republiche Democratiche dal Congo"
	},
	"DO": {
		"name": "Republiche dominicane"
	},
	"RE": {
		"name": "Reunion"
	},
	"RO": {
		"name": "Romanie"
	},
	"RW": {
		"name": "Ruande"
	},
	"RU": {
		"name": "Russie"
	},
	"EH": {
		"name": "Sahara ocidentâl"
	},
	"WS": {
		"name": "Samoa"
	},
	"AS": {
		"name": "Samoa merecanis"
	},
	"KN": {
		"name": "San Kitts e Nevis"
	},
	"SM": {
		"name": "San Marin"
	},
	"PM": {
		"name": "San Pierre e Miquelon"
	},
	"VC": {
		"name": "San Vincent e lis Grenadinis"
	},
	"BL": {
		"name": "Sant Barthélemy"
	},
	"MF": {
		"name": "Sant Martin"
	},
	"SH": {
		"name": "Sante Eline"
	},
	"LC": {
		"name": "Sante Lusie"
	},
	"ST": {
		"name": "Sao Tomè e Principe"
	},
	"SN": {
		"name": "Senegal"
	},
	"RS": {
		"name": "Serbie"
	},
	"SC": {
		"name": "Seychelles"
	},
	"SL": {
		"name": "Sierra Leone"
	},
	"SG": {
		"name": "Singapore"
	},
	"SX": {
		"name": "Sint Maarten"
	},
	"SY": {
		"name": "Sirie"
	},
	"SK": {
		"name": "Slovachie"
	},
	"SI": {
		"name": "Slovenie"
	},
	"SO": {
		"name": "Somalie"
	},
	"SS": {
		"name": "South Sudan"
	},
	"ES": {
		"name": "Spagne"
	},
	"LK": {
		"name": "Sri Lanka"
	},
	"US": {
		"name": "Stâts Unîts"
	},
	"ZA": {
		"name": "Sud Afriche"
	},
	"SD": {
		"name": "Sudan"
	},
	"SR": {
		"name": "Suriname"
	},
	"SJ": {
		"name": "Svalbard e Jan Mayen"
	},
	"SE": {
		"name": "Svezie"
	},
	"CH": {
		"name": "Svuizare"
	},
	"SZ": {
		"name": "Swaziland"
	},
	"TH": {
		"name": "Tailandie"
	},
	"TW": {
		"name": "Taiwan"
	},
	"TZ": {
		"name": "Tanzanie"
	},
	"TJ": {
		"name": "Tazikistan"
	},
	"IO": {
		"name": "Teritori britanic dal Ocean Indian"
	},
	"TF": {
		"name": "Teritoris meridionâi francês"
	},
	"PS": {
		"name": "Teritoris palestinês"
	},
	"TL": {
		"name": "Timor orientâl"
	},
	"TG": {
		"name": "Togo"
	},
	"TK": {
		"name": "Tokelau"
	},
	"TO": {
		"name": "Tonga"
	},
	"TT": {
		"name": "Trinidad e Tobago"
	},
	"TA": {
		"name": "Tristan da Cunha"
	},
	"TN": {
		"name": "Tunisie"
	},
	"TR": {
		"name": "Turchie"
	},
	"TM": {
		"name": "Turkmenistan"
	},
	"TV": {
		"name": "Tuvalu"
	},
	"UA": {
		"name": "Ucraine"
	},
	"UG": {
		"name": "Uganda"
	},
	"UY": {
		"name": "Uruguay"
	},
	"UZ": {
		"name": "Uzbechistan"
	},
	"VU": {
		"name": "Vanuatu"
	},
	"VA": {
		"name": "Vatican"
	},
	"VE": {
		"name": "Venezuela"
	},
	"VN": {
		"name": "Vietnam"
	},
	"WF": {
		"name": "Wallis e Futuna"
	},
	"YE": {
		"name": "Yemen"
	},
	"ZM": {
		"name": "Zambia"
	},
	"ZW": {
		"name": "Zimbabwe"
	}
}