{
	"ET": {
		"name": "An Aetóip"
	},
	"AF": {
		"name": "An Afganastáin"
	},
	"ZA": {
		"name": "An Afraic Theas"
	},
	"DZ": {
		"name": "An Ailgéir"
	},
	"AR": {
		"name": "An Airgintín"
	},
	"AM": {
		"name": "An Airméin"
	},
	"AL": {
		"name": "An Albáin"
	},
	"AQ": {
		"name": "An Antartaice"
	},
	"SA": {
		"name": "An Araib Shádach"
	},
	"AZ": {
		"name": "An Asarbaiseáin"
	},
	"AU": {
		"name": "An Astráil"
	},
	"BD": {
		"name": "An Bhanglaidéis"
	},
	"BY": {
		"name": "An Bhealarúis"
	},
	"BE": {
		"name": "An Bheilg"
	},
	"BZ": {
		"name": "An Bheilís"
	},
	"BA": {
		"name": "An Bhoisnia agus An Heirseagaivéin"
	},
	"BO": {
		"name": "An Bholaiv"
	},
	"BW": {
		"name": "An Bhotsuáin"
	},
	"BR": {
		"name": "An Bhrasaíl"
	},
	"BG": {
		"name": "An Bhulgáir"
	},
	"BI": {
		"name": "An Bhurúin"
	},
	"BT": {
		"name": "An Bhútáin"
	},
	"KH": {
		"name": "An Chambóid"
	},
	"KZ": {
		"name": "An Chasacstáin"
	},
	"KE": {
		"name": "An Chéinia"
	},
	"CY": {
		"name": "An Chipir"
	},
	"KG": {
		"name": "An Chirgeastáin"
	},
	"KR": {
		"name": "An Chóiré Theas"
	},
	"KP": {
		"name": "An Chóiré Thuaidh"
	},
	"CO": {
		"name": "An Cholóim"
	},
	"XK": {
		"name": "An Chosaiv"
	},
	"HR": {
		"name": "An Chróit"
	},
	"CG": {
		"name": "An Congó"
	},
	"CI": {
		"name": "An Cósta Eabhair"
	},
	"DK": {
		"name": "An Danmhairg"
	},
	"EE": {
		"name": "An Eastóin"
	},
	"EG": {
		"name": "An Éigipt"
	},
	"CH": {
		"name": "An Eilvéis"
	},
	"ER": {
		"name": "An Eiritré"
	},
	"FI": {
		"name": "An Fhionlainn"
	},
	"FR": {
		"name": "An Fhrainc"
	},
	"GA": {
		"name": "An Ghabúin"
	},
	"GM": {
		"name": "An Ghaimbia"
	},
	"DE": {
		"name": "An Ghearmáin"
	},
	"GL": {
		"name": "An Ghraonlainn"
	},
	"GR": {
		"name": "An Ghréig"
	},
	"GY": {
		"name": "An Ghuáin"
	},
	"GN": {
		"name": "An Ghuine"
	},
	"GQ": {
		"name": "An Ghuine Mheánchriosach"
	},
	"IQ": {
		"name": "An Iaráic"
	},
	"IR": {
		"name": "An Iaráin"
	},
	"IN": {
		"name": "An India"
	},
	"ID": {
		"name": "An Indinéis"
	},
	"IT": {
		"name": "An Iodáil"
	},
	"JO": {
		"name": "An Iordáin"
	},
	"NO": {
		"name": "An Iorua"
	},
	"IS": {
		"name": "An Íoslainn"
	},
	"NL": {
		"name": "An Ísiltír"
	},
	"BQ": {
		"name": "An Ísiltír Chairibeach"
	},
	"LV": {
		"name": "An Laitvia"
	},
	"LR": {
		"name": "An Libéir"
	},
	"LY": {
		"name": "An Libia"
	},
	"LB": {
		"name": "An Liobáin"
	},
	"LT": {
		"name": "An Liotuáin"
	},
	"MK": {
		"name": "An Mhacadóin"
	},
	"MY": {
		"name": "An Mhalaeisia"
	},
	"MW": {
		"name": "An Mhaláiv"
	},
	"MR": {
		"name": "An Mháratáin"
	},
	"FM": {
		"name": "An Mhicrinéis"
	},
	"MD": {
		"name": "An Mholdóiv"
	},
	"MN": {
		"name": "An Mhongóil"
	},
	"NA": {
		"name": "An Namaib"
	},
	"NG": {
		"name": "An Nigéir"
	},
	"NE": {
		"name": "An Nígir"
	},
	"NC": {
		"name": "An Nua-Chaladóin"
	},
	"NZ": {
		"name": "An Nua-Shéalainn"
	},
	"AT": {
		"name": "An Ostair"
	},
	"PK": {
		"name": "An Phacastáin"
	},
	"DO": {
		"name": "An Phoblacht Dhoiminiceach"
	},
	"PL": {
		"name": "An Pholainn"
	},
	"PT": {
		"name": "An Phortaingéil"
	},
	"GB": {
		"name": "An Ríocht Aontaithe"
	},
	"RO": {
		"name": "An Rómáin"
	},
	"RU": {
		"name": "An Rúis"
	},
	"EH": {
		"name": "An Sahára Thiar"
	},
	"ES": {
		"name": "An Spáinn"
	},
	"TJ": {
		"name": "An Táidsíceastáin"
	},
	"TZ": {
		"name": "An Tansáin"
	},
	"TH": {
		"name": "An Téalainn"
	},
	"TW": {
		"name": "An Téaváin"
	},
	"ZM": {
		"name": "An tSaimbia"
	},
	"SV": {
		"name": "An tSalvadóir"
	},
	"JP": {
		"name": "An tSeapáin"
	},
	"SN": {
		"name": "An tSeineagáil"
	},
	"RS": {
		"name": "An tSeirbia"
	},
	"GE": {
		"name": "An tSeoirsia"
	},
	"GS": {
		"name": "An tSeoirsia Theas agus Oileáin Sandwich Theas"
	},
	"CL": {
		"name": "An tSile"
	},
	"CN": {
		"name": "An tSín"
	},
	"ZW": {
		"name": "An tSiombáib"
	},
	"SY": {
		"name": "An tSiria"
	},
	"SI": {
		"name": "An tSlóivéin"
	},
	"SK": {
		"name": "An tSlóvaic"
	},
	"SO": {
		"name": "An tSomáil"
	},
	"SE": {
		"name": "An tSualainn"
	},
	"SZ": {
		"name": "An tSuasalainn"
	},
	"SD": {
		"name": "An tSúdáin"
	},
	"SS": {
		"name": "An tSúdáin Theas"
	},
	"TN": {
		"name": "An Túinéis"
	},
	"TR": {
		"name": "An Tuirc"
	},
	"TM": {
		"name": "An Tuircméanastáin"
	},
	"UA": {
		"name": "An Úcráin"
	},
	"UZ": {
		"name": "An Úisbéiceastáin"
	},
	"HU": {
		"name": "An Ungáir"
	},
	"VA": {
		"name": "An Vatacáin"
	},
	"AD": {
		"name": "Andóra"
	},
	"AI": {
		"name": "Angaíle"
	},
	"AO": {
		"name": "Angóla"
	},
	"AG": {
		"name": "Antigua agus Barbúda"
	},
	"AE": {
		"name": "Aontas na nÉimíríochtaí Arabacha"
	},
	"AW": {
		"name": "Arúba"
	},
	"BH": {
		"name": "Bairéin"
	},
	"BB": {
		"name": "Barbadós"
	},
	"BJ": {
		"name": "Beinin"
	},
	"BM": {
		"name": "Beirmiúda"
	},
	"BN": {
		"name": "Brúiné"
	},
	"BF": {
		"name": "Buircíne Fasó"
	},
	"CM": {
		"name": "Camarún"
	},
	"QA": {
		"name": "Catar"
	},
	"CA": {
		"name": "Ceanada"
	},
	"EA": {
		"name": "Ceuta agus Melilla"
	},
	"KI": {
		"name": "Cireabaití"
	},
	"CR": {
		"name": "Cósta Ríce"
	},
	"IO": {
		"name": "Críoch Aigéan Indiach na Breataine"
	},
	"TF": {
		"name": "Críocha Francacha Dheisceart an Domhain"
	},
	"KW": {
		"name": "Cuáit"
	},
	"CU": {
		"name": "Cúba"
	},
	"CW": {
		"name": "Curaçao"
	},
	"DG": {
		"name": "Diego Garcia"
	},
	"DJ": {
		"name": "Djibouti"
	},
	"DM": {
		"name": "Doiminice"
	},
	"EC": {
		"name": "Eacuadór"
	},
	"YE": {
		"name": "Éimin"
	},
	"IE": {
		"name": "Éire"
	},
	"FJ": {
		"name": "Fidsí"
	},
	"GH": {
		"name": "Gána"
	},
	"GG": {
		"name": "Geansaí"
	},
	"JE": {
		"name": "Geirsí"
	},
	"GI": {
		"name": "Giobráltar"
	},
	"GD": {
		"name": "Greanáda"
	},
	"GP": {
		"name": "Guadalúip"
	},
	"GF": {
		"name": "Guáin na Fraince"
	},
	"GU": {
		"name": "Guam"
	},
	"GT": {
		"name": "Guatamala"
	},
	"GW": {
		"name": "Guine Bissau"
	},
	"HT": {
		"name": "Háítí"
	},
	"HN": {
		"name": "Hondúras"
	},
	"JM": {
		"name": "Iamáice"
	},
	"IL": {
		"name": "Iosrael"
	},
	"LA": {
		"name": "Laos"
	},
	"LS": {
		"name": "Leosóta"
	},
	"LI": {
		"name": "Lichtinstéin"
	},
	"LU": {
		"name": "Lucsamburg"
	},
	"MG": {
		"name": "Madagascar"
	},
	"MM": {
		"name": "Maenmar (Burma)"
	},
	"ML": {
		"name": "Mailí"
	},
	"MT": {
		"name": "Málta"
	},
	"MA": {
		"name": "Maracó"
	},
	"MQ": {
		"name": "Martinique"
	},
	"YT": {
		"name": "Mayotte"
	},
	"MX": {
		"name": "Meicsiceo"
	},
	"MC": {
		"name": "Monacó"
	},
	"ME": {
		"name": "Montainéagró"
	},
	"MS": {
		"name": "Montsarat"
	},
	"MZ": {
		"name": "Mósaimbíc"
	},
	"BS": {
		"name": "Na Bahámaí"
	},
	"PS": {
		"name": "Na Críocha Palaistíneacha"
	},
	"IC": {
		"name": "Na hOileáin Chanáracha"
	},
	"PH": {
		"name": "Na hOileáin Fhilipíneacha"
	},
	"MP": {
		"name": "Na hOileáin Mháirianacha Thuaidh"
	},
	"SC": {
		"name": "Na Séiséil"
	},
	"NR": {
		"name": "Nárú"
	},
	"NP": {
		"name": "Neipeal"
	},
	"NI": {
		"name": "Nicearagua"
	},
	"NU": {
		"name": "Niue"
	},
	"PG": {
		"name": "Nua-Ghuine Phapua"
	},
	"AX": {
		"name": "Oileáin Åland"
	},
	"VG": {
		"name": "Oileáin Bhriotanacha na Maighdean"
	},
	"KY": {
		"name": "Oileáin Cayman"
	},
	"KM": {
		"name": "Oileáin Chomóra"
	},
	"CC": {
		"name": "Oileáin Cocos (Keeling)"
	},
	"CK": {
		"name": "Oileáin Cook"
	},
	"FK": {
		"name": "Oileáin Fháclainne"
	},
	"FO": {
		"name": "Oileáin Fharó"
	},
	"UM": {
		"name": "Oileáin Imeallacha S.A.M."
	},
	"MH": {
		"name": "Oileáin Marshall"
	},
	"MV": {
		"name": "Oileáin Mhaildíve"
	},
	"VI": {
		"name": "Oileáin Mheiriceánacha na Maighdean"
	},
	"TC": {
		"name": "Oileáin na dTurcach agus Caicos"
	},
	"PN": {
		"name": "Oileáin Pitcairn"
	},
	"SB": {
		"name": "Oileáin Sholomón"
	},
	"IM": {
		"name": "Oileán Mhanann"
	},
	"MU": {
		"name": "Oileán Mhuirís"
	},
	"AC": {
		"name": "Oileán na Deascabhála"
	},
	"CX": {
		"name": "Oileán na Nollag"
	},
	"TT": {
		"name": "Oileán na Tríonóide agus Tobága"
	},
	"NF": {
		"name": "Oileán Norfolk"
	},
	"OM": {
		"name": "Óman"
	},
	"PW": {
		"name": "Palau"
	},
	"PA": {
		"name": "Panama"
	},
	"PY": {
		"name": "Paragua"
	},
	"PE": {
		"name": "Peiriú"
	},
	"CD": {
		"name": "Poblacht Dhaonlathach an Chongó"
	},
	"CF": {
		"name": "Poblacht na hAfraice Láir"
	},
	"CZ": {
		"name": "Poblacht na Seice"
	},
	"PF": {
		"name": "Polainéis na Fraince"
	},
	"PR": {
		"name": "Portó Ríce"
	},
	"RE": {
		"name": "Réunion"
	},
	"CV": {
		"name": "Rinn Verde"
	},
	"RW": {
		"name": "Ruanda"
	},
	"HK": {
		"name": "S.R.R. na Síne Hong Cong"
	},
	"MO": {
		"name": "S.R.R. na Síne Macao"
	},
	"BL": {
		"name": "Saint Barthélemy"
	},
	"LC": {
		"name": "Saint Lucia"
	},
	"MF": {
		"name": "Saint-Martin"
	},
	"PM": {
		"name": "Saint-Pierre-et-Miquelon"
	},
	"WS": {
		"name": "Samó"
	},
	"AS": {
		"name": "Samó Meiriceánach"
	},
	"KN": {
		"name": "San Críostóir-Nimheas"
	},
	"SH": {
		"name": "San Héilin"
	},
	"SM": {
		"name": "San Mairíne"
	},
	"VC": {
		"name": "San Uinseann agus na Greanáidíní"
	},
	"ST": {
		"name": "São Tomé agus Príncipe"
	},
	"TD": {
		"name": "Sead"
	},
	"SL": {
		"name": "Siarra Leon"
	},
	"SG": {
		"name": "Singeapór"
	},
	"SX": {
		"name": "Sint Maarten"
	},
	"LK": {
		"name": "Srí Lanca"
	},
	"US": {
		"name": "Stáit Aontaithe Mheiriceá"
	},
	"SR": {
		"name": "Suranam"
	},
	"SJ": {
		"name": "Svalbard agus Jan Mayen"
	},
	"TL": {
		"name": "Tíomór Thoir"
	},
	"TK": {
		"name": "Tócalá"
	},
	"TG": {
		"name": "Tóga"
	},
	"TO": {
		"name": "Tonga"
	},
	"TA": {
		"name": "Tristan da Cunha"
	},
	"TV": {
		"name": "Tuvalu"
	},
	"UG": {
		"name": "Uganda"
	},
	"UY": {
		"name": "Urugua"
	},
	"WF": {
		"name": "Vailís agus Futúna"
	},
	"VU": {
		"name": "Vanuatú"
	},
	"VE": {
		"name": "Veiniséala"
	},
	"VN": {
		"name": "Vítneam"
	}
}