{
	"AX": {
		"name": "Aaland-Insle"
	},
	"AF": {
		"name": "Afganischtan"
	},
	"EG": {
		"name": "Ägüpte"
	},
	"AL": {
		"name": "Albaanie"
	},
	"DZ": {
		"name": "Algeerie"
	},
	"AS": {
		"name": "Amerikaanisch-Samoa"
	},
	"VI": {
		"name": "Amerikaanischi Jungfere-Insle"
	},
	"UM": {
		"name": "Amerikanisch-Ozeaanie"
	},
	"AD": {
		"name": "Andorra"
	},
	"AO": {
		"name": "Angoola"
	},
	"AI": {
		"name": "Anguilla"
	},
	"AQ": {
		"name": "Antarktis"
	},
	"AG": {
		"name": "Antigua und Barbuda"
	},
	"GQ": {
		"name": "Äquatoriaalgineea"
	},
	"AR": {
		"name": "Argentiinie"
	},
	"ER": {
		"name": "Äritreea"
	},
	"AM": {
		"name": "Armeenie"
	},
	"AW": {
		"name": "Aruba"
	},
	"AC": {
		"name": "Ascension Island"
	},
	"AZ": {
		"name": "Aserbäidschan"
	},
	"ET": {
		"name": "Äthiopie"
	},
	"AU": {
		"name": "Auschtraalie"
	},
	"BH": {
		"name": "Bachräin"
	},
	"BS": {
		"name": "Bahaamas"
	},
	"BD": {
		"name": "Bangladesch"
	},
	"BB": {
		"name": "Barbados"
	},
	"BE": {
		"name": "Belgie"
	},
	"BZ": {
		"name": "Belize"
	},
	"BJ": {
		"name": "Benin"
	},
	"BM": {
		"name": "Bermuuda"
	},
	"BT": {
		"name": "Bhutan"
	},
	"BO": {
		"name": "Boliivie"
	},
	"BA": {
		"name": "Bosnie und Herzegowina"
	},
	"BW": {
		"name": "Botswana"
	},
	"BR": {
		"name": "Brasilie"
	},
	"VG": {
		"name": "Britischi Jungfere-Insle"
	},
	"IO": {
		"name": "Britischs Territoorium im Indische Oozean"
	},
	"BN": {
		"name": "Brunäi Tarussalam"
	},
	"BG": {
		"name": "Bulgaarie"
	},
	"BF": {
		"name": "Burkina Faaso"
	},
	"BI": {
		"name": "Burundi"
	},
	"IC": {
		"name": "Canary Islands"
	},
	"BQ": {
		"name": "Caribbean Netherlands"
	},
	"EA": {
		"name": "Ceuta & Melilla"
	},
	"CN": {
		"name": "Chiina"
	},
	"CK": {
		"name": "Cook-Insle"
	},
	"CR": {
		"name": "Coschta Rica"
	},
	"CW": {
		"name": "Curaçao"
	},
	"KP": {
		"name": "Demokraatischi Volksrepublik Koreea"
	},
	"DG": {
		"name": "Diego Garcia"
	},
	"JM": {
		"name": "Dschamäika"
	},
	"JE": {
		"name": "Dschörsi"
	},
	"EC": {
		"name": "Ecuador"
	},
	"EE": {
		"name": "Eestland"
	},
	"SV": {
		"name": "El Salvador"
	},
	"CI": {
		"name": "Elfebäiküschte"
	},
	"FK": {
		"name": "Falkland-Insle"
	},
	"FO": {
		"name": "Färöer"
	},
	"FI": {
		"name": "Finnland"
	},
	"FJ": {
		"name": "Fitschi"
	},
	"FR": {
		"name": "Frankriich"
	},
	"GF": {
		"name": "Französisch-Guäjaana"
	},
	"PF": {
		"name": "Französisch-Polineesie"
	},
	"TF": {
		"name": "Französischi Süüd- und Antarktisgebiet"
	},
	"GH": {
		"name": "Gaana"
	},
	"GG": {
		"name": "Gäärnsi"
	},
	"GA": {
		"name": "Gabun"
	},
	"GM": {
		"name": "Gambia"
	},
	"GE": {
		"name": "Geoorgie"
	},
	"QA": {
		"name": "Ggatar"
	},
	"GI": {
		"name": "Gibraltar"
	},
	"GN": {
		"name": "Gineea"
	},
	"GW": {
		"name": "Gineea-Bissau"
	},
	"GD": {
		"name": "Grenada"
	},
	"GR": {
		"name": "Griecheland"
	},
	"GL": {
		"name": "Gröönland"
	},
	"GP": {
		"name": "Guadälup"
	},
	"GY": {
		"name": "Guäjaana"
	},
	"GU": {
		"name": "Guam"
	},
	"GT": {
		"name": "Guatemaala"
	},
	"HT": {
		"name": "Haiti"
	},
	"NL": {
		"name": "Holland"
	},
	"HN": {
		"name": "Honduras"
	},
	"IS": {
		"name": "Iisland"
	},
	"IN": {
		"name": "Indie"
	},
	"ID": {
		"name": "Indoneesie"
	},
	"IM": {
		"name": "Insle vo Män"
	},
	"IQ": {
		"name": "Iraak"
	},
	"IR": {
		"name": "Iraan"
	},
	"IE": {
		"name": "Irland"
	},
	"IL": {
		"name": "Israel"
	},
	"IT": {
		"name": "Itaalie"
	},
	"JP": {
		"name": "Japan"
	},
	"YE": {
		"name": "Jeeme"
	},
	"JO": {
		"name": "Jordaanie"
	},
	"KY": {
		"name": "Käimän-Insle"
	},
	"KH": {
		"name": "Kambodscha"
	},
	"CM": {
		"name": "Kamerun"
	},
	"CA": {
		"name": "Kanada"
	},
	"CV": {
		"name": "Kap Verde"
	},
	"KZ": {
		"name": "Kasachschtan"
	},
	"KE": {
		"name": "Keenia"
	},
	"KG": {
		"name": "Kirgiisischtan"
	},
	"KI": {
		"name": "Kiribaati"
	},
	"CC": {
		"name": "Kokos-Insle"
	},
	"CO": {
		"name": "Kolumbie"
	},
	"KM": {
		"name": "Komoore"
	},
	"CG": {
		"name": "Kongo"
	},
	"XK": {
		"name": "Kosovo"
	},
	"HR": {
		"name": "Kroaazie"
	},
	"CU": {
		"name": "Kuba"
	},
	"KW": {
		"name": "Kuwäit"
	},
	"LA": {
		"name": "Laaos"
	},
	"LS": {
		"name": "Lesooto"
	},
	"LV": {
		"name": "Lettland"
	},
	"LI": {
		"name": "Liächteschtäi"
	},
	"LB": {
		"name": "Libanon"
	},
	"LR": {
		"name": "Libeeria"
	},
	"LT": {
		"name": "Littaue"
	},
	"LY": {
		"name": "Lüübie"
	},
	"LU": {
		"name": "Luxemburg"
	},
	"ML": {
		"name": "Maali"
	},
	"MG": {
		"name": "Madagaschkar"
	},
	"YT": {
		"name": "Majott"
	},
	"MW": {
		"name": "Malaawi"
	},
	"MY": {
		"name": "Maläisia"
	},
	"MV": {
		"name": "Malediiwe"
	},
	"MT": {
		"name": "Malta"
	},
	"MA": {
		"name": "Marokko"
	},
	"MH": {
		"name": "Marshallinsle"
	},
	"MQ": {
		"name": "Martinigg"
	},
	"MR": {
		"name": "Mauretaanie"
	},
	"MU": {
		"name": "Mauriizius"
	},
	"MK": {
		"name": "Mazedoonie"
	},
	"MX": {
		"name": "Mexiko"
	},
	"FM": {
		"name": "Mikroneesie"
	},
	"MC": {
		"name": "Monaco"
	},
	"MN": {
		"name": "Mongolei"
	},
	"ME": {
		"name": "Monteneegro"
	},
	"MS": {
		"name": "Moosörrat"
	},
	"MZ": {
		"name": "Mosambik"
	},
	"MM": {
		"name": "Myanmar (Burma)"
	},
	"NA": {
		"name": "Namiibia"
	},
	"NR": {
		"name": "Nauru"
	},
	"NP": {
		"name": "Neepal"
	},
	"NI": {
		"name": "Nicaraagua"
	},
	"NG": {
		"name": "Nigeeria"
	},
	"NE": {
		"name": "Niger"
	},
	"NU": {
		"name": "Niue"
	},
	"NC": {
		"name": "Nöikaledoonie"
	},
	"NZ": {
		"name": "Nöiseeland"
	},
	"MP": {
		"name": "Nördlichi Mariaane"
	},
	"NF": {
		"name": "Norfolk-Insle"
	},
	"NO": {
		"name": "Norweege"
	},
	"OM": {
		"name": "Omaan"
	},
	"AT": {
		"name": "Ööschtriich"
	},
	"TL": {
		"name": "Oschttimor"
	},
	"PK": {
		"name": "Pakischtan"
	},
	"PS": {
		"name": "Paläschtinänsischi Gebiet"
	},
	"PW": {
		"name": "Palau"
	},
	"PA": {
		"name": "Panama"
	},
	"PG": {
		"name": "Papua-Neuguinea"
	},
	"PY": {
		"name": "Paraguai"
	},
	"PE": {
		"name": "Peru"
	},
	"PH": {
		"name": "Philippiine"
	},
	"PN": {
		"name": "Pitggäärn"
	},
	"PL": {
		"name": "Poole"
	},
	"PT": {
		"name": "Portugal"
	},
	"PR": {
		"name": "Puerto Riggo"
	},
	"KR": {
		"name": "Republik Koreea"
	},
	"MD": {
		"name": "Republik Moldau"
	},
	"RE": {
		"name": "Reünioon"
	},
	"RW": {
		"name": "Ruanda"
	},
	"RO": {
		"name": "Rumäänie"
	},
	"RU": {
		"name": "Russland"
	},
	"SB": {
		"name": "Salomoone"
	},
	"ZM": {
		"name": "Sambia"
	},
	"WS": {
		"name": "Samooa"
	},
	"SM": {
		"name": "San Mariino"
	},
	"ST": {
		"name": "Sao Tome und Prinssipe"
	},
	"RS": {
		"name": "Särbie"
	},
	"SA": {
		"name": "Saudi-Araabie"
	},
	"ES": {
		"name": "Schpanie"
	},
	"LK": {
		"name": "Schri Lanka"
	},
	"SE": {
		"name": "Schweede"
	},
	"CH": {
		"name": "Schwiiz"
	},
	"SC": {
		"name": "Seischälle"
	},
	"SN": {
		"name": "Senegal"
	},
	"SL": {
		"name": "Sierra Leoone"
	},
	"ZW": {
		"name": "Simbabwe"
	},
	"SG": {
		"name": "Singapuur"
	},
	"SX": {
		"name": "Sint Maarten"
	},
	"SK": {
		"name": "Slowakäi"
	},
	"SI": {
		"name": "Sloweenie"
	},
	"SO": {
		"name": "Somaalie"
	},
	"HK": {
		"name": "Sonderverwaltigszone Hongkong"
	},
	"MO": {
		"name": "Sonderverwaltigszone Macao"
	},
	"SS": {
		"name": "South Sudan"
	},
	"BL": {
		"name": "St. Barthelemi"
	},
	"SH": {
		"name": "St. Helena"
	},
	"KN": {
		"name": "St. Kitts und Niuwis"
	},
	"LC": {
		"name": "St. Lutschiia"
	},
	"MF": {
		"name": "St. Martin"
	},
	"PM": {
		"name": "St. Pierr und Miggelo"
	},
	"VC": {
		"name": "St. Vincent und d’Grönadiine"
	},
	"SD": {
		"name": "Sudan"
	},
	"SR": {
		"name": "Surinam"
	},
	"ZA": {
		"name": "Süüdafrika"
	},
	"GS": {
		"name": "Süüdgeorgie und d’süüdlichi Sändwitsch-Insle"
	},
	"SY": {
		"name": "Süürie"
	},
	"SJ": {
		"name": "Svalbard und Jaan Määie"
	},
	"SZ": {
		"name": "Swasiland"
	},
	"TJ": {
		"name": "Tadschikischtan"
	},
	"TW": {
		"name": "Taiwan"
	},
	"DK": {
		"name": "Tänemark"
	},
	"TZ": {
		"name": "Tansaniia"
	},
	"CD": {
		"name": "Temokraatischi Republik Kongo"
	},
	"TH": {
		"name": "Thailand"
	},
	"TK": {
		"name": "Tokelau"
	},
	"DM": {
		"name": "Tominica"
	},
	"DO": {
		"name": "Tominikaanischi Republik"
	},
	"TO": {
		"name": "Tonga"
	},
	"TG": {
		"name": "Toogo"
	},
	"TC": {
		"name": "Törks- und Gaiggos-Insle"
	},
	"TT": {
		"name": "Trinidad und Tobaago"
	},
	"TA": {
		"name": "Tristan da Cunha"
	},
	"TD": {
		"name": "Tschad"
	},
	"CZ": {
		"name": "Tschechischi Republik"
	},
	"DJ": {
		"name": "Tschibuuti"
	},
	"CL": {
		"name": "Tschile"
	},
	"TN": {
		"name": "Tuneesie"
	},
	"TR": {
		"name": "Türggei"
	},
	"TM": {
		"name": "Turkmeenischtan"
	},
	"DE": {
		"name": "Tüütschland"
	},
	"TV": {
		"name": "Tuvalu"
	},
	"UG": {
		"name": "Uganda"
	},
	"UA": {
		"name": "Ukraiine"
	},
	"HU": {
		"name": "Ungarn"
	},
	"UY": {
		"name": "Uruguay"
	},
	"UZ": {
		"name": "Uschbeekischtan"
	},
	"VA": {
		"name": "Vatikanstadt"
	},
	"VE": {
		"name": "Venezueela"
	},
	"AE": {
		"name": "Veräinigti Arabischi Emirate"
	},
	"US": {
		"name": "Veräinigti Schtaate"
	},
	"GB": {
		"name": "Veräinigts Chönigriich"
	},
	"WF": {
		"name": "Wallis und Futuuna"
	},
	"VU": {
		"name": "Wanuatu"
	},
	"EH": {
		"name": "Weschtsahara"
	},
	"CX": {
		"name": "Wienachts-Insle"
	},
	"VN": {
		"name": "Wietnam"
	},
	"BY": {
		"name": "Wiissrussland"
	},
	"CF": {
		"name": "Zentraalafrikaanischi Republik"
	},
	"CY": {
		"name": "Zypere"
	}
}