{
	"AF": {
		"name": "Afaganistan"
	},
	"ZA": {
		"name": "Afirka Ta Kudu"
	},
	"CI": {
		"name": "Aibari Kwas"
	},
	"IS": {
		"name": "Aisalan"
	},
	"AX": {
		"name": "Åland Islands"
	},
	"AL": {
		"name": "Albaniya"
	},
	"DZ": {
		"name": "Aljeriya"
	},
	"US": {
		"name": "Amurka"
	},
	"AD": {
		"name": "Andora"
	},
	"AI": {
		"name": "Angila"
	},
	"AO": {
		"name": "Angola"
	},
	"AQ": {
		"name": "Antarctica"
	},
	"AG": {
		"name": "Antigwa da Barbuba"
	},
	"AR": {
		"name": "Arjantiniya"
	},
	"AM": {
		"name": "Armeniya"
	},
	"AW": {
		"name": "Aruba"
	},
	"AC": {
		"name": "Ascension Island"
	},
	"IE": {
		"name": "Ayalan"
	},
	"AZ": {
		"name": "Azarbaijan"
	},
	"BS": {
		"name": "Bahamas"
	},
	"BH": {
		"name": "Baharan"
	},
	"BD": {
		"name": "Bangiladas"
	},
	"VU": {
		"name": "Banuwatu"
	},
	"BB": {
		"name": "Barbadas"
	},
	"BM": {
		"name": "Barmuda"
	},
	"BW": {
		"name": "Baswana"
	},
	"VA": {
		"name": "Batikan"
	},
	"BY": {
		"name": "Belarus"
	},
	"BE": {
		"name": "Belgiyom"
	},
	"BZ": {
		"name": "Beliz"
	},
	"VE": {
		"name": "Benezuwela"
	},
	"BJ": {
		"name": "Binin"
	},
	"BR": {
		"name": "Birazil"
	},
	"GB": {
		"name": "Birtaniya"
	},
	"VN": {
		"name": "Biyetinam"
	},
	"BO": {
		"name": "Bolibiya"
	},
	"BA": {
		"name": "Bosniya Harzagobina"
	},
	"BG": {
		"name": "Bulgariya"
	},
	"BF": {
		"name": "Burkina Faso"
	},
	"MM": {
		"name": "Burma, Miyamar"
	},
	"BI": {
		"name": "Burundi"
	},
	"BN": {
		"name": "Burune"
	},
	"BT": {
		"name": "Butan"
	},
	"TD": {
		"name": "Cadi"
	},
	"CN": {
		"name": "Caina, Sin"
	},
	"IC": {
		"name": "Canary Islands"
	},
	"BQ": {
		"name": "Caribbean Netherlands"
	},
	"CL": {
		"name": "Cayile"
	},
	"EA": {
		"name": "Ceuta & Melilla"
	},
	"CX": {
		"name": "Christmas Island"
	},
	"CC": {
		"name": "Cocos (Keeling) Islands"
	},
	"CW": {
		"name": "Curaçao"
	},
	"DK": {
		"name": "Danmark"
	},
	"DG": {
		"name": "Diego Garcia"
	},
	"DM": {
		"name": "Dominika"
	},
	"EC": {
		"name": "Ekwador"
	},
	"SV": {
		"name": "El Salbador"
	},
	"ER": {
		"name": "Eritireya"
	},
	"EE": {
		"name": "Estoniya"
	},
	"FR": {
		"name": "Faransa"
	},
	"FO": {
		"name": "Faroe Islands"
	},
	"FJ": {
		"name": "Fiji"
	},
	"PH": {
		"name": "Filipin"
	},
	"FI": {
		"name": "Finlan"
	},
	"PF": {
		"name": "Folinesiya Ta Faransa"
	},
	"TF": {
		"name": "French Southern Territories"
	},
	"GA": {
		"name": "Gabon"
	},
	"GM": {
		"name": "Gambiya"
	},
	"GH": {
		"name": "Gana"
	},
	"GN": {
		"name": "Gini"
	},
	"GW": {
		"name": "Gini Bisau"
	},
	"GF": {
		"name": "Gini Ta Faransa"
	},
	"GQ": {
		"name": "Gini Ta Ikwaita"
	},
	"GR": {
		"name": "Girka"
	},
	"GD": {
		"name": "Girnada"
	},
	"GL": {
		"name": "Grinlan"
	},
	"GG": {
		"name": "Guernsey"
	},
	"GY": {
		"name": "Guyana"
	},
	"GP": {
		"name": "Gwadaluf"
	},
	"GU": {
		"name": "Gwam"
	},
	"GT": {
		"name": "Gwatamala"
	},
	"ET": {
		"name": "Habasha"
	},
	"AE": {
		"name": "Haɗaɗɗiyar Daular Larabawa"
	},
	"HT": {
		"name": "Haiti"
	},
	"NL": {
		"name": "Holan"
	},
	"HN": {
		"name": "Honduras"
	},
	"HK": {
		"name": "Hong Kong SAR China"
	},
	"HU": {
		"name": "Hungari"
	},
	"IN": {
		"name": "Indiya"
	},
	"ID": {
		"name": "Indunusiya"
	},
	"IQ": {
		"name": "Iraƙi"
	},
	"IR": {
		"name": "Iran"
	},
	"IM": {
		"name": "Isle of Man"
	},
	"IT": {
		"name": "Italiya"
	},
	"IL": {
		"name": "Iziraʼila"
	},
	"JM": {
		"name": "Jamaika"
	},
	"CF": {
		"name": "Jamhuriyar Afirka Ta Tsakiya"
	},
	"CZ": {
		"name": "Jamhuriyar Cak"
	},
	"CD": {
		"name": "Jamhuriyar Dimokuraɗiyyar Kongo"
	},
	"DO": {
		"name": "Jamhuriyar Dominika"
	},
	"DE": {
		"name": "Jamus"
	},
	"JP": {
		"name": "Japan"
	},
	"JE": {
		"name": "Jersey"
	},
	"GI": {
		"name": "Jibaraltar"
	},
	"DJ": {
		"name": "Jibuti"
	},
	"GE": {
		"name": "Jiwarjiya"
	},
	"JO": {
		"name": "Jordan"
	},
	"NC": {
		"name": "Kaledoniya Sabuwa"
	},
	"CM": {
		"name": "Kamaru"
	},
	"KH": {
		"name": "Kambodiya"
	},
	"CA": {
		"name": "Kanada"
	},
	"KZ": {
		"name": "Kazakistan"
	},
	"KE": {
		"name": "Kenya"
	},
	"KG": {
		"name": "Kirgizistan"
	},
	"KI": {
		"name": "Kiribati"
	},
	"CO": {
		"name": "Kolambiya"
	},
	"CG": {
		"name": "Kongo"
	},
	"KP": {
		"name": "Koreya Ta Arewa"
	},
	"KR": {
		"name": "Koreya Ta Kudu"
	},
	"XK": {
		"name": "Kosovo"
	},
	"HR": {
		"name": "Kurowaishiya"
	},
	"KM": {
		"name": "Kwamoras"
	},
	"CR": {
		"name": "Kwasta Rika"
	},
	"QA": {
		"name": "Kwatar"
	},
	"KW": {
		"name": "Kwiyat"
	},
	"CU": {
		"name": "Kyuba"
	},
	"SA": {
		"name": "Ƙasar Makka"
	},
	"LB": {
		"name": "Labanan"
	},
	"LR": {
		"name": "Laberiya"
	},
	"LV": {
		"name": "latibiya"
	},
	"LA": {
		"name": "Lawas"
	},
	"LS": {
		"name": "Lesoto"
	},
	"LY": {
		"name": "Libiya"
	},
	"LI": {
		"name": "Licansitan"
	},
	"LT": {
		"name": "Lituweniya"
	},
	"LU": {
		"name": "Lukusambur"
	},
	"MO": {
		"name": "Macau SAR China"
	},
	"MG": {
		"name": "Madagaskar"
	},
	"MX": {
		"name": "Makasiko"
	},
	"MY": {
		"name": "Malaisiya"
	},
	"MW": {
		"name": "Malawi"
	},
	"MV": {
		"name": "Maldibi"
	},
	"MD": {
		"name": "Maldoba"
	},
	"ML": {
		"name": "Mali"
	},
	"MT": {
		"name": "Malta"
	},
	"MN": {
		"name": "Mangoliya"
	},
	"MS": {
		"name": "Manserati"
	},
	"MA": {
		"name": "Maroko"
	},
	"MQ": {
		"name": "Martinik"
	},
	"EG": {
		"name": "Masar, Misira"
	},
	"MK": {
		"name": "Masedoniya"
	},
	"YT": {
		"name": "Mayoti"
	},
	"FM": {
		"name": "Mikuronesiya"
	},
	"MC": {
		"name": "Monako"
	},
	"ME": {
		"name": "Montenegro"
	},
	"MR": {
		"name": "Moritaniya"
	},
	"MU": {
		"name": "Moritus"
	},
	"MZ": {
		"name": "Mozambik"
	},
	"NG": {
		"name": "Najeriya"
	},
	"NA": {
		"name": "Namibiya"
	},
	"NR": {
		"name": "Nauru"
	},
	"NP": {
		"name": "Nefal"
	},
	"NE": {
		"name": "Nijar"
	},
	"NI": {
		"name": "Nikaraguwa"
	},
	"NU": {
		"name": "Niyu"
	},
	"NO": {
		"name": "Norwe"
	},
	"NZ": {
		"name": "Nuzilan"
	},
	"OM": {
		"name": "Oman"
	},
	"AU": {
		"name": "Ostareliya"
	},
	"AT": {
		"name": "Ostiriya"
	},
	"PK": {
		"name": "Pakistan"
	},
	"PS": {
		"name": "Palasɗinu"
	},
	"PW": {
		"name": "Palau"
	},
	"PA": {
		"name": "Panama"
	},
	"PG": {
		"name": "Papuwa Nugini"
	},
	"PY": {
		"name": "Paragai"
	},
	"PE": {
		"name": "Peru"
	},
	"PN": {
		"name": "Pitakarin"
	},
	"PL": {
		"name": "Polan"
	},
	"PR": {
		"name": "Porto Riko"
	},
	"PT": {
		"name": "Portugal"
	},
	"RU": {
		"name": "Rasha"
	},
	"RE": {
		"name": "Rawuniyan"
	},
	"RO": {
		"name": "Romaniya"
	},
	"RW": {
		"name": "Ruwanda"
	},
	"SC": {
		"name": "Saishal"
	},
	"SL": {
		"name": "Salewo"
	},
	"WS": {
		"name": "Samowa"
	},
	"AS": {
		"name": "Samowa Ta Amurka"
	},
	"VC": {
		"name": "San Binsan Da Girnadin"
	},
	"SH": {
		"name": "San Helena"
	},
	"KN": {
		"name": "San Kiti Da Nebis"
	},
	"LC": {
		"name": "San Lusiya"
	},
	"SM": {
		"name": "San Marino"
	},
	"PM": {
		"name": "San Piyar Da Mikelan"
	},
	"ST": {
		"name": "Sawo Tome Da Paransip"
	},
	"RS": {
		"name": "Serbia"
	},
	"CY": {
		"name": "Sifurus"
	},
	"SG": {
		"name": "Singapur"
	},
	"SN": {
		"name": "Sinigal"
	},
	"SX": {
		"name": "Sint Maarten"
	},
	"ES": {
		"name": "Sipen"
	},
	"LK": {
		"name": "Siri Lanka"
	},
	"SO": {
		"name": "Somaliya"
	},
	"GS": {
		"name": "South Georgia & South Sandwich Islands"
	},
	"SS": {
		"name": "South Sudan"
	},
	"BL": {
		"name": "St. Barthélemy"
	},
	"MF": {
		"name": "St. Martin"
	},
	"SD": {
		"name": "Sudan"
	},
	"SK": {
		"name": "Sulobakiya"
	},
	"SI": {
		"name": "Sulobeniya"
	},
	"SR": {
		"name": "Suriname"
	},
	"SZ": {
		"name": "Suwazilan"
	},
	"SE": {
		"name": "Suwedan"
	},
	"CH": {
		"name": "Suwizalan"
	},
	"SJ": {
		"name": "Svalbard & Jan Mayen"
	},
	"SY": {
		"name": "Sham, Siriya"
	},
	"TH": {
		"name": "Tailan"
	},
	"TW": {
		"name": "Taiwan"
	},
	"TJ": {
		"name": "Tajikistan"
	},
	"TK": {
		"name": "Takelau"
	},
	"TO": {
		"name": "Tanga"
	},
	"TZ": {
		"name": "Tanzaniya"
	},
	"TL": {
		"name": "Timor Ta Gabas"
	},
	"TT": {
		"name": "Tirinidad Da Tobago"
	},
	"TG": {
		"name": "Togo"
	},
	"TA": {
		"name": "Tristan da Cunha"
	},
	"TV": {
		"name": "Tubalu"
	},
	"TN": {
		"name": "Tunisiya"
	},
	"TC": {
		"name": "Turkis Da Tsibiran Kaikwas"
	},
	"TR": {
		"name": "Turkiyya"
	},
	"TM": {
		"name": "Turkumenistan"
	},
	"VI": {
		"name": "Tsibiran Birjin Ta Amurka"
	},
	"FK": {
		"name": "Tsibiran Falkilan"
	},
	"KY": {
		"name": "Tsibiran Kaiman"
	},
	"CV": {
		"name": "Tsibiran Kap Barde"
	},
	"CK": {
		"name": "Tsibiran Kuku"
	},
	"MP": {
		"name": "Tsibiran Mariyana Na Arewa"
	},
	"MH": {
		"name": "Tsibiran Marshal"
	},
	"SB": {
		"name": "Tsibiran Salaman"
	},
	"VG": {
		"name": "Tsibirin Birjin Na Birtaniya"
	},
	"NF": {
		"name": "Tsibirin Narfalk"
	},
	"UM": {
		"name": "U.S. Outlying Islands"
	},
	"UZ": {
		"name": "Uzubekistan"
	},
	"WF": {
		"name": "Walis Da Futuna"
	},
	"EH": {
		"name": "Western Sahara"
	},
	"YE": {
		"name": "Yamal"
	},
	"IO": {
		"name": "Yankin Birtaniya Na Tekun Indiya"
	},
	"UG": {
		"name": "Yuganda"
	},
	"UA": {
		"name": "Yukaran"
	},
	"UY": {
		"name": "Yurugai"
	},
	"ZM": {
		"name": "Zambiya"
	},
	"ZW": {
		"name": "Zimbabuwe"
	}
}