{
	"AF": {
		"name": "Afganistan"
	},
	"AX": {
		"name": "Ålandski otoci"
	},
	"AL": {
		"name": "Albanija"
	},
	"DZ": {
		"name": "Alžir"
	},
	"AS": {
		"name": "Američka Samoa"
	},
	"VI": {
		"name": "Američki Djevičanski otoci"
	},
	"AD": {
		"name": "Andora"
	},
	"AO": {
		"name": "Angola"
	},
	"AI": {
		"name": "Angvila"
	},
	"AQ": {
		"name": "Antarktika"
	},
	"AG": {
		"name": "Antigva i Barbuda"
	},
	"AR": {
		"name": "Argentina"
	},
	"AM": {
		"name": "Armenija"
	},
	"AW": {
		"name": "Aruba"
	},
	"AU": {
		"name": "Australija"
	},
	"AT": {
		"name": "Austrija"
	},
	"AZ": {
		"name": "Azerbajdžan"
	},
	"BS": {
		"name": "Bahami"
	},
	"BH": {
		"name": "Bahrein"
	},
	"BD": {
		"name": "Bangladeš"
	},
	"BB": {
		"name": "Barbados"
	},
	"BE": {
		"name": "Belgija"
	},
	"BZ": {
		"name": "Belize"
	},
	"BJ": {
		"name": "Benin"
	},
	"BM": {
		"name": "Bermudi"
	},
	"BY": {
		"name": "Bjelorusija"
	},
	"BW": {
		"name": "Bocvana"
	},
	"BO": {
		"name": "Bolivija"
	},
	"BA": {
		"name": "Bosna i Hercegovina"
	},
	"CX": {
		"name": "Božićni otok"
	},
	"BR": {
		"name": "Brazil"
	},
	"VG": {
		"name": "Britanski Djevičanski otoci"
	},
	"IO": {
		"name": "Britanski Indijskooceanski teritorij"
	},
	"BN": {
		"name": "Brunej"
	},
	"BG": {
		"name": "Bugarska"
	},
	"BF": {
		"name": "Burkina Faso"
	},
	"BI": {
		"name": "Burundi"
	},
	"BT": {
		"name": "Butan"
	},
	"EA": {
		"name": "Ceuta i Melilla"
	},
	"CY": {
		"name": "Cipar"
	},
	"CK": {
		"name": "Cookovi Otoci"
	},
	"ME": {
		"name": "Crna Gora"
	},
	"CW": {
		"name": "Curaçao"
	},
	"TD": {
		"name": "Čad"
	},
	"CZ": {
		"name": "Češka Republika"
	},
	"CL": {
		"name": "Čile"
	},
	"DK": {
		"name": "Danska"
	},
	"DG": {
		"name": "Diego Garcia"
	},
	"DM": {
		"name": "Dominika"
	},
	"DO": {
		"name": "Dominikanska Republika"
	},
	"DJ": {
		"name": "Džibuti"
	},
	"EG": {
		"name": "Egipat"
	},
	"EC": {
		"name": "Ekvador"
	},
	"GQ": {
		"name": "Ekvatorska Gvineja"
	},
	"ER": {
		"name": "Eritreja"
	},
	"EE": {
		"name": "Estonija"
	},
	"ET": {
		"name": "Etiopija"
	},
	"FK": {
		"name": "Falklandski otoci"
	},
	"FO": {
		"name": "Farski otoci"
	},
	"FJ": {
		"name": "Fidži"
	},
	"PH": {
		"name": "Filipini"
	},
	"FI": {
		"name": "Finska"
	},
	"FR": {
		"name": "Francuska"
	},
	"GF": {
		"name": "Francuska Gijana"
	},
	"PF": {
		"name": "Francuska Polinezija"
	},
	"TF": {
		"name": "Francuski južni i antarktički teritoriji"
	},
	"GA": {
		"name": "Gabon"
	},
	"GM": {
		"name": "Gambija"
	},
	"GH": {
		"name": "Gana"
	},
	"GI": {
		"name": "Gibraltar"
	},
	"GR": {
		"name": "Grčka"
	},
	"GD": {
		"name": "Grenada"
	},
	"GL": {
		"name": "Grenland"
	},
	"GE": {
		"name": "Gruzija"
	},
	"GP": {
		"name": "Guadalupe"
	},
	"GU": {
		"name": "Guam"
	},
	"GG": {
		"name": "Guernsey"
	},
	"GY": {
		"name": "Gvajana"
	},
	"GT": {
		"name": "Gvatemala"
	},
	"GN": {
		"name": "Gvineja"
	},
	"GW": {
		"name": "Gvineja Bisau"
	},
	"HT": {
		"name": "Haiti"
	},
	"HN": {
		"name": "Honduras"
	},
	"HR": {
		"name": "Hrvatska"
	},
	"IN": {
		"name": "Indija"
	},
	"ID": {
		"name": "Indonezija"
	},
	"IQ": {
		"name": "Irak"
	},
	"IR": {
		"name": "Iran"
	},
	"IE": {
		"name": "Irska"
	},
	"IS": {
		"name": "Island"
	},
	"IT": {
		"name": "Italija"
	},
	"IL": {
		"name": "Izrael"
	},
	"JM": {
		"name": "Jamajka"
	},
	"JP": {
		"name": "Japan"
	},
	"YE": {
		"name": "Jemen"
	},
	"JE": {
		"name": "Jersey"
	},
	"JO": {
		"name": "Jordan"
	},
	"GS": {
		"name": "Južna Georgija i Južni Sendvički Otoci"
	},
	"KR": {
		"name": "Južna Koreja"
	},
	"SS": {
		"name": "Južni Sudan"
	},
	"ZA": {
		"name": "Južnoafrička Republika"
	},
	"KY": {
		"name": "Kajmanski otoci"
	},
	"KH": {
		"name": "Kambodža"
	},
	"CM": {
		"name": "Kamerun"
	},
	"CA": {
		"name": "Kanada"
	},
	"IC": {
		"name": "Kanarski otoci"
	},
	"BQ": {
		"name": "Karipski otoci Nizozemske"
	},
	"QA": {
		"name": "Katar"
	},
	"KZ": {
		"name": "Kazahstan"
	},
	"KE": {
		"name": "Kenija"
	},
	"CN": {
		"name": "Kina"
	},
	"KG": {
		"name": "Kirgistan"
	},
	"KI": {
		"name": "Kiribati"
	},
	"CC": {
		"name": "Kokosovi (Keelingovi) otoci"
	},
	"CO": {
		"name": "Kolumbija"
	},
	"KM": {
		"name": "Komori"
	},
	"CG": {
		"name": "Kongo - Brazzaville"
	},
	"CD": {
		"name": "Kongo - Kinshasa"
	},
	"XK": {
		"name": "Kosovo"
	},
	"CR": {
		"name": "Kostarika"
	},
	"CU": {
		"name": "Kuba"
	},
	"KW": {
		"name": "Kuvajt"
	},
	"LA": {
		"name": "Laos"
	},
	"LV": {
		"name": "Latvija"
	},
	"LS": {
		"name": "Lesoto"
	},
	"LB": {
		"name": "Libanon"
	},
	"LR": {
		"name": "Liberija"
	},
	"LY": {
		"name": "Libija"
	},
	"LI": {
		"name": "Lihtenštajn"
	},
	"LT": {
		"name": "Litva"
	},
	"LU": {
		"name": "Luksemburg"
	},
	"MG": {
		"name": "Madagaskar"
	},
	"HU": {
		"name": "Mađarska"
	},
	"MK": {
		"name": "Makedonija"
	},
	"MW": {
		"name": "Malavi"
	},
	"MV": {
		"name": "Maldivi"
	},
	"MY": {
		"name": "Malezija"
	},
	"ML": {
		"name": "Mali"
	},
	"UM": {
		"name": "Mali udaljeni otoci SAD-a"
	},
	"MT": {
		"name": "Malta"
	},
	"MA": {
		"name": "Maroko"
	},
	"MH": {
		"name": "Maršalovi Otoci"
	},
	"MQ": {
		"name": "Martinique"
	},
	"MR": {
		"name": "Mauretanija"
	},
	"MU": {
		"name": "Mauricijus"
	},
	"YT": {
		"name": "Mayotte"
	},
	"MX": {
		"name": "Meksiko"
	},
	"FM": {
		"name": "Mikronezija"
	},
	"MM": {
		"name": "Mjanmar (Burma)"
	},
	"MD": {
		"name": "Moldavija"
	},
	"MC": {
		"name": "Monako"
	},
	"MN": {
		"name": "Mongolija"
	},
	"MS": {
		"name": "Montserrat"
	},
	"MZ": {
		"name": "Mozambik"
	},
	"NA": {
		"name": "Namibija"
	},
	"NR": {
		"name": "Nauru"
	},
	"NP": {
		"name": "Nepal"
	},
	"NE": {
		"name": "Niger"
	},
	"NG": {
		"name": "Nigerija"
	},
	"NI": {
		"name": "Nikaragva"
	},
	"NU": {
		"name": "Niue"
	},
	"NL": {
		"name": "Nizozemska"
	},
	"NO": {
		"name": "Norveška"
	},
	"NC": {
		"name": "Nova Kaledonija"
	},
	"NZ": {
		"name": "Novi Zeland"
	},
	"DE": {
		"name": "Njemačka"
	},
	"CI": {
		"name": "Obala Bjelokosti"
	},
	"OM": {
		"name": "Oman"
	},
	"PN": {
		"name": "Otoci Pitcairn"
	},
	"TC": {
		"name": "Otoci Turks i Caicos"
	},
	"AC": {
		"name": "Otok Ascension"
	},
	"IM": {
		"name": "Otok Man"
	},
	"NF": {
		"name": "Otok Norfolk"
	},
	"PK": {
		"name": "Pakistan"
	},
	"PW": {
		"name": "Palau"
	},
	"PS": {
		"name": "Palestinsko Područje"
	},
	"PA": {
		"name": "Panama"
	},
	"PG": {
		"name": "Papua Nova Gvineja"
	},
	"PY": {
		"name": "Paragvaj"
	},
	"PE": {
		"name": "Peru"
	},
	"PL": {
		"name": "Poljska"
	},
	"PR": {
		"name": "Portoriko"
	},
	"PT": {
		"name": "Portugal"
	},
	"HK": {
		"name": "PUP Hong Kong Kina"
	},
	"MO": {
		"name": "PUP Makao Kina"
	},
	"RE": {
		"name": "Réunion"
	},
	"RW": {
		"name": "Ruanda"
	},
	"RO": {
		"name": "Rumunjska"
	},
	"RU": {
		"name": "Rusija"
	},
	"BL": {
		"name": "Saint Barthélemy"
	},
	"MF": {
		"name": "Saint Martin"
	},
	"PM": {
		"name": "Saint-Pierre-et-Miquelon"
	},
	"SB": {
		"name": "Salomonski Otoci"
	},
	"SV": {
		"name": "Salvador"
	},
	"WS": {
		"name": "Samoa"
	},
	"SM": {
		"name": "San Marino"
	},
	"SA": {
		"name": "Saudijska Arabija"
	},
	"SC": {
		"name": "Sejšeli"
	},
	"SN": {
		"name": "Senegal"
	},
	"SL": {
		"name": "Sijera Leone"
	},
	"SG": {
		"name": "Singapur"
	},
	"SX": {
		"name": "Sint Maarten"
	},
	"SY": {
		"name": "Sirija"
	},
	"US": {
		"name": "Sjedinjene Američke Države"
	},
	"KP": {
		"name": "Sjeverna Koreja"
	},
	"MP": {
		"name": "Sjevernomarijanski otoci"
	},
	"SK": {
		"name": "Slovačka"
	},
	"SI": {
		"name": "Slovenija"
	},
	"SO": {
		"name": "Somalija"
	},
	"RS": {
		"name": "Srbija"
	},
	"CF": {
		"name": "Srednjoafrička Republika"
	},
	"SD": {
		"name": "Sudan"
	},
	"SR": {
		"name": "Surinam"
	},
	"SJ": {
		"name": "Svalbard i Jan Mayen"
	},
	"SZ": {
		"name": "Svazi"
	},
	"SH": {
		"name": "Sveta Helena"
	},
	"LC": {
		"name": "Sveta Lucija"
	},
	"KN": {
		"name": "Sveti Kristofor i Nevis"
	},
	"ST": {
		"name": "Sveti Toma i Princip"
	},
	"VC": {
		"name": "Sveti Vincent i Grenadini"
	},
	"ES": {
		"name": "Španjolska"
	},
	"LK": {
		"name": "Šri Lanka"
	},
	"SE": {
		"name": "Švedska"
	},
	"CH": {
		"name": "Švicarska"
	},
	"TJ": {
		"name": "Tadžikistan"
	},
	"TH": {
		"name": "Tajland"
	},
	"TW": {
		"name": "Tajvan"
	},
	"TZ": {
		"name": "Tanzanija"
	},
	"TL": {
		"name": "Timor-Leste"
	},
	"TG": {
		"name": "Togo"
	},
	"TK": {
		"name": "Tokelau"
	},
	"TO": {
		"name": "Tonga"
	},
	"TT": {
		"name": "Trinidad i Tobago"
	},
	"TA": {
		"name": "Tristan da Cunha"
	},
	"TN": {
		"name": "Tunis"
	},
	"TM": {
		"name": "Turkmenistan"
	},
	"TR": {
		"name": "Turska"
	},
	"TV": {
		"name": "Tuvalu"
	},
	"UG": {
		"name": "Uganda"
	},
	"AE": {
		"name": "Ujedinjeni Arapski Emirati"
	},
	"GB": {
		"name": "Ujedinjeno Kraljevstvo"
	},
	"UA": {
		"name": "Ukrajina"
	},
	"UY": {
		"name": "Urugvaj"
	},
	"UZ": {
		"name": "Uzbekistan"
	},
	"VU": {
		"name": "Vanuatu"
	},
	"VA": {
		"name": "Vatikanski Grad"
	},
	"VE": {
		"name": "Venezuela"
	},
	"VN": {
		"name": "Vijetnam"
	},
	"WF": {
		"name": "Wallis i Futuna"
	},
	"ZM": {
		"name": "Zambija"
	},
	"EH": {
		"name": "Zapadna Sahara"
	},
	"CV": {
		"name": "Zelenortska Republika"
	},
	"ZW": {
		"name": "Zimbabve"
	}
}