{
	"AF": {
		"name": "Afghanistan"
	},
	"AR": {
		"name": "Ajɛntîn"
	},
	"AX": {
		"name": "Åland Islands"
	},
	"AL": {
		"name": "Albania"
	},
	"DZ": {
		"name": "Aljɛlî"
	},
	"AS": {
		"name": "American Samoa"
	},
	"IN": {
		"name": "Ándɛ"
	},
	"AD": {
		"name": "Andorra"
	},
	"AI": {
		"name": "Anguilla"
	},
	"AQ": {
		"name": "Antarctica"
	},
	"AG": {
		"name": "Antigua & Barbuda"
	},
	"AO": {
		"name": "Aŋgɔ́la"
	},
	"AM": {
		"name": "Armenia"
	},
	"AW": {
		"name": "Aruba"
	},
	"AC": {
		"name": "Ascension Island"
	},
	"AU": {
		"name": "Australia"
	},
	"AT": {
		"name": "Austria"
	},
	"AZ": {
		"name": "Azerbaijan"
	},
	"BS": {
		"name": "Bahamas"
	},
	"BH": {
		"name": "Bahrain"
	},
	"BD": {
		"name": "Bangladesh"
	},
	"BB": {
		"name": "Barbados"
	},
	"BY": {
		"name": "Belarus"
	},
	"BE": {
		"name": "Belgium"
	},
	"BZ": {
		"name": "Belize"
	},
	"BM": {
		"name": "Bermuda"
	},
	"BT": {
		"name": "Bhutan"
	},
	"BA": {
		"name": "Bosnia & Herzegovina"
	},
	"IO": {
		"name": "British Indian Ocean Territory"
	},
	"VG": {
		"name": "British Virgin Islands"
	},
	"BN": {
		"name": "Brunei"
	},
	"BG": {
		"name": "Bulgaria"
	},
	"KH": {
		"name": "Cambodia"
	},
	"IC": {
		"name": "Canary Islands"
	},
	"CV": {
		"name": "Cape Verde"
	},
	"BQ": {
		"name": "Caribbean Netherlands"
	},
	"TD": {
		"name": "Cât"
	},
	"KY": {
		"name": "Cayman Islands"
	},
	"CF": {
		"name": "Central African Republic"
	},
	"EA": {
		"name": "Ceuta & Melilla"
	},
	"CX": {
		"name": "Christmas Island"
	},
	"CL": {
		"name": "Cíllɛ"
	},
	"CC": {
		"name": "Cocos (Keeling) Islands"
	},
	"CK": {
		"name": "Cook Islands"
	},
	"CR": {
		"name": "Costa Rica"
	},
	"HR": {
		"name": "Croatia"
	},
	"CW": {
		"name": "Curaçao"
	},
	"CY": {
		"name": "Cyprus"
	},
	"CZ": {
		"name": "Czech Republic"
	},
	"DK": {
		"name": "Denmark"
	},
	"DG": {
		"name": "Diego Garcia"
	},
	"DM": {
		"name": "Dominica"
	},
	"DO": {
		"name": "Dominican Republic"
	},
	"SV": {
		"name": "El Salvador"
	},
	"EE": {
		"name": "Estonia"
	},
	"EG": {
		"name": "Ɛjíptɛ"
	},
	"EC": {
		"name": "Ɛkwandɔ̂"
	},
	"ER": {
		"name": "Ɛlitɛlɛ́ya"
	},
	"ES": {
		"name": "Ɛspániya"
	},
	"ET": {
		"name": "Ɛtiyɔpî"
	},
	"FK": {
		"name": "Falkland Islands"
	},
	"FO": {
		"name": "Faroe Islands"
	},
	"FR": {
		"name": "Fɛlánci"
	},
	"FJ": {
		"name": "Fiji"
	},
	"FI": {
		"name": "Finland"
	},
	"GF": {
		"name": "French Guiana"
	},
	"PF": {
		"name": "French Polynesia"
	},
	"TF": {
		"name": "French Southern Territories"
	},
	"GE": {
		"name": "Georgia"
	},
	"GI": {
		"name": "Gibraltar"
	},
	"GL": {
		"name": "Greenland"
	},
	"GD": {
		"name": "Grenada"
	},
	"GP": {
		"name": "Guadeloupe"
	},
	"GU": {
		"name": "Guam"
	},
	"GT": {
		"name": "Guatemala"
	},
	"GG": {
		"name": "Guernsey"
	},
	"GY": {
		"name": "Guyana"
	},
	"HT": {
		"name": "Haiti"
	},
	"HN": {
		"name": "Honduras"
	},
	"HK": {
		"name": "Hong Kong SAR China"
	},
	"HU": {
		"name": "Hungary"
	},
	"IS": {
		"name": "Iceland"
	},
	"IQ": {
		"name": "Ilâk"
	},
	"ID": {
		"name": "Indonesia"
	},
	"IR": {
		"name": "Iran"
	},
	"IE": {
		"name": "Ireland"
	},
	"IL": {
		"name": "Islayɛ̂l"
	},
	"IM": {
		"name": "Isle of Man"
	},
	"IT": {
		"name": "Italî"
	},
	"JM": {
		"name": "Jamaica"
	},
	"JP": {
		"name": "Japɔ̂n"
	},
	"JE": {
		"name": "Jersey"
	},
	"JO": {
		"name": "Jordan"
	},
	"CM": {
		"name": "Kamɛlûn"
	},
	"CA": {
		"name": "Kanadâ"
	},
	"KZ": {
		"name": "Kazakhstan"
	},
	"KE": {
		"name": "Kɛ́nya"
	},
	"KI": {
		"name": "Kiribati"
	},
	"XK": {
		"name": "Kosovo"
	},
	"CO": {
		"name": "Kɔllɔmbî"
	},
	"KM": {
		"name": "Kɔmɔ́lɔshi"
	},
	"CD": {
		"name": "Kɔ́ŋgɔ-Kinshása"
	},
	"CG": {
		"name": "Kɔ́ŋgɔ-Mbɛlazavîl"
	},
	"CI": {
		"name": "Kɔ́t Ndivwâ"
	},
	"CU": {
		"name": "Kúba"
	},
	"KW": {
		"name": "Kuwait"
	},
	"KG": {
		"name": "Kyrgyzstan"
	},
	"LA": {
		"name": "Laos"
	},
	"LV": {
		"name": "Latvia"
	},
	"LB": {
		"name": "Lebanon"
	},
	"LS": {
		"name": "Lɛsɔ́tɔ"
	},
	"RE": {
		"name": "Lɛ́uniyɔ̂n"
	},
	"LR": {
		"name": "Libɛrî"
	},
	"LY": {
		"name": "Libî"
	},
	"LI": {
		"name": "Liechtenstein"
	},
	"LT": {
		"name": "Lithuania"
	},
	"RU": {
		"name": "Lusî"
	},
	"RW": {
		"name": "Luwánda"
	},
	"LU": {
		"name": "Luxembourg"
	},
	"MO": {
		"name": "Macau SAR China"
	},
	"MK": {
		"name": "Macedonia"
	},
	"MW": {
		"name": "Maláwi"
	},
	"MY": {
		"name": "Malaysia"
	},
	"MV": {
		"name": "Maldives"
	},
	"ML": {
		"name": "Malî"
	},
	"MT": {
		"name": "Malta"
	},
	"MG": {
		"name": "Mándaŋgasɛkâ"
	},
	"MH": {
		"name": "Marshall Islands"
	},
	"MQ": {
		"name": "Martinique"
	},
	"MU": {
		"name": "Mauritius"
	},
	"YT": {
		"name": "Mayɔ̂t"
	},
	"BR": {
		"name": "Mbɛlazîl"
	},
	"BJ": {
		"name": "Mbɛnɛ̂ŋ"
	},
	"BO": {
		"name": "Mbɔlivî"
	},
	"BW": {
		"name": "Mbɔtswána"
	},
	"BF": {
		"name": "Mbulukína Fásɔ"
	},
	"BI": {
		"name": "Mbulundí"
	},
	"MX": {
		"name": "Mɛksîk"
	},
	"FM": {
		"name": "Micronesia"
	},
	"MD": {
		"name": "Moldova"
	},
	"MC": {
		"name": "Monaco"
	},
	"MN": {
		"name": "Mongolia"
	},
	"ME": {
		"name": "Montenegro"
	},
	"MS": {
		"name": "Montserrat"
	},
	"MR": {
		"name": "Mɔlitanî"
	},
	"MA": {
		"name": "Mɔlɔ̂k"
	},
	"MZ": {
		"name": "Mɔzambîk"
	},
	"MM": {
		"name": "Myanmar (Burma)"
	},
	"NA": {
		"name": "Namimbî"
	},
	"NR": {
		"name": "Nauru"
	},
	"NP": {
		"name": "Nepal"
	},
	"NL": {
		"name": "Netherlands"
	},
	"NC": {
		"name": "New Caledonia"
	},
	"NZ": {
		"name": "New Zealand"
	},
	"NI": {
		"name": "Nicaragua"
	},
	"NE": {
		"name": "Nijɛ̂"
	},
	"NG": {
		"name": "Ninjɛliyâ"
	},
	"NU": {
		"name": "Niue"
	},
	"DE": {
		"name": "Njáman"
	},
	"DJ": {
		"name": "Njimbúti"
	},
	"NF": {
		"name": "Norfolk Island"
	},
	"KP": {
		"name": "North Korea"
	},
	"MP": {
		"name": "Northern Mariana Islands"
	},
	"NO": {
		"name": "Nɔlɛvɛ́jɛ"
	},
	"GA": {
		"name": "Ŋgabɔ̂ŋ"
	},
	"GM": {
		"name": "Ŋgambî"
	},
	"GH": {
		"name": "Ŋgána"
	},
	"GR": {
		"name": "Ŋgɛlɛ̂k"
	},
	"GN": {
		"name": "Ŋginɛ̂"
	},
	"GQ": {
		"name": "Ŋginɛ̂ Ɛkwatɔliyâl"
	},
	"GW": {
		"name": "Ŋginɛ̂ Mbisáwu"
	},
	"OM": {
		"name": "Oman"
	},
	"PK": {
		"name": "Pakistan"
	},
	"PW": {
		"name": "Palau"
	},
	"PS": {
		"name": "Palestinian Territories"
	},
	"PA": {
		"name": "Panama"
	},
	"PG": {
		"name": "Papua New Guinea"
	},
	"PY": {
		"name": "Paraguay"
	},
	"PE": {
		"name": "Pɛlû"
	},
	"SC": {
		"name": "Pɛsɛ́shɛl"
	},
	"PH": {
		"name": "Philippines"
	},
	"PN": {
		"name": "Pitcairn Islands"
	},
	"PL": {
		"name": "Poland"
	},
	"PT": {
		"name": "Portugal"
	},
	"PR": {
		"name": "Puerto Rico"
	},
	"QA": {
		"name": "Qatar"
	},
	"RO": {
		"name": "Romania"
	},
	"WS": {
		"name": "Samoa"
	},
	"SM": {
		"name": "San Marino"
	},
	"SA": {
		"name": "Saudi Arabia"
	},
	"ST": {
		"name": "Sáwɔŋ Tɔmɛ́ nɛ́ Pɛlínsipɛ"
	},
	"RS": {
		"name": "Sɛlɛbî"
	},
	"SN": {
		"name": "Sɛnɛgâl"
	},
	"CN": {
		"name": "Shîn"
	},
	"SG": {
		"name": "Singapore"
	},
	"SX": {
		"name": "Sint Maarten"
	},
	"SL": {
		"name": "Siyɛ́la Lɛɔ̂n"
	},
	"SK": {
		"name": "Slovakia"
	},
	"SI": {
		"name": "Slovenia"
	},
	"SB": {
		"name": "Solomon Islands"
	},
	"ZA": {
		"name": "South Africa"
	},
	"GS": {
		"name": "South Georgia & South Sandwich Islands"
	},
	"KR": {
		"name": "South Korea"
	},
	"SS": {
		"name": "South Sudan"
	},
	"SO": {
		"name": "Sɔmalî"
	},
	"LK": {
		"name": "Sri Lanka"
	},
	"BL": {
		"name": "St. Barthélemy"
	},
	"SH": {
		"name": "St. Helena"
	},
	"KN": {
		"name": "St. Kitts & Nevis"
	},
	"LC": {
		"name": "St. Lucia"
	},
	"MF": {
		"name": "St. Martin"
	},
	"PM": {
		"name": "St. Pierre & Miquelon"
	},
	"VC": {
		"name": "St. Vincent & Grenadines"
	},
	"SD": {
		"name": "Sundân"
	},
	"SR": {
		"name": "Suriname"
	},
	"SJ": {
		"name": "Svalbard & Jan Mayen"
	},
	"SZ": {
		"name": "Swazilân"
	},
	"SE": {
		"name": "Sweden"
	},
	"CH": {
		"name": "Sẅísɛ"
	},
	"SY": {
		"name": "Syria"
	},
	"TW": {
		"name": "Taiwan"
	},
	"TJ": {
		"name": "Tajikistan"
	},
	"TZ": {
		"name": "Tanzanî"
	},
	"TH": {
		"name": "Thailand"
	},
	"TL": {
		"name": "Timor-Leste"
	},
	"TK": {
		"name": "Tokelau"
	},
	"TO": {
		"name": "Tonga"
	},
	"TG": {
		"name": "Tɔ́ŋgɔ"
	},
	"TT": {
		"name": "Trinidad & Tobago"
	},
	"TA": {
		"name": "Tristan da Cunha"
	},
	"TN": {
		"name": "Tunizî"
	},
	"TR": {
		"name": "Turkey"
	},
	"TM": {
		"name": "Turkmenistan"
	},
	"TC": {
		"name": "Turks & Caicos Islands"
	},
	"TV": {
		"name": "Tuvalu"
	},
	"UM": {
		"name": "U.S. Outlying Islands"
	},
	"VI": {
		"name": "U.S. Virgin Islands"
	},
	"UA": {
		"name": "Ukraine"
	},
	"AE": {
		"name": "United Arab Emirates"
	},
	"GB": {
		"name": "United Kingdom"
	},
	"US": {
		"name": "United States"
	},
	"UG": {
		"name": "Uŋgánda"
	},
	"UY": {
		"name": "Uruguay"
	},
	"UZ": {
		"name": "Uzbekistan"
	},
	"VU": {
		"name": "Vanuatu"
	},
	"VA": {
		"name": "Vatican City"
	},
	"VE": {
		"name": "Vɛnɛzwɛ́la"
	},
	"VN": {
		"name": "Vietnam"
	},
	"WF": {
		"name": "Wallis & Futuna"
	},
	"EH": {
		"name": "Western Sahara"
	},
	"YE": {
		"name": "Yemen"
	},
	"ZM": {
		"name": "Zambî"
	},
	"ZW": {
		"name": "Zimbámbwɛ"
	}
}