{
	"AF": {
		"name": "Afɣanistan"
	},
	"IO": {
		"name": "Akal Aglizi deg Ugaraw Ahendi"
	},
	"AX": {
		"name": "Åland Islands"
	},
	"AQ": {
		"name": "Antarctica"
	},
	"AR": {
		"name": "Arjuntin"
	},
	"AM": {
		"name": "Arminya"
	},
	"AW": {
		"name": "Aruba"
	},
	"AC": {
		"name": "Ascension Island"
	},
	"VA": {
		"name": "Awanek n Vatikan"
	},
	"AZ": {
		"name": "Azrabijan"
	},
	"BS": {
		"name": "Bahamas"
	},
	"BH": {
		"name": "Baḥrin"
	},
	"BD": {
		"name": "Bangladac"
	},
	"BB": {
		"name": "Barbadus"
	},
	"BE": {
		"name": "Belǧik"
	},
	"BM": {
		"name": "Bermuda"
	},
	"BT": {
		"name": "Bhutan"
	},
	"BY": {
		"name": "Bilarus"
	},
	"BZ": {
		"name": "Biliz"
	},
	"BJ": {
		"name": "Binin"
	},
	"BR": {
		"name": "Brizil"
	},
	"BN": {
		"name": "Bruney"
	},
	"BG": {
		"name": "Bulgari"
	},
	"BO": {
		"name": "Bulivi"
	},
	"BI": {
		"name": "Burandi"
	},
	"BF": {
		"name": "Burkina Fasu"
	},
	"BA": {
		"name": "Busna d Hersek"
	},
	"BW": {
		"name": "Bustwana"
	},
	"TD": {
		"name": "Čad"
	},
	"KH": {
		"name": "Cambudya"
	},
	"IC": {
		"name": "Canary Islands"
	},
	"BQ": {
		"name": "Caribbean Netherlands"
	},
	"CZ": {
		"name": "Čček"
	},
	"EA": {
		"name": "Ceuta & Melilla"
	},
	"CX": {
		"name": "Christmas Island"
	},
	"CL": {
		"name": "Cili"
	},
	"CY": {
		"name": "Cipr"
	},
	"CC": {
		"name": "Cocos (Keeling) Islands"
	},
	"CW": {
		"name": "Curaçao"
	},
	"DK": {
		"name": "Denmark"
	},
	"DG": {
		"name": "Diego Garcia"
	},
	"DM": {
		"name": "Duminik"
	},
	"OM": {
		"name": "Ɛuman"
	},
	"PS": {
		"name": "Falisṭin d Ɣezza"
	},
	"FO": {
		"name": "Faroe Islands"
	},
	"FJ": {
		"name": "Fiji"
	},
	"PH": {
		"name": "Filipin"
	},
	"FI": {
		"name": "Finlund"
	},
	"FR": {
		"name": "Fransa"
	},
	"TF": {
		"name": "French Southern Territories"
	},
	"GA": {
		"name": "Gabun"
	},
	"GM": {
		"name": "Gambya"
	},
	"DJ": {
		"name": "Ǧibuti"
	},
	"GD": {
		"name": "Grunad"
	},
	"GL": {
		"name": "Grunland"
	},
	"GG": {
		"name": "Guernsey"
	},
	"GY": {
		"name": "Guwana"
	},
	"GP": {
		"name": "Gwadalupi"
	},
	"GU": {
		"name": "Gwam"
	},
	"GT": {
		"name": "Gwatimala"
	},
	"GH": {
		"name": "Ɣana"
	},
	"GF": {
		"name": "Ɣana tafransist"
	},
	"GN": {
		"name": "Ɣinya"
	},
	"PG": {
		"name": "Ɣinya Tamaynut Tapaput"
	},
	"GQ": {
		"name": "Ɣinya Tasebgast"
	},
	"GW": {
		"name": "Ɣinya-Bisaw"
	},
	"HT": {
		"name": "Hayti"
	},
	"HK": {
		"name": "Hong Kong SAR China"
	},
	"HN": {
		"name": "Hunduras"
	},
	"HU": {
		"name": "Hungri"
	},
	"EC": {
		"name": "Ikwaṭur"
	},
	"ID": {
		"name": "Indunizi"
	},
	"IR": {
		"name": "Iran"
	},
	"ER": {
		"name": "Iritiria"
	},
	"IS": {
		"name": "Island"
	},
	"IM": {
		"name": "Isle of Man"
	},
	"EE": {
		"name": "Istunya"
	},
	"IL": {
		"name": "Izrayil"
	},
	"JM": {
		"name": "Jamyika"
	},
	"JP": {
		"name": "Jappu"
	},
	"JE": {
		"name": "Jersey"
	},
	"GI": {
		"name": "Jibraltar"
	},
	"GE": {
		"name": "Jiyurji"
	},
	"NC": {
		"name": "Kalidunya Tamaynut"
	},
	"CM": {
		"name": "Kamirun"
	},
	"CA": {
		"name": "Kanada"
	},
	"KZ": {
		"name": "Kazaxistan"
	},
	"HR": {
		"name": "Kerwasya"
	},
	"KE": {
		"name": "Kinya"
	},
	"KI": {
		"name": "Kiribati"
	},
	"KG": {
		"name": "Kirigistan"
	},
	"XK": {
		"name": "Kosovo"
	},
	"CU": {
		"name": "Kuba"
	},
	"CO": {
		"name": "Kulumbi"
	},
	"KM": {
		"name": "Kumur"
	},
	"CG": {
		"name": "Kungu"
	},
	"KP": {
		"name": "Kurya, Ufella"
	},
	"KR": {
		"name": "Kurya, Wadda"
	},
	"CR": {
		"name": "Kusta Rika"
	},
	"CI": {
		"name": "Kuṭ Divwar"
	},
	"KW": {
		"name": "Kuwayt"
	},
	"CN": {
		"name": "Lacin"
	},
	"GR": {
		"name": "Lagris"
	},
	"JO": {
		"name": "Lajurdani"
	},
	"AL": {
		"name": "Lalbani"
	},
	"DE": {
		"name": "Lalman"
	},
	"LV": {
		"name": "Latvia"
	},
	"LA": {
		"name": "Laws"
	},
	"LI": {
		"name": "Layctenstan"
	},
	"DZ": {
		"name": "Lezzayer"
	},
	"IQ": {
		"name": "Lɛiraq"
	},
	"IN": {
		"name": "Lhend"
	},
	"LR": {
		"name": "Libirya"
	},
	"LY": {
		"name": "Libya"
	},
	"IE": {
		"name": "Lirlund"
	},
	"LT": {
		"name": "Liṭwanya"
	},
	"LS": {
		"name": "Lizuṭu"
	},
	"MA": {
		"name": "Lmerruk"
	},
	"LB": {
		"name": "Lubnan"
	},
	"LU": {
		"name": "Luksamburg"
	},
	"YE": {
		"name": "Lyamen"
	},
	"MO": {
		"name": "Macau SAR China"
	},
	"MG": {
		"name": "Madaɣecqer"
	},
	"MW": {
		"name": "Malawi"
	},
	"MV": {
		"name": "Maldib"
	},
	"ML": {
		"name": "Mali"
	},
	"MY": {
		"name": "Malizya"
	},
	"MT": {
		"name": "Malṭ"
	},
	"MQ": {
		"name": "Martinik"
	},
	"MK": {
		"name": "Masidwan"
	},
	"EG": {
		"name": "Maṣr"
	},
	"YT": {
		"name": "Mayuṭ"
	},
	"MX": {
		"name": "Meksik"
	},
	"FM": {
		"name": "Mikrunizya"
	},
	"ME": {
		"name": "Montenegro"
	},
	"MD": {
		"name": "Muldabi"
	},
	"MC": {
		"name": "Munaku"
	},
	"MN": {
		"name": "Mungulya"
	},
	"MS": {
		"name": "Munsirat"
	},
	"MU": {
		"name": "Muris"
	},
	"MR": {
		"name": "Muriṭanya"
	},
	"MZ": {
		"name": "Muzembiq"
	},
	"MM": {
		"name": "Myanmar"
	},
	"NA": {
		"name": "Namibya"
	},
	"NE": {
		"name": "Nijer"
	},
	"NG": {
		"name": "Nijirya"
	},
	"NI": {
		"name": "Nikaragwa"
	},
	"NP": {
		"name": "Nipal"
	},
	"NU": {
		"name": "Niwi"
	},
	"NR": {
		"name": "Nuru"
	},
	"NO": {
		"name": "Nurvij"
	},
	"PK": {
		"name": "Pakistan"
	},
	"PW": {
		"name": "Palu"
	},
	"PA": {
		"name": "Panam"
	},
	"PY": {
		"name": "Paragway"
	},
	"PE": {
		"name": "Piru"
	},
	"PN": {
		"name": "Pitkarin"
	},
	"PL": {
		"name": "Pulund"
	},
	"PF": {
		"name": "Pulunizi tafransist"
	},
	"PR": {
		"name": "Purtu Riku"
	},
	"PT": {
		"name": "Purtugal"
	},
	"QA": {
		"name": "Qaṭar"
	},
	"RU": {
		"name": "Rrus"
	},
	"RO": {
		"name": "Rumani"
	},
	"RW": {
		"name": "Ruwanda"
	},
	"SV": {
		"name": "Salvadur"
	},
	"WS": {
		"name": "Samwa"
	},
	"AS": {
		"name": "Samwa Tamarikanit"
	},
	"KN": {
		"name": "San Kits d Nivis"
	},
	"LC": {
		"name": "San Lučya"
	},
	"SM": {
		"name": "San Marinu"
	},
	"PM": {
		"name": "San Pyar d Miklun"
	},
	"VC": {
		"name": "San Vansu d Grunadin"
	},
	"SH": {
		"name": "Sant Ilina"
	},
	"ST": {
		"name": "Saw Tumi d Pransip"
	},
	"RS": {
		"name": "Serbia"
	},
	"SC": {
		"name": "Seycel"
	},
	"SG": {
		"name": "Singafur"
	},
	"SN": {
		"name": "Sinigal"
	},
	"SX": {
		"name": "Sint Maarten"
	},
	"SL": {
		"name": "Sira Lyun"
	},
	"SK": {
		"name": "Sluvakya"
	},
	"SI": {
		"name": "Sluvinya"
	},
	"GS": {
		"name": "South Georgia & South Sandwich Islands"
	},
	"SS": {
		"name": "South Sudan"
	},
	"ES": {
		"name": "Spanya"
	},
	"LK": {
		"name": "Sri Lanka"
	},
	"BL": {
		"name": "St. Barthélemy"
	},
	"MF": {
		"name": "St. Martin"
	},
	"SD": {
		"name": "Sudan"
	},
	"SA": {
		"name": "Suɛudiya Taɛrabt"
	},
	"SO": {
		"name": "Ṣumal"
	},
	"SR": {
		"name": "Surinam"
	},
	"SY": {
		"name": "Surya"
	},
	"SJ": {
		"name": "Svalbard & Jan Mayen"
	},
	"SZ": {
		"name": "Swazilund"
	},
	"SE": {
		"name": "Swid"
	},
	"CH": {
		"name": "Swis"
	},
	"ZA": {
		"name": "Tafriqt Wadda"
	},
	"GB": {
		"name": "Tagelda Yedduklen"
	},
	"TJ": {
		"name": "Tajikistan"
	},
	"TZ": {
		"name": "Ṭanzanya"
	},
	"TH": {
		"name": "Ṭayland"
	},
	"TW": {
		"name": "Ṭaywan"
	},
	"IT": {
		"name": "Ṭelyan"
	},
	"CF": {
		"name": "Tigduda n Tefriqt Talemmast"
	},
	"DO": {
		"name": "Tigduda Taduminikit"
	},
	"CD": {
		"name": "Tigduda Tagdudant n Kungu"
	},
	"AE": {
		"name": "Tigeldunin Yedduklen Taɛrabin"
	},
	"FK": {
		"name": "Tigzirin n Falkland"
	},
	"KY": {
		"name": "Tigzirin n Kamyan"
	},
	"CK": {
		"name": "Tigzirin n Kuk"
	},
	"MH": {
		"name": "Tigzirin n Marcal"
	},
	"MP": {
		"name": "Tigzirin n Maryan Ufella"
	},
	"SB": {
		"name": "Tigzirin n Sulumun"
	},
	"CV": {
		"name": "Tigzirin n yixef azegzaw"
	},
	"NF": {
		"name": "Tigzirin Tinawfukin"
	},
	"VG": {
		"name": "Tigzirin Tiverjiniyin Tigliziyin"
	},
	"RE": {
		"name": "Timlilit"
	},
	"NL": {
		"name": "Timura-Yessakesren"
	},
	"TT": {
		"name": "Ṭrindad d Ṭubagu"
	},
	"TA": {
		"name": "Tristan da Cunha"
	},
	"TG": {
		"name": "Ṭugu"
	},
	"TK": {
		"name": "Ṭuklu"
	},
	"TL": {
		"name": "Tumur Asamar"
	},
	"TN": {
		"name": "Tunes"
	},
	"TO": {
		"name": "Ṭunga"
	},
	"TR": {
		"name": "Ṭurk"
	},
	"TC": {
		"name": "Ṭurk d Tegzirin n Kaykus"
	},
	"TM": {
		"name": "Ṭurkmanistan"
	},
	"TV": {
		"name": "Ṭuvalu"
	},
	"UM": {
		"name": "U.S. Outlying Islands"
	},
	"UG": {
		"name": "Uɣanda"
	},
	"UA": {
		"name": "Ukran"
	},
	"AD": {
		"name": "Undura"
	},
	"AI": {
		"name": "Ungiya"
	},
	"AO": {
		"name": "Ungula"
	},
	"AG": {
		"name": "Untiga d Barbuda"
	},
	"UY": {
		"name": "Urugway"
	},
	"AU": {
		"name": "Ustrali"
	},
	"AT": {
		"name": "Ustriya"
	},
	"ET": {
		"name": "Utyupi"
	},
	"UZ": {
		"name": "Uzbaxistan"
	},
	"VU": {
		"name": "Vanwatu"
	},
	"VE": {
		"name": "Venzwila"
	},
	"VN": {
		"name": "Vyeṭnam"
	},
	"VI": {
		"name": "W.D. Tigzirin n Virginya"
	},
	"WF": {
		"name": "Wallis d Futuna"
	},
	"US": {
		"name": "WDM"
	},
	"EH": {
		"name": "Western Sahara"
	},
	"ZM": {
		"name": "Zambya"
	},
	"NZ": {
		"name": "Ziland Tamaynut"
	},
	"ZW": {
		"name": "Zimbabwi"
	}
}