{
	"ZA": {
		"name": "Afrika Kusini"
	},
	"AF": {
		"name": "Afuganistani"
	},
	"IS": {
		"name": "Aislandi"
	},
	"AR": {
		"name": "Ajentina"
	},
	"AX": {
		"name": "Åland Islands"
	},
	"AL": {
		"name": "Albania"
	},
	"DZ": {
		"name": "Aljeria"
	},
	"AD": {
		"name": "Andora"
	},
	"AO": {
		"name": "Angola"
	},
	"AI": {
		"name": "Anguilla"
	},
	"AQ": {
		"name": "Antarctica"
	},
	"AG": {
		"name": "Antigua na Barbuda"
	},
	"AM": {
		"name": "Armenia"
	},
	"AW": {
		"name": "Aruba"
	},
	"AC": {
		"name": "Ascension Island"
	},
	"AU": {
		"name": "Australia"
	},
	"AT": {
		"name": "Austria"
	},
	"IE": {
		"name": "Ayalandi"
	},
	"AZ": {
		"name": "Azabajani"
	},
	"BB": {
		"name": "Babadosi"
	},
	"BS": {
		"name": "Bahama"
	},
	"BH": {
		"name": "Bahareni"
	},
	"BD": {
		"name": "Bangladeshi"
	},
	"BY": {
		"name": "Belarusi"
	},
	"BZ": {
		"name": "Belize"
	},
	"BJ": {
		"name": "Benini"
	},
	"BM": {
		"name": "Bermuda"
	},
	"BO": {
		"name": "Bolivia"
	},
	"BA": {
		"name": "Bosnia na Hezegovina"
	},
	"BW": {
		"name": "Botswana"
	},
	"BR": {
		"name": "Brazili"
	},
	"BN": {
		"name": "Brunei"
	},
	"BF": {
		"name": "Bukinafaso"
	},
	"MG": {
		"name": "Bukini"
	},
	"BG": {
		"name": "Bulgaria"
	},
	"BT": {
		"name": "Butani"
	},
	"IC": {
		"name": "Canary Islands"
	},
	"BQ": {
		"name": "Caribbean Netherlands"
	},
	"EA": {
		"name": "Ceuta & Melilla"
	},
	"TD": {
		"name": "Chadi"
	},
	"CL": {
		"name": "Chile"
	},
	"CX": {
		"name": "Christmas Island"
	},
	"CC": {
		"name": "Cocos (Keeling) Islands"
	},
	"CW": {
		"name": "Curaçao"
	},
	"DK": {
		"name": "Denmaki"
	},
	"DG": {
		"name": "Diego Garcia"
	},
	"DM": {
		"name": "Dominika"
	},
	"EC": {
		"name": "Ekwado"
	},
	"SV": {
		"name": "Elsavado"
	},
	"IO": {
		"name": "Eneo la Uingereza katika Bahari Hindi"
	},
	"ER": {
		"name": "Eritrea"
	},
	"EE": {
		"name": "Estonia"
	},
	"AE": {
		"name": "Falme za Kiarabu"
	},
	"FO": {
		"name": "Faroe Islands"
	},
	"FJ": {
		"name": "Fiji"
	},
	"PH": {
		"name": "Filipino"
	},
	"TF": {
		"name": "French Southern Territories"
	},
	"GA": {
		"name": "Gaboni"
	},
	"GM": {
		"name": "Gambia"
	},
	"GH": {
		"name": "Ghana"
	},
	"GN": {
		"name": "Gine"
	},
	"GW": {
		"name": "Ginebisau"
	},
	"GQ": {
		"name": "Ginekweta"
	},
	"GD": {
		"name": "Grenada"
	},
	"GL": {
		"name": "Grinlandi"
	},
	"GG": {
		"name": "Guernsey"
	},
	"GY": {
		"name": "Guyana"
	},
	"GP": {
		"name": "Gwadelupe"
	},
	"GU": {
		"name": "Gwam"
	},
	"GT": {
		"name": "Gwatemala"
	},
	"GF": {
		"name": "Gwiyana ya Ufaransa"
	},
	"HT": {
		"name": "Haiti"
	},
	"ES": {
		"name": "Hispania"
	},
	"HN": {
		"name": "Hondurasi"
	},
	"HK": {
		"name": "Hong Kong SAR China"
	},
	"HU": {
		"name": "Hungaria"
	},
	"IN": {
		"name": "India"
	},
	"ID": {
		"name": "Indonesia"
	},
	"IQ": {
		"name": "Iraki"
	},
	"CK": {
		"name": "Isiwa sya Cook"
	},
	"KY": {
		"name": "Isiwa sya Kayman"
	},
	"SB": {
		"name": "Isiwa sya Solomon"
	},
	"IM": {
		"name": "Isle of Man"
	},
	"IL": {
		"name": "Israeli"
	},
	"IT": {
		"name": "Italia"
	},
	"JM": {
		"name": "Jamaika"
	},
	"CF": {
		"name": "Jamhuri ya Afrika ya Kati"
	},
	"CZ": {
		"name": "Jamhuri ya Cheki"
	},
	"DO": {
		"name": "Jamhuri ya Dominika"
	},
	"CD": {
		"name": "Jamhuri ya Kidemokrasia ya Kongo"
	},
	"JP": {
		"name": "Japani"
	},
	"JE": {
		"name": "Jersey"
	},
	"GI": {
		"name": "Jibralta"
	},
	"DJ": {
		"name": "Jibuti"
	},
	"GE": {
		"name": "Jojia"
	},
	"KH": {
		"name": "Kambodia"
	},
	"CM": {
		"name": "Kameluni"
	},
	"CA": {
		"name": "Kananda"
	},
	"QA": {
		"name": "Katari"
	},
	"KZ": {
		"name": "Kazakistani"
	},
	"KE": {
		"name": "Kenya"
	},
	"CV": {
		"name": "Kepuvede"
	},
	"KI": {
		"name": "Kiribati"
	},
	"KG": {
		"name": "Kirigizistani"
	},
	"NF": {
		"name": "Kisiwa cha Norfok"
	},
	"CI": {
		"name": "Kodivaa"
	},
	"CO": {
		"name": "Kolombia"
	},
	"KM": {
		"name": "Komoro"
	},
	"CG": {
		"name": "Kongo"
	},
	"HR": {
		"name": "Korasia"
	},
	"KP": {
		"name": "Korea Kaskazini"
	},
	"KR": {
		"name": "Korea Kusini"
	},
	"XK": {
		"name": "Kosovo"
	},
	"CR": {
		"name": "Kostarika"
	},
	"CU": {
		"name": "Kuba"
	},
	"CY": {
		"name": "Kuprosi"
	},
	"KW": {
		"name": "Kuwaiti"
	},
	"CN": {
		"name": "Kyaina"
	},
	"LA": {
		"name": "Laosi"
	},
	"LU": {
		"name": "Lasembagi"
	},
	"LV": {
		"name": "Lativia"
	},
	"LB": {
		"name": "Lebanoni"
	},
	"LS": {
		"name": "Lesoto"
	},
	"LR": {
		"name": "Liberia"
	},
	"LY": {
		"name": "Libya"
	},
	"LI": {
		"name": "Lishenteni"
	},
	"LT": {
		"name": "Litwania"
	},
	"RW": {
		"name": "Lwanda"
	},
	"MO": {
		"name": "Macau SAR China"
	},
	"MW": {
		"name": "Malawi"
	},
	"MY": {
		"name": "Malesia"
	},
	"ML": {
		"name": "Mali"
	},
	"MT": {
		"name": "Malta"
	},
	"US": {
		"name": "Marekani"
	},
	"MQ": {
		"name": "Martiniki"
	},
	"MK": {
		"name": "Masedonia"
	},
	"YT": {
		"name": "Mayotte"
	},
	"BI": {
		"name": "Mbulundi"
	},
	"MX": {
		"name": "Meksiko"
	},
	"FM": {
		"name": "Mikronesia"
	},
	"EG": {
		"name": "Misili"
	},
	"MV": {
		"name": "Modivu"
	},
	"MD": {
		"name": "Moldova"
	},
	"MC": {
		"name": "Monako"
	},
	"MN": {
		"name": "Mongolia"
	},
	"ME": {
		"name": "Montenegro"
	},
	"MS": {
		"name": "Montserrati"
	},
	"MU": {
		"name": "Morisi"
	},
	"MR": {
		"name": "Moritania"
	},
	"MA": {
		"name": "Moroko"
	},
	"MZ": {
		"name": "Msumbiji"
	},
	"MM": {
		"name": "Myama"
	},
	"NA": {
		"name": "Namibia"
	},
	"NR": {
		"name": "Nauru"
	},
	"NP": {
		"name": "Nepali"
	},
	"NE": {
		"name": "Nijeri"
	},
	"NG": {
		"name": "Nijeria"
	},
	"NI": {
		"name": "Nikaragwa"
	},
	"NU": {
		"name": "Niue"
	},
	"NO": {
		"name": "Norwe"
	},
	"NC": {
		"name": "Nyukaledonia"
	},
	"NZ": {
		"name": "Nyuzilandi"
	},
	"ZM": {
		"name": "Nzambia"
	},
	"ZW": {
		"name": "Nzimbambwe"
	},
	"OM": {
		"name": "Omani"
	},
	"PK": {
		"name": "Pakistani"
	},
	"PW": {
		"name": "Palau"
	},
	"PA": {
		"name": "Panama"
	},
	"PG": {
		"name": "Papua"
	},
	"PY": {
		"name": "Paragwai"
	},
	"PE": {
		"name": "Peru"
	},
	"PN": {
		"name": "Pitkairni"
	},
	"PL": {
		"name": "Polandi"
	},
	"PF": {
		"name": "Polinesia ya Ufaransa"
	},
	"PR": {
		"name": "Pwetoriko"
	},
	"RE": {
		"name": "Riyunioni"
	},
	"RO": {
		"name": "Romania"
	},
	"SM": {
		"name": "Samarino"
	},
	"WS": {
		"name": "Samoa"
	},
	"AS": {
		"name": "Samoa ya Marekani"
	},
	"SH": {
		"name": "Santahelena"
	},
	"KN": {
		"name": "Santakitzi na Nevis"
	},
	"LC": {
		"name": "Santalusia"
	},
	"PM": {
		"name": "Santapieri na Mikeloni"
	},
	"VC": {
		"name": "Santavisenti na Grenadini"
	},
	"ST": {
		"name": "Sao Tome na Principe"
	},
	"SA": {
		"name": "Saudi"
	},
	"SN": {
		"name": "Senegali"
	},
	"RS": {
		"name": "Serbia"
	},
	"SC": {
		"name": "Shelisheli"
	},
	"SL": {
		"name": "Siera Leoni"
	},
	"SG": {
		"name": "Singapoo"
	},
	"SX": {
		"name": "Sint Maarten"
	},
	"SY": {
		"name": "Siria"
	},
	"LK": {
		"name": "Sirilanka"
	},
	"SK": {
		"name": "Slovakia"
	},
	"SI": {
		"name": "Slovenia"
	},
	"SO": {
		"name": "Somalia"
	},
	"GS": {
		"name": "South Georgia & South Sandwich Islands"
	},
	"SS": {
		"name": "South Sudan"
	},
	"BL": {
		"name": "St. Barthélemy"
	},
	"MF": {
		"name": "St. Martin"
	},
	"SD": {
		"name": "Sudani"
	},
	"SR": {
		"name": "Surinamu"
	},
	"SJ": {
		"name": "Svalbard & Jan Mayen"
	},
	"TH": {
		"name": "Tailandi"
	},
	"TW": {
		"name": "Taiwani"
	},
	"TJ": {
		"name": "Tajikistani"
	},
	"TZ": {
		"name": "Tanzania"
	},
	"TL": {
		"name": "Timori ya Mashariki"
	},
	"TG": {
		"name": "Togo"
	},
	"TK": {
		"name": "Tokelau"
	},
	"TO": {
		"name": "Tonga"
	},
	"TT": {
		"name": "Trinidad na Tobago"
	},
	"TA": {
		"name": "Tristan da Cunha"
	},
	"TN": {
		"name": "Tunisia"
	},
	"TM": {
		"name": "Turukimenistani"
	},
	"TV": {
		"name": "Tuvalu"
	},
	"UM": {
		"name": "U.S. Outlying Islands"
	},
	"IR": {
		"name": "Uajemi"
	},
	"BE": {
		"name": "Ubelgiji"
	},
	"FI": {
		"name": "Ufini"
	},
	"GR": {
		"name": "Ugiriki"
	},
	"ET": {
		"name": "Uhabeshi"
	},
	"NL": {
		"name": "Uholanzi"
	},
	"GB": {
		"name": "Uingereza"
	},
	"DE": {
		"name": "Ujerumani"
	},
	"UG": {
		"name": "Ukanda"
	},
	"PS": {
		"name": "Ukingo wa Magharibi na Ukanda wa Gaza wa Palestina"
	},
	"UA": {
		"name": "Ukraini"
	},
	"PT": {
		"name": "Ureno"
	},
	"UY": {
		"name": "Urugwai"
	},
	"RU": {
		"name": "Urusi"
	},
	"SZ": {
		"name": "Uswazi"
	},
	"SE": {
		"name": "Uswidi"
	},
	"CH": {
		"name": "Uswisi"
	},
	"TR": {
		"name": "Uturuki"
	},
	"FR": {
		"name": "Uvalanza"
	},
	"UZ": {
		"name": "Uzibekistani"
	},
	"VU": {
		"name": "Vanuatu"
	},
	"VA": {
		"name": "Vatikani"
	},
	"VE": {
		"name": "Venezuela"
	},
	"VN": {
		"name": "Vietinamu"
	},
	"FK": {
		"name": "Visiwa vya Falkland"
	},
	"MP": {
		"name": "Visiwa vya Mariana vya Kaskazini"
	},
	"MH": {
		"name": "Visiwa vya Marshal"
	},
	"TC": {
		"name": "Visiwa vya Turki na Kaiko"
	},
	"VI": {
		"name": "Visiwa vya Virgin vya Marekani"
	},
	"VG": {
		"name": "Visiwa vya Virgin vya Uingereza"
	},
	"WF": {
		"name": "Walis na Futuna"
	},
	"EH": {
		"name": "Western Sahara"
	},
	"YE": {
		"name": "Yemeni"
	},
	"JO": {
		"name": "Yordani"
	}
}