{
	"AC": {
		"name": "Ascension Island"
	},
	"IC": {
		"name": "Canary Islands"
	},
	"EA": {
		"name": "Ceuta & Melilla"
	},
	"CW": {
		"name": "Curaçao"
	},
	"DG": {
		"name": "Diego Garcia"
	},
	"FO": {
		"name": "Faroe Islands"
	},
	"JO": {
		"name": "Jordan"
	},
	"XK": {
		"name": "Kosovo"
	},
	"FM": {
		"name": "Micronesia"
	},
	"SX": {
		"name": "Sint Maarten"
	},
	"SS": {
		"name": "South Sudan"
	},
	"TA": {
		"name": "Tristan da Cunha"
	},
	"AZ": {
		"name": "آزَرباجان"
	},
	"AU": {
		"name": "آسٹریلِیا"
	},
	"AT": {
		"name": "آسٹِیا"
	},
	"IM": {
		"name": "آیِل آف میٛن"
	},
	"AR": {
		"name": "أرجَنٹینا"
	},
	"SV": {
		"name": "اٮ۪ل سَلواڑور"
	},
	"AL": {
		"name": "اٮ۪لبانِیا"
	},
	"DZ": {
		"name": "اٮ۪لجیرِیا"
	},
	"AG": {
		"name": "اٮ۪نٹِگُوا تہٕ باربوڑا"
	},
	"AD": {
		"name": "اٮ۪نڑورا"
	},
	"ET": {
		"name": "اِتھوپِیا"
	},
	"IT": {
		"name": "اِٹلی"
	},
	"ER": {
		"name": "اِرٕٹِیا"
	},
	"AM": {
		"name": "اَرمانِیا"
	},
	"AW": {
		"name": "اَروٗبا"
	},
	"UZ": {
		"name": "اُزبِکِستان"
	},
	"IL": {
		"name": "اِسرایٖل"
	},
	"AF": {
		"name": "اَفغانَستان"
	},
	"EC": {
		"name": "اِکواڑور"
	},
	"GQ": {
		"name": "اِکوِٹورِیَل گِنی"
	},
	"AS": {
		"name": "اَمریٖکَن سَموا"
	},
	"ID": {
		"name": "اِنڑونیشِیا"
	},
	"AI": {
		"name": "انگوئیلا"
	},
	"AO": {
		"name": "انگولا"
	},
	"OM": {
		"name": "اومان"
	},
	"IQ": {
		"name": "ایٖراق"
	},
	"IR": {
		"name": "ایٖران"
	},
	"IE": {
		"name": "اَیَرلینٛڑ"
	},
	"EE": {
		"name": "ایسٹونِیا"
	},
	"IS": {
		"name": "اَیِسلینٛڑ"
	},
	"AX": {
		"name": "ایلینٛڑ جٔزیٖرٕ"
	},
	"AQ": {
		"name": "اینٹارٹِکا"
	},
	"CI": {
		"name": "اَیوٕری کوسٹ"
	},
	"BB": {
		"name": "باربیڈاس"
	},
	"BH": {
		"name": "بحریٖن"
	},
	"BR": {
		"name": "برٛازِل"
	},
	"VG": {
		"name": "بَرطانوی ؤرجِن جٔزیٖرٕ"
	},
	"IO": {
		"name": "برطانوی بحرِ ہِنٛدۍ علاقہٕ"
	},
	"BQ": {
		"name": "برطانوی قُطبہِ جَنوٗبی علاقہٕ"
	},
	"BF": {
		"name": "بُرکِنا فیسو"
	},
	"BM": {
		"name": "بٔرمیوڈا"
	},
	"BN": {
		"name": "بُرنٔے"
	},
	"BG": {
		"name": "بَلجیرِیا"
	},
	"BD": {
		"name": "بَنٛگلادیش"
	},
	"BJ": {
		"name": "بِنِن"
	},
	"BS": {
		"name": "بَہامَس"
	},
	"BW": {
		"name": "بوتَسوانا"
	},
	"BT": {
		"name": "بوٗٹان"
	},
	"BI": {
		"name": "بورَنڈِ"
	},
	"BA": {
		"name": "بوسنِیا تہٕ ہَرزِگووِنا"
	},
	"BO": {
		"name": "بولِوِیا"
	},
	"BY": {
		"name": "بیلاروٗس"
	},
	"BZ": {
		"name": "بیلِج"
	},
	"BE": {
		"name": "بیٛلجِیَم"
	},
	"PG": {
		"name": "پاپُوا نیوٗ گیٖنی"
	},
	"PK": {
		"name": "پاکِستان"
	},
	"PN": {
		"name": "پِٹکیرٕنۍ جٔزیٖرٕ"
	},
	"PY": {
		"name": "پَراگُے"
	},
	"PT": {
		"name": "پُرتِگال"
	},
	"PR": {
		"name": "پٔرٹو رِکو"
	},
	"PW": {
		"name": "پَلاو"
	},
	"PA": {
		"name": "پَناما"
	},
	"PL": {
		"name": "پولینٛڑ"
	},
	"PE": {
		"name": "پیٖروٗ"
	},
	"TJ": {
		"name": "تاجکِستان"
	},
	"TW": {
		"name": "تایوان"
	},
	"TC": {
		"name": "تُرُک تہٕ کیکوس جٔزیٖرٕ"
	},
	"TR": {
		"name": "تُرکی"
	},
	"TM": {
		"name": "تُرمِنِستان"
	},
	"TZ": {
		"name": "تَنجانِیا"
	},
	"TH": {
		"name": "تھایلینٛڑ"
	},
	"TK": {
		"name": "توکیلاو"
	},
	"TV": {
		"name": "توٗوالوٗ"
	},
	"TT": {
		"name": "ٹرٛنِنداد تہٕ ٹوبیگو"
	},
	"TG": {
		"name": "ٹوگو"
	},
	"TO": {
		"name": "ٹونٛگا"
	},
	"TN": {
		"name": "ٹونیشِیا"
	},
	"JP": {
		"name": "جاپان"
	},
	"GE": {
		"name": "جارجِیا"
	},
	"ZM": {
		"name": "جامبِیا"
	},
	"GI": {
		"name": "جِبرالٹَر"
	},
	"DJ": {
		"name": "جِبوٗتی"
	},
	"JE": {
		"name": "جٔرسی"
	},
	"DE": {
		"name": "جرمٔنی"
	},
	"JM": {
		"name": "جَمایکا"
	},
	"ZA": {
		"name": "جَنوٗبی اَفریٖکا"
	},
	"GS": {
		"name": "جنوٗبی جارجِیا تہٕ جنوٗبی سینٛڑوٕچ جٔزیٖرٕ"
	},
	"KR": {
		"name": "جنوٗبی کورِیا"
	},
	"TD": {
		"name": "چاڑ"
	},
	"CL": {
		"name": "چِلی"
	},
	"CZ": {
		"name": "چیک جَموٗرِیَت"
	},
	"CN": {
		"name": "چیٖن"
	},
	"DM": {
		"name": "ڈومِنِکا"
	},
	"DO": {
		"name": "ڈومِنِکَن جموٗرِیَت"
	},
	"DK": {
		"name": "ڈینٛمارٕک"
	},
	"RU": {
		"name": "روٗس"
	},
	"RO": {
		"name": "رومانِیا"
	},
	"RW": {
		"name": "روٗوانٛڈا"
	},
	"RE": {
		"name": "رِیوٗنِیَن"
	},
	"ZW": {
		"name": "زِمبابے"
	},
	"ST": {
		"name": "ساو توم تہٕ پرٛنسِپی"
	},
	"CY": {
		"name": "سایفرٛس"
	},
	"ES": {
		"name": "سٕپین"
	},
	"RS": {
		"name": "سَربِیا"
	},
	"SR": {
		"name": "سُرِنام"
	},
	"LK": {
		"name": "سِریٖلَنٛکا"
	},
	"SK": {
		"name": "سَلوواکِیا"
	},
	"SI": {
		"name": "سَلووینِیا"
	},
	"SG": {
		"name": "ٛسِنٛگاپوٗر"
	},
	"SJ": {
		"name": "سَوالبریڑ تہٕ جان ماییڑ"
	},
	"SA": {
		"name": "سوٗدی عربِیہ"
	},
	"SD": {
		"name": "سوٗڈان"
	},
	"SE": {
		"name": "سُوِڈَن"
	},
	"CH": {
		"name": "سُوِزَرلینٛڑ"
	},
	"SZ": {
		"name": "سُوزِلینٛڑ"
	},
	"SB": {
		"name": "سولامان جٔزیٖرٕ"
	},
	"SO": {
		"name": "سومالِیا"
	},
	"SL": {
		"name": "سیٖرالیوون"
	},
	"SC": {
		"name": "سیشَلِس"
	},
	"WS": {
		"name": "سیمووا"
	},
	"SM": {
		"name": "سین میرِنو"
	},
	"BL": {
		"name": "سینٛٹ بارتَھیلمی"
	},
	"PM": {
		"name": "سینٛٹ پیٖری تہٕ موکیلِیَن"
	},
	"KN": {
		"name": "سینٛٹ کِٹَس تہٕ نیوِس"
	},
	"LC": {
		"name": "سینٛٹ لوٗسِیا"
	},
	"MF": {
		"name": "سینٛٹ مارٹِن"
	},
	"SH": {
		"name": "سینٛٹ ہٮ۪لِنا"
	},
	"VC": {
		"name": "سینٛٹ وینسٮ۪ٹ تہٕ گرٛیناڑاینٕز"
	},
	"SN": {
		"name": "سینیگَل"
	},
	"SY": {
		"name": "شام"
	},
	"KP": {
		"name": "شُمٲلی کورِیا"
	},
	"MP": {
		"name": "شُمٲلی مارِیانا جٔزیٖرٕ"
	},
	"FJ": {
		"name": "فِجی"
	},
	"FR": {
		"name": "فرٛانس"
	},
	"TF": {
		"name": "فرٛانسِسی جَنوٗبی عَلاقہٕ"
	},
	"GF": {
		"name": "فرٛانسِسی گِانا"
	},
	"PF": {
		"name": "فرٛانسی پولِنیشِیا"
	},
	"FK": {
		"name": "فٕلاکلینٛڑ جٔزیٖرٕ"
	},
	"PH": {
		"name": "فِلِپِینس"
	},
	"PS": {
		"name": "فَلَستیٖن"
	},
	"FI": {
		"name": "فِنلینٛڑ"
	},
	"QA": {
		"name": "قَطِر"
	},
	"KI": {
		"name": "کِرٕباتی"
	},
	"CX": {
		"name": "کرِسمَس جٔزیٖرٕ"
	},
	"KG": {
		"name": "کِرگِستان"
	},
	"HR": {
		"name": "کرٛوشِیا"
	},
	"KZ": {
		"name": "کَزاکِستان"
	},
	"CK": {
		"name": "کُک جٔزیٖرٕ"
	},
	"KH": {
		"name": "کَمبوڑِیا"
	},
	"KM": {
		"name": "کَمورَس"
	},
	"KE": {
		"name": "کِنٛیا"
	},
	"CR": {
		"name": "کوسٹا رِکا"
	},
	"CC": {
		"name": "کوکَس کیٖلِنٛگ جٔزیٖرٕ"
	},
	"CO": {
		"name": "کولَمبِیا"
	},
	"CG": {
		"name": "کونٛگو بٔرٛزاوِلی"
	},
	"CD": {
		"name": "کونٛگو کِنشاسا"
	},
	"KW": {
		"name": "کُویت"
	},
	"CV": {
		"name": "کیپ ؤرڑی"
	},
	"CM": {
		"name": "کیٚمِروٗن"
	},
	"KY": {
		"name": "کیمَن جٔزیٖرٕ"
	},
	"CA": {
		"name": "کینَڑا"
	},
	"CU": {
		"name": "کیوٗبا"
	},
	"GH": {
		"name": "گانا"
	},
	"GD": {
		"name": "گرٛنیڑا"
	},
	"GR": {
		"name": "گریٖس"
	},
	"GL": {
		"name": "گریٖنلینٛڑ"
	},
	"GM": {
		"name": "گَمبِیا"
	},
	"GN": {
		"name": "گِنی"
	},
	"GP": {
		"name": "گَواڑیلوپ"
	},
	"GU": {
		"name": "گُوام"
	},
	"GT": {
		"name": "گوتیدالا"
	},
	"GY": {
		"name": "گُیانا"
	},
	"GA": {
		"name": "گیبان"
	},
	"GW": {
		"name": "گیٖنی بِساو"
	},
	"GG": {
		"name": "گیوَنَرسے"
	},
	"LA": {
		"name": "لاس"
	},
	"LR": {
		"name": "لایبیرِیا"
	},
	"LB": {
		"name": "لٮ۪بنان"
	},
	"LY": {
		"name": "لِبیا"
	},
	"LT": {
		"name": "لِتھُوانِیا"
	},
	"LI": {
		"name": "لِکٹیٛسٹیٖن"
	},
	"LU": {
		"name": "لَکسَمبٔرٕگ"
	},
	"LV": {
		"name": "لیٛٹوِیا"
	},
	"LS": {
		"name": "لیسوتھو"
	},
	"MR": {
		"name": "مارٕٹانِیا"
	},
	"MQ": {
		"name": "مارٹِنِک"
	},
	"MH": {
		"name": "مارشَل جٔزیٖرٕ"
	},
	"MT": {
		"name": "مالٹا"
	},
	"MV": {
		"name": "مالدیٖو"
	},
	"ML": {
		"name": "مالی"
	},
	"MS": {
		"name": "مانٛٹسیراٹ"
	},
	"MK": {
		"name": "مٮ۪سوڑونِیا"
	},
	"MX": {
		"name": "مٮ۪کسِکو"
	},
	"AE": {
		"name": "مُتحدہ عرَب امارات"
	},
	"CF": {
		"name": "مرکٔزی اَفریٖکی جموٗریَت"
	},
	"EG": {
		"name": "مِسٔر"
	},
	"TL": {
		"name": "مَشرِقی تایمور"
	},
	"EH": {
		"name": "مشرِقی سَہارا"
	},
	"MO": {
		"name": "مَکاوو ایس اے آر چیٖن"
	},
	"MW": {
		"name": "ملاوی"
	},
	"MY": {
		"name": "مَلیشِیا"
	},
	"MN": {
		"name": "مَنٛگولِیا"
	},
	"ME": {
		"name": "موٹونیٛگِریو"
	},
	"MU": {
		"name": "مورِشَس"
	},
	"MA": {
		"name": "موروکو"
	},
	"MZ": {
		"name": "موزَمبِک"
	},
	"MD": {
		"name": "مولڑاوِیا"
	},
	"MC": {
		"name": "مونیٚکو"
	},
	"MG": {
		"name": "میڑاگاسکار"
	},
	"MM": {
		"name": "مَیَنما بٔرما"
	},
	"YT": {
		"name": "مَییٹ"
	},
	"NF": {
		"name": "نارفاک جٔزیٖرٕ"
	},
	"NR": {
		"name": "نارووٗ"
	},
	"NO": {
		"name": "ناروے"
	},
	"NI": {
		"name": "ناکاراگُوا"
	},
	"NA": {
		"name": "نامِبِیا"
	},
	"NE": {
		"name": "نایجَر"
	},
	"NG": {
		"name": "نایجیرِیا"
	},
	"NC": {
		"name": "نِو کیلِڑونِیا"
	},
	"NP": {
		"name": "نیپال"
	},
	"NL": {
		"name": "نیٖدَرلینٛڑ"
	},
	"NU": {
		"name": "نیوٗ"
	},
	"NZ": {
		"name": "نیوٗزِلینٛڑ"
	},
	"HN": {
		"name": "ہانٛڈوٗرِس"
	},
	"HK": {
		"name": "ہانٛگ کانٛگ ایس اے آر چیٖن"
	},
	"HT": {
		"name": "ہایتی"
	},
	"IN": {
		"name": "ہِنٛدوستان"
	},
	"HU": {
		"name": "ہَنٛگری"
	},
	"WF": {
		"name": "والِس تہٕ فیوٗچوٗنا"
	},
	"VU": {
		"name": "وانوٗتوٗ"
	},
	"VA": {
		"name": "ویٹِکَن سِٹی"
	},
	"VN": {
		"name": "ویٹِنام"
	},
	"VE": {
		"name": "وینازوٗلا"
	},
	"YE": {
		"name": "یَمَن"
	},
	"GB": {
		"name": "یُنایٹِڑ کِنٛگڈَم"
	},
	"VI": {
		"name": "یوٗ ایس ؤرجِن جٔزیٖرٕ"
	},
	"UA": {
		"name": "یوٗرِکین"
	},
	"UY": {
		"name": "یوٗروگے"
	},
	"UG": {
		"name": "یوٗگانٛڑا"
	},
	"US": {
		"name": "یوٗنایٹِڑ سِٹیٹِس"
	},
	"UM": {
		"name": "یوٗنایٹِڑ سِٹیٹِس ماینَر آوُٹلییِنٛگ جٔزیٖرٕ"
	}
}