{
	"AF": {
		"name": "afganistáŋ"
	},
	"ZA": {
		"name": "afrik anǝ a sud"
	},
	"AX": {
		"name": "Åland Islands"
	},
	"AL": {
		"name": "albaní"
	},
	"DZ": {
		"name": "aljɛrí"
	},
	"US": {
		"name": "amɛrika"
	},
	"AD": {
		"name": "andɔrǝ"
	},
	"AI": {
		"name": "angiya"
	},
	"AO": {
		"name": "angóla"
	},
	"AQ": {
		"name": "Antarctica"
	},
	"AG": {
		"name": "antiga ri barbúda"
	},
	"SA": {
		"name": "arabí saodí"
	},
	"AR": {
		"name": "arjǝntín"
	},
	"AM": {
		"name": "armɛní"
	},
	"AW": {
		"name": "aruba"
	},
	"AC": {
		"name": "Ascension Island"
	},
	"HT": {
		"name": "ayiti"
	},
	"AZ": {
		"name": "azabecán"
	},
	"BB": {
		"name": "baabaadǝ"
	},
	"BS": {
		"name": "baamás"
	},
	"BD": {
		"name": "baŋladɛ́c"
	},
	"BH": {
		"name": "barǝ́n"
	},
	"AE": {
		"name": "bǝlɔŋ bǝ kaksa bɛ táatáaŋzǝn"
	},
	"BM": {
		"name": "bɛɛmúdǝ"
	},
	"BY": {
		"name": "bɛlaris"
	},
	"BZ": {
		"name": "bɛliz"
	},
	"BE": {
		"name": "bɛljík"
	},
	"BJ": {
		"name": "bɛnǝ́n"
	},
	"BW": {
		"name": "botswana"
	},
	"BO": {
		"name": "bɔɔlíví"
	},
	"BA": {
		"name": "bɔsnyɛ ri hɛrsǝgɔvín"
	},
	"BR": {
		"name": "brɛsíl"
	},
	"BN": {
		"name": "brunǝ́"
	},
	"BF": {
		"name": "bukína fǝ́ asɔ"
	},
	"BG": {
		"name": "bulgarí"
	},
	"BI": {
		"name": "burundí"
	},
	"BT": {
		"name": "bután"
	},
	"TD": {
		"name": "caád"
	},
	"IC": {
		"name": "Canary Islands"
	},
	"BQ": {
		"name": "Caribbean Netherlands"
	},
	"EA": {
		"name": "Ceuta & Melilla"
	},
	"CZ": {
		"name": "cɛ́k"
	},
	"CX": {
		"name": "Christmas Island"
	},
	"CL": {
		"name": "cíli"
	},
	"CN": {
		"name": "cín"
	},
	"CY": {
		"name": "cíprɛ"
	},
	"CC": {
		"name": "Cocos (Keeling) Islands"
	},
	"CW": {
		"name": "Curaçao"
	},
	"DK": {
		"name": "danmak"
	},
	"DG": {
		"name": "Diego Garcia"
	},
	"DE": {
		"name": "djɛrman"
	},
	"DM": {
		"name": "dɔminik"
	},
	"DO": {
		"name": "dɔminik rɛpublík"
	},
	"DJ": {
		"name": "dyibutí"
	},
	"EG": {
		"name": "ɛjípt"
	},
	"EC": {
		"name": "ɛkwatɛǝ́"
	},
	"ER": {
		"name": "ɛritrɛ́"
	},
	"EE": {
		"name": "ɛstoní"
	},
	"ET": {
		"name": "ɛtyɔpí"
	},
	"FO": {
		"name": "Faroe Islands"
	},
	"FJ": {
		"name": "fíji"
	},
	"PH": {
		"name": "filipǝ́n"
	},
	"FI": {
		"name": "fínlan"
	},
	"TF": {
		"name": "French Southern Territories"
	},
	"GA": {
		"name": "gabɔŋ"
	},
	"GM": {
		"name": "gambí"
	},
	"GH": {
		"name": "gána"
	},
	"GN": {
		"name": "ginɛ́"
	},
	"GW": {
		"name": "ginɛ́ bisɔ́"
	},
	"GQ": {
		"name": "ginɛ́ ɛkwatɔrial"
	},
	"GR": {
		"name": "grɛ́k"
	},
	"GD": {
		"name": "grɛnadǝ"
	},
	"GL": {
		"name": "grínlan"
	},
	"GG": {
		"name": "Guernsey"
	},
	"GY": {
		"name": "guyán"
	},
	"GF": {
		"name": "guyán i pɛrɛsǝ́"
	},
	"GP": {
		"name": "gwadɛlúp"
	},
	"GU": {
		"name": "gwám"
	},
	"GT": {
		"name": "gwátǝmala"
	},
	"HK": {
		"name": "Hong Kong SAR China"
	},
	"IE": {
		"name": "ilán"
	},
	"IN": {
		"name": "indí"
	},
	"ID": {
		"name": "indonɛsí"
	},
	"IQ": {
		"name": "irák"
	},
	"IR": {
		"name": "iráŋ"
	},
	"IM": {
		"name": "Isle of Man"
	},
	"IL": {
		"name": "israɛ́l"
	},
	"IT": {
		"name": "italí"
	},
	"JM": {
		"name": "jamaík"
	},
	"JP": {
		"name": "japɔ́ŋ"
	},
	"JE": {
		"name": "Jersey"
	},
	"GI": {
		"name": "jibraltá"
	},
	"JO": {
		"name": "jɔrdán"
	},
	"GE": {
		"name": "jɔrjí"
	},
	"NC": {
		"name": "kalɛdoní anyɔ́n"
	},
	"KH": {
		"name": "kambodj"
	},
	"CM": {
		"name": "kamɛrún"
	},
	"CA": {
		"name": "kanada"
	},
	"CV": {
		"name": "kapvɛr"
	},
	"QA": {
		"name": "katá"
	},
	"KZ": {
		"name": "kazakstáŋ"
	},
	"NL": {
		"name": "kǝlɔŋ kǝ ázǝ"
	},
	"GB": {
		"name": "kǝlɔŋ kǝ kǝtáatáaŋzǝn"
	},
	"KE": {
		"name": "kɛnya"
	},
	"KG": {
		"name": "kigistáŋ"
	},
	"KI": {
		"name": "kiribáti"
	},
	"CO": {
		"name": "kolɔmbí"
	},
	"KM": {
		"name": "komɔr"
	},
	"KP": {
		"name": "korɛanɔ́r"
	},
	"KR": {
		"name": "korɛasud"
	},
	"XK": {
		"name": "Kosovo"
	},
	"CG": {
		"name": "kɔngó"
	},
	"CD": {
		"name": "kɔngó anyɔ́n"
	},
	"CR": {
		"name": "kɔstaríka"
	},
	"CI": {
		"name": "kɔtiwuár"
	},
	"ES": {
		"name": "kpanyá"
	},
	"HR": {
		"name": "krwasí"
	},
	"CU": {
		"name": "kuba"
	},
	"KW": {
		"name": "kuwɛit"
	},
	"LA": {
		"name": "laɔs"
	},
	"LS": {
		"name": "lǝsóto"
	},
	"LV": {
		"name": "lɛtoní"
	},
	"LB": {
		"name": "libáŋ"
	},
	"LR": {
		"name": "libɛrya"
	},
	"LY": {
		"name": "libí"
	},
	"LI": {
		"name": "lictɛnstɛ́n"
	},
	"LT": {
		"name": "litwaní"
	},
	"LU": {
		"name": "luksɛmbúr"
	},
	"MO": {
		"name": "Macau SAR China"
	},
	"MG": {
		"name": "madagaska"
	},
	"MW": {
		"name": "malawi"
	},
	"MV": {
		"name": "maldivǝ"
	},
	"MY": {
		"name": "malɛsí"
	},
	"ML": {
		"name": "mali"
	},
	"MT": {
		"name": "maltǝ"
	},
	"MA": {
		"name": "marɔk"
	},
	"MK": {
		"name": "másǝdwán"
	},
	"MQ": {
		"name": "matiník"
	},
	"YT": {
		"name": "mayɔ́t"
	},
	"MX": {
		"name": "mɛksík"
	},
	"FM": {
		"name": "mikronɛ́si"
	},
	"MC": {
		"name": "monako"
	},
	"ME": {
		"name": "Montenegro"
	},
	"MZ": {
		"name": "mosambík"
	},
	"MD": {
		"name": "mɔldaví"
	},
	"MS": {
		"name": "mɔnsɛrat"
	},
	"MN": {
		"name": "mɔŋolí"
	},
	"MU": {
		"name": "mwarís"
	},
	"MR": {
		"name": "mwaritaní"
	},
	"MM": {
		"name": "myanmár"
	},
	"NA": {
		"name": "namibí"
	},
	"NP": {
		"name": "nɛpal"
	},
	"NE": {
		"name": "nijɛ́r"
	},
	"NG": {
		"name": "nijɛ́rya"
	},
	"NI": {
		"name": "níkarágwa"
	},
	"NU": {
		"name": "niwɛ́"
	},
	"NO": {
		"name": "nɔrvɛjǝ"
	},
	"NR": {
		"name": "nwarú"
	},
	"OM": {
		"name": "oman"
	},
	"AT": {
		"name": "otric"
	},
	"HN": {
		"name": "ɔnduras"
	},
	"HU": {
		"name": "ɔngrí"
	},
	"AU": {
		"name": "ɔstralí"
	},
	"PK": {
		"name": "pakistáŋ"
	},
	"PW": {
		"name": "palwa"
	},
	"PA": {
		"name": "panama"
	},
	"PG": {
		"name": "papwazí ginɛ́ anyɔ́n"
	},
	"PY": {
		"name": "paragwɛ́"
	},
	"FR": {
		"name": "pɛrɛsǝ́"
	},
	"PE": {
		"name": "pɛrú"
	},
	"PN": {
		"name": "pitkɛ́n"
	},
	"PL": {
		"name": "polɔ́n"
	},
	"PT": {
		"name": "portugál"
	},
	"PF": {
		"name": "pɔlinɛsí a pɛrɛsǝ́"
	},
	"PR": {
		"name": "pɔtoríko"
	},
	"RE": {
		"name": "rɛunyɔŋ"
	},
	"RU": {
		"name": "risí"
	},
	"RO": {
		"name": "rɔmaní"
	},
	"RW": {
		"name": "rwanda"
	},
	"SV": {
		"name": "salvadɔr"
	},
	"WS": {
		"name": "samɔa"
	},
	"AS": {
		"name": "samɔa a amɛrika"
	},
	"CF": {
		"name": "santrafrík"
	},
	"ST": {
		"name": "saotomɛ́ ri priŋsib"
	},
	"RS": {
		"name": "Serbia"
	},
	"SC": {
		"name": "sɛcɛl"
	},
	"SN": {
		"name": "sɛnɛgal"
	},
	"KN": {
		"name": "sɛnkrǝstɔ́f ri nyɛ́vǝ"
	},
	"SM": {
		"name": "sɛnmarǝn"
	},
	"PM": {
		"name": "sɛnpyɛr ri mikɛlɔŋ"
	},
	"SH": {
		"name": "sɛntɛ́len"
	},
	"LC": {
		"name": "sɛntlísí"
	},
	"VC": {
		"name": "sɛnvǝnsǝŋ ri grɛnadín"
	},
	"SX": {
		"name": "Sint Maarten"
	},
	"SG": {
		"name": "siŋapó"
	},
	"SY": {
		"name": "sirí"
	},
	"SK": {
		"name": "slovakí"
	},
	"SI": {
		"name": "slovɛní"
	},
	"SO": {
		"name": "somalí"
	},
	"GS": {
		"name": "South Georgia & South Sandwich Islands"
	},
	"SS": {
		"name": "South Sudan"
	},
	"LK": {
		"name": "srílaŋka"
	},
	"BL": {
		"name": "St. Barthélemy"
	},
	"MF": {
		"name": "St. Martin"
	},
	"SD": {
		"name": "sudan"
	},
	"SR": {
		"name": "surinam"
	},
	"SJ": {
		"name": "Svalbard & Jan Mayen"
	},
	"SZ": {
		"name": "swazilan"
	},
	"SE": {
		"name": "swɛdǝ"
	},
	"CH": {
		"name": "swís"
	},
	"SL": {
		"name": "syɛraleon"
	},
	"TJ": {
		"name": "tadjikistaŋ"
	},
	"TZ": {
		"name": "tanzaní"
	},
	"TH": {
		"name": "tɛlan"
	},
	"TT": {
		"name": "tɛrinitɛ ri tobago"
	},
	"TW": {
		"name": "tɛwán"
	},
	"TL": {
		"name": "timor anǝ á ɛst"
	},
	"TR": {
		"name": "tirkí"
	},
	"TM": {
		"name": "tirkmɛnistaŋ"
	},
	"TG": {
		"name": "togo"
	},
	"TK": {
		"name": "tokǝlao"
	},
	"TO": {
		"name": "tɔŋa"
	},
	"TA": {
		"name": "Tristan da Cunha"
	},
	"TN": {
		"name": "tunɛsí"
	},
	"TV": {
		"name": "tuwalu"
	},
	"UM": {
		"name": "U.S. Outlying Islands"
	},
	"UG": {
		"name": "uganda"
	},
	"UA": {
		"name": "ukrain"
	},
	"UY": {
		"name": "urugwɛ́"
	},
	"UZ": {
		"name": "usbɛkistaŋ"
	},
	"WF": {
		"name": "walis ri futuna"
	},
	"VU": {
		"name": "wanwatu"
	},
	"VA": {
		"name": "watikáŋ"
	},
	"EH": {
		"name": "Western Sahara"
	},
	"VE": {
		"name": "wɛnǝzwɛla"
	},
	"VN": {
		"name": "wyɛtnám"
	},
	"YE": {
		"name": "yɛmɛn"
	},
	"ZM": {
		"name": "zambí"
	},
	"VI": {
		"name": "zǝ bɛ gɔn inɛ á amɛrika"
	},
	"VG": {
		"name": "zǝ bɛ gɔn inɛ a ingɛrís"
	},
	"KY": {
		"name": "zǝ i gan"
	},
	"IS": {
		"name": "zǝ i glás"
	},
	"MH": {
		"name": "zǝ i marcál"
	},
	"IO": {
		"name": "zǝ ingɛrís ncɔ́m wa indi"
	},
	"FK": {
		"name": "zǝ maalwín"
	},
	"MP": {
		"name": "zǝ maryánnɔ́r"
	},
	"PS": {
		"name": "zǝ palɛstínǝ"
	},
	"SB": {
		"name": "zǝ salomɔ́n"
	},
	"TC": {
		"name": "zǝ tirk ri kakɔs"
	},
	"CK": {
		"name": "zɛ i kúk"
	},
	"NF": {
		"name": "zɛ nɔ́fɔlk"
	},
	"NZ": {
		"name": "zɛlan anyɔ́n"
	},
	"ZW": {
		"name": "zimbabwɛ́"
	}
}