{
	"AF": {
		"name": "Afjaanistahn"
	},
	"AR": {
		"name": "Ajjentiinije"
	},
	"EG": {
		"name": "Äjüpte"
	},
	"EC": {
		"name": "Äkwador"
	},
	"SV": {
		"name": "Äl Slavadohr"
	},
	"AL": {
		"name": "Albaanije"
	},
	"CI": {
		"name": "Älfebeijn-Köß"
	},
	"DZ": {
		"name": "Alljeerije"
	},
	"AS": {
		"name": "Ammerikaanesch Sammoha"
	},
	"AD": {
		"name": "Andorra"
	},
	"AI": {
		"name": "Anggwilla"
	},
	"AO": {
		"name": "Angjoola"
	},
	"AG": {
		"name": "Antigwa un Barbuda"
	},
	"GQ": {
		"name": "Äquatorial Jineeja"
	},
	"ER": {
		"name": "Äritreja"
	},
	"AM": {
		"name": "Arrmeenije"
	},
	"AW": {
		"name": "Aruba"
	},
	"AC": {
		"name": "Aßension"
	},
	"AZ": {
		"name": "Asserbaidschahn"
	},
	"EE": {
		"name": "Äßland"
	},
	"ET": {
		"name": "Ättijoopije"
	},
	"AU": {
		"name": "Austraalije"
	},
	"BH": {
		"name": "Bachrain"
	},
	"BD": {
		"name": "Bangladesch"
	},
	"BZ": {
		"name": "Belize"
	},
	"BE": {
		"name": "Bellje"
	},
	"MM": {
		"name": "Birma"
	},
	"BO": {
		"name": "Bolliivije"
	},
	"BA": {
		"name": "Boßnije un Herzegovina"
	},
	"BW": {
		"name": "Bozwaana"
	},
	"BR": {
		"name": "Brasilije"
	},
	"IO": {
		"name": "Brettesche Besezunge em indesche Oozejahn"
	},
	"BN": {
		"name": "Brunei"
	},
	"BF": {
		"name": "Bukkinna-Faase"
	},
	"BG": {
		"name": "Bulljaarije"
	},
	"BI": {
		"name": "Burundi"
	},
	"BT": {
		"name": "Buttaan"
	},
	"CW": {
		"name": "Curaçao"
	},
	"BJ": {
		"name": "dä Benin"
	},
	"CG": {
		"name": "dä Konggo (Brassavill)"
	},
	"CD": {
		"name": "dä Konggo (Kinschasa)"
	},
	"DK": {
		"name": "Dänemark"
	},
	"VI": {
		"name": "de ammärrikahnesche Juffer-Enselle"
	},
	"BS": {
		"name": "de Bahamas"
	},
	"BM": {
		"name": "de Bermudas"
	},
	"VG": {
		"name": "de brettesche Juffer-Enselle"
	},
	"DG": {
		"name": "de Diego-Garcia-Ensel"
	},
	"DO": {
		"name": "de Dommenekaanesche Reppublik"
	},
	"BB": {
		"name": "de Ensel Barbados"
	},
	"IM": {
		"name": "de Ensel Män"
	},
	"SH": {
		"name": "de Ensel Zint Hellena"
	},
	"LC": {
		"name": "de Ensel Zint-Lutscha"
	},
	"SJ": {
		"name": "de Enselle Svalbard un Jan Mayen"
	},
	"TC": {
		"name": "de Enselle Turks un Kaikos"
	},
	"FK": {
		"name": "de Falkland-Enselle"
	},
	"FO": {
		"name": "de Färrör-Enselle"
	},
	"FJ": {
		"name": "de Fidschi-Endelle"
	},
	"KY": {
		"name": "de Kaiman-Enselle"
	},
	"IC": {
		"name": "de Kannaresche Enselle"
	},
	"CV": {
		"name": "de kapvärdesche Enselle"
	},
	"BQ": {
		"name": "de karribbesche Nederläng"
	},
	"CC": {
		"name": "de Kokkos-Enselle"
	},
	"KM": {
		"name": "de Kommoore"
	},
	"CK": {
		"name": "de Kuuk-Enselle"
	},
	"MH": {
		"name": "de Machschall-Enselle"
	},
	"NL": {
		"name": "de Nederläng"
	},
	"MP": {
		"name": "de nöödlijje Marijanne-Enselle"
	},
	"NF": {
		"name": "de Noofok-Ensel"
	},
	"AX": {
		"name": "de Ohland-Enselle"
	},
	"PN": {
		"name": "de Pitkärn-Ensel"
	},
	"ZA": {
		"name": "de Republik Södaffrika"
	},
	"CH": {
		"name": "de Schweiz"
	},
	"SC": {
		"name": "de Seischälle"
	},
	"SB": {
		"name": "de Solomone-Enselle"
	},
	"TR": {
		"name": "de Törkei"
	},
	"CZ": {
		"name": "de Tschäschei"
	},
	"UA": {
		"name": "de Ukra’iine"
	},
	"UM": {
		"name": "de Vereineschte Schtaate vun Amärrika ier ußerhallef jelääje Enselsche"
	},
	"US": {
		"name": "de vereineschte Schtaate vun Ammärrika"
	},
	"CX": {
		"name": "de Weihnaachs-Ensel"
	},
	"CF": {
		"name": "de Zäntraalaffrikaanesche Republik"
	},
	"BL": {
		"name": "de Zint Battälmi-Enselle"
	},
	"MF": {
		"name": "de Zint-Määtes-Ensel"
	},
	"SN": {
		"name": "der Sennejall"
	},
	"AQ": {
		"name": "der Södpol"
	},
	"TD": {
		"name": "der Tschadd"
	},
	"VA": {
		"name": "der Vattikahn"
	},
	"DM": {
		"name": "Dominnika"
	},
	"DE": {
		"name": "Doütschland"
	},
	"DJ": {
		"name": "Dschibutti"
	},
	"ME": {
		"name": "et Monteneejro"
	},
	"PH": {
		"name": "Fillipiine"
	},
	"FI": {
		"name": "Finnland"
	},
	"FR": {
		"name": "Frankrisch"
	},
	"GF": {
		"name": "Franzüüsesch Jujaana"
	},
	"PF": {
		"name": "Franzüüsesch Pollineesije"
	},
	"TF": {
		"name": "Franzüüsesche Södsee-Enselle"
	},
	"HT": {
		"name": "Ha’itti"
	},
	"HN": {
		"name": "Honduras"
	},
	"HK": {
		"name": "Hongkong"
	},
	"IN": {
		"name": "Indije"
	},
	"ID": {
		"name": "Indoneesije"
	},
	"IQ": {
		"name": "Irak"
	},
	"IE": {
		"name": "Irrland"
	},
	"IS": {
		"name": "Ißland"
	},
	"IL": {
		"name": "Ißraäl"
	},
	"IT": {
		"name": "Itaalije"
	},
	"GH": {
		"name": "Jaana"
	},
	"GA": {
		"name": "Jabuhn"
	},
	"GM": {
		"name": "Jambija"
	},
	"JM": {
		"name": "Jammaika"
	},
	"YE": {
		"name": "Jämme"
	},
	"JP": {
		"name": "Japan"
	},
	"GE": {
		"name": "Jeorrjije"
	},
	"GI": {
		"name": "Jibralltaa"
	},
	"GN": {
		"name": "Jinneha"
	},
	"GW": {
		"name": "Jinneha_Bißau"
	},
	"GG": {
		"name": "Jöönsei"
	},
	"JE": {
		"name": "Jööseh"
	},
	"JO": {
		"name": "Jordaanije"
	},
	"GD": {
		"name": "Jrenahda"
	},
	"GR": {
		"name": "Jriescheland"
	},
	"GL": {
		"name": "Jröhnland"
	},
	"GB": {
		"name": "Jruußbrettannije"
	},
	"GP": {
		"name": "Juadelupp"
	},
	"GU": {
		"name": "Juham"
	},
	"GY": {
		"name": "Jujaana"
	},
	"GT": {
		"name": "Juwatemahla"
	},
	"KH": {
		"name": "Kambodscha"
	},
	"CM": {
		"name": "Kammeruhn"
	},
	"CA": {
		"name": "Kanada"
	},
	"KZ": {
		"name": "Kassakstahn"
	},
	"QA": {
		"name": "Kataa"
	},
	"KE": {
		"name": "Keenija"
	},
	"KI": {
		"name": "Kiribati"
	},
	"KG": {
		"name": "Kirrjiisije"
	},
	"CO": {
		"name": "Kolumbije"
	},
	"XK": {
		"name": "Kosovo"
	},
	"CR": {
		"name": "Kostarika"
	},
	"HR": {
		"name": "Krowazije"
	},
	"CU": {
		"name": "Kuhba"
	},
	"KW": {
		"name": "Kuweit"
	},
	"LA": {
		"name": "La’os"
	},
	"LV": {
		"name": "Lätland"
	},
	"LB": {
		"name": "Lebbannon"
	},
	"LS": {
		"name": "Lesooto"
	},
	"LY": {
		"name": "Libbije"
	},
	"LR": {
		"name": "Libeerija"
	},
	"LI": {
		"name": "Lischteschtein"
	},
	"LT": {
		"name": "Littaue"
	},
	"LU": {
		"name": "Luxembursch"
	},
	"ML": {
		"name": "Maali"
	},
	"MQ": {
		"name": "Machtinik"
	},
	"MG": {
		"name": "Maddajaska"
	},
	"YT": {
		"name": "Majott"
	},
	"MO": {
		"name": "Makau"
	},
	"MY": {
		"name": "Malaisije"
	},
	"MW": {
		"name": "Malawi"
	},
	"MV": {
		"name": "Mallediive"
	},
	"MT": {
		"name": "Malta"
	},
	"MA": {
		"name": "Marokko"
	},
	"MU": {
		"name": "Maurizijus"
	},
	"MR": {
		"name": "Mautitaanije"
	},
	"MX": {
		"name": "Mäxiko"
	},
	"MK": {
		"name": "Mazedoonije"
	},
	"FM": {
		"name": "Mikroneesije"
	},
	"MD": {
		"name": "Moldaavije"
	},
	"MC": {
		"name": "Monakko"
	},
	"MN": {
		"name": "Mongjolei"
	},
	"MS": {
		"name": "Mongßerrat"
	},
	"MZ": {
		"name": "Mosambik"
	},
	"NA": {
		"name": "Namiibije"
	},
	"NR": {
		"name": "Nauru"
	},
	"NP": {
		"name": "Nepall"
	},
	"NC": {
		"name": "Neuschottland"
	},
	"NZ": {
		"name": "Neuseeland"
	},
	"NE": {
		"name": "Nijer"
	},
	"NG": {
		"name": "Nikaraagua"
	},
	"NI": {
		"name": "Nikarahguwa"
	},
	"NU": {
		"name": "Niue"
	},
	"KP": {
		"name": "Nood-Koreja"
	},
	"SD": {
		"name": "Noodsudahn"
	},
	"NO": {
		"name": "Norrweeje"
	},
	"OM": {
		"name": "Oman"
	},
	"AT": {
		"name": "Öösterisch"
	},
	"TL": {
		"name": "Oß-Timor"
	},
	"PK": {
		"name": "Pakistahn"
	},
	"PS": {
		"name": "Palästina"
	},
	"PW": {
		"name": "Pallau"
	},
	"PA": {
		"name": "Pannama"
	},
	"PG": {
		"name": "Papuwa Neujineeja"
	},
	"PY": {
		"name": "Parraguwai"
	},
	"PE": {
		"name": "Perruh"
	},
	"IR": {
		"name": "Persije"
	},
	"PT": {
		"name": "Pochtojall"
	},
	"PR": {
		"name": "Pochtoriko"
	},
	"PL": {
		"name": "Pole"
	},
	"RE": {
		"name": "Rehunjohn"
	},
	"RO": {
		"name": "Romäänije"
	},
	"RW": {
		"name": "Ruanda"
	},
	"RU": {
		"name": "Rußland"
	},
	"ZM": {
		"name": "Sambija"
	},
	"WS": {
		"name": "Sammoha"
	},
	"SM": {
		"name": "San-Marino"
	},
	"RS": {
		"name": "Särbije"
	},
	"SA": {
		"name": "Saudi Arraabije"
	},
	"CL": {
		"name": "Schiile"
	},
	"CN": {
		"name": "Schiina"
	},
	"ES": {
		"name": "Schpaanije"
	},
	"SE": {
		"name": "Schweede"
	},
	"ZW": {
		"name": "Simbabwe"
	},
	"SG": {
		"name": "Singjapuur"
	},
	"SL": {
		"name": "Sjärra Lejone"
	},
	"GS": {
		"name": "Söd-Jeorjie un de södlijje Botteramms-Enselle"
	},
	"KR": {
		"name": "Söd-Koreja"
	},
	"SS": {
		"name": "Södsudahn"
	},
	"SO": {
		"name": "Somaalije"
	},
	"LK": {
		"name": "Sri Lanka"
	},
	"SK": {
		"name": "ẞlovakei"
	},
	"SI": {
		"name": "ẞloveenije"
	},
	"SZ": {
		"name": "ẞwaasiland"
	},
	"SY": {
		"name": "Sürije"
	},
	"SR": {
		"name": "Sürinamm"
	},
	"TJ": {
		"name": "Tadschikistahn"
	},
	"TH": {
		"name": "Tailand"
	},
	"TW": {
		"name": "Taiwan"
	},
	"TZ": {
		"name": "Tansanija"
	},
	"TK": {
		"name": "Tokelau"
	},
	"TO": {
		"name": "Tongga"
	},
	"TG": {
		"name": "Toojo"
	},
	"TT": {
		"name": "Trinidad un Tobähjo"
	},
	"TA": {
		"name": "Tristan da Cunja"
	},
	"TN": {
		"name": "Tuneesije"
	},
	"TM": {
		"name": "Turkmenistahn"
	},
	"TV": {
		"name": "Tuvalu"
	},
	"UG": {
		"name": "Ujanda"
	},
	"HU": {
		"name": "Unjann"
	},
	"UY": {
		"name": "Urrujwai"
	},
	"UZ": {
		"name": "Ußbeekistahn"
	},
	"VU": {
		"name": "Vanuatu"
	},
	"VE": {
		"name": "Venezuela"
	},
	"AE": {
		"name": "Vereinschte Arrabesche Emmirate"
	},
	"VN": {
		"name": "Vijätnamm"
	},
	"WF": {
		"name": "Wallis un Futuna"
	},
	"EH": {
		"name": "Wäß-Sahara"
	},
	"BY": {
		"name": "Wießrußland"
	},
	"EA": {
		"name": "Ze’uta un Meliija"
	},
	"KN": {
		"name": "Zint Kitts un Nevis"
	},
	"SX": {
		"name": "Zint Maarten"
	},
	"PM": {
		"name": "Zint Pjäär un Mikelong"
	},
	"ST": {
		"name": "Zint Tommeh un Printschipe"
	},
	"VC": {
		"name": "Zint Vinzänz un de Jrenadines-Enselle"
	},
	"CY": {
		"name": "Züppere"
	}
}