{
	"ZA": {
		"name": "Afɨrɨka ya Saame"
	},
	"AF": {
		"name": "Afuganisitáani"
	},
	"IS": {
		"name": "Aisiláandi"
	},
	"AR": {
		"name": "Ajentíina"
	},
	"AX": {
		"name": "Åland Islands"
	},
	"DZ": {
		"name": "Alijéria"
	},
	"AL": {
		"name": "Alubánia"
	},
	"US": {
		"name": "Amerɨka"
	},
	"AD": {
		"name": "Andóra"
	},
	"AO": {
		"name": "Angóola"
	},
	"AI": {
		"name": "Anguíila"
	},
	"AQ": {
		"name": "Antarctica"
	},
	"AG": {
		"name": "Antigúua na Baribúuda"
	},
	"AM": {
		"name": "Ariménia"
	},
	"AW": {
		"name": "Arúuba"
	},
	"AC": {
		"name": "Ascension Island"
	},
	"AU": {
		"name": "Ausiteréelia"
	},
	"AT": {
		"name": "Áusitiria"
	},
	"IE": {
		"name": "Ayaláandi"
	},
	"AZ": {
		"name": "Azabajáani"
	},
	"BB": {
		"name": "Babadóosi"
	},
	"BS": {
		"name": "Baháama"
	},
	"BH": {
		"name": "Baharéeni"
	},
	"BD": {
		"name": "Bangaladéeshi"
	},
	"BY": {
		"name": "Belarúusi"
	},
	"BZ": {
		"name": "Belíise"
	},
	"BJ": {
		"name": "Beníini"
	},
	"BM": {
		"name": "Berimúuda"
	},
	"BO": {
		"name": "Bolívia"
	},
	"BA": {
		"name": "Bósinia"
	},
	"BW": {
		"name": "Botiswáana"
	},
	"BR": {
		"name": "Brasíili"
	},
	"MG": {
		"name": "Bukíini"
	},
	"BF": {
		"name": "Bukinafáaso"
	},
	"BG": {
		"name": "Buligaría"
	},
	"BN": {
		"name": "Burunéei"
	},
	"BI": {
		"name": "Burúundi"
	},
	"BT": {
		"name": "Butáani"
	},
	"IC": {
		"name": "Canary Islands"
	},
	"BQ": {
		"name": "Caribbean Netherlands"
	},
	"EA": {
		"name": "Ceuta & Melilla"
	},
	"TD": {
		"name": "Cháadi"
	},
	"CL": {
		"name": "Chíile"
	},
	"CN": {
		"name": "Chíina"
	},
	"CX": {
		"name": "Christmas Island"
	},
	"CC": {
		"name": "Cocos (Keeling) Islands"
	},
	"CW": {
		"name": "Curaçao"
	},
	"DK": {
		"name": "Denimaki"
	},
	"DG": {
		"name": "Diego Garcia"
	},
	"DM": {
		"name": "Domínɨka"
	},
	"SV": {
		"name": "Elisalivado"
	},
	"ER": {
		"name": "Eriterea"
	},
	"EE": {
		"name": "Estonía"
	},
	"FO": {
		"name": "Faroe Islands"
	},
	"FJ": {
		"name": "Fíiji"
	},
	"TF": {
		"name": "French Southern Territories"
	},
	"GH": {
		"name": "Gáana"
	},
	"GA": {
		"name": "Gabóoni"
	},
	"GM": {
		"name": "Gámbia"
	},
	"GN": {
		"name": "Gíine"
	},
	"GW": {
		"name": "Gíine Bisáau"
	},
	"GQ": {
		"name": "Gíine Ikwéeta"
	},
	"GD": {
		"name": "Girenáada"
	},
	"GL": {
		"name": "Giriniláandi"
	},
	"GG": {
		"name": "Guernsey"
	},
	"GY": {
		"name": "Guyáana"
	},
	"GP": {
		"name": "Gwadelúupe"
	},
	"GU": {
		"name": "Gwani"
	},
	"GT": {
		"name": "Gwatemáala"
	},
	"GF": {
		"name": "Gwiyáana yʉ Ʉfaráansa"
	},
	"HT": {
		"name": "Haíiti"
	},
	"ES": {
		"name": "Hisipánia"
	},
	"HN": {
		"name": "Honduráasi"
	},
	"HK": {
		"name": "Hong Kong SAR China"
	},
	"HU": {
		"name": "Hungária"
	},
	"EC": {
		"name": "Íkwado"
	},
	"IN": {
		"name": "Índia"
	},
	"ID": {
		"name": "Indonésia"
	},
	"IQ": {
		"name": "Iráaki"
	},
	"IL": {
		"name": "Isiraéeli"
	},
	"IM": {
		"name": "Isle of Man"
	},
	"IT": {
		"name": "Itália"
	},
	"CI": {
		"name": "Ivori Kositi"
	},
	"IO": {
		"name": "Ɨsɨ yʉ Ʉɨngeréesa irivii ra Híindi"
	},
	"JM": {
		"name": "Jamáika"
	},
	"CZ": {
		"name": "Jamuhúuri ya Chéeki"
	},
	"DO": {
		"name": "Jamuhúuri ya Dominɨka"
	},
	"CD": {
		"name": "Jamuhúuri ya Kɨdemokurasía ya Kóongo"
	},
	"JP": {
		"name": "Japáani"
	},
	"JE": {
		"name": "Jersey"
	},
	"GI": {
		"name": "Jiburálita"
	},
	"DJ": {
		"name": "Jibúuti"
	},
	"JO": {
		"name": "Jódani"
	},
	"GE": {
		"name": "Jójia"
	},
	"CF": {
		"name": "Juhúuri ya Afɨrɨka ya katɨ katɨ"
	},
	"NC": {
		"name": "Kaledónia Ifya"
	},
	"KH": {
		"name": "Kambódia"
	},
	"CM": {
		"name": "Kamerúuni"
	},
	"CA": {
		"name": "Kánada"
	},
	"QA": {
		"name": "Katáari"
	},
	"KZ": {
		"name": "Kazakasitáani"
	},
	"KE": {
		"name": "Kéenya"
	},
	"CV": {
		"name": "Kepuvéede"
	},
	"KI": {
		"name": "Kiribáati"
	},
	"KG": {
		"name": "Kirigisitáani"
	},
	"NF": {
		"name": "Kisíiwa cha Nofifóoki"
	},
	"CO": {
		"name": "Kolómbia"
	},
	"KM": {
		"name": "Komóoro"
	},
	"CG": {
		"name": "Kóongo"
	},
	"KR": {
		"name": "Koréa ya Saame"
	},
	"KP": {
		"name": "Koréa yʉ ʉtʉrʉko"
	},
	"HR": {
		"name": "Koréshia"
	},
	"CR": {
		"name": "Kósita Rɨ́ɨka"
	},
	"XK": {
		"name": "Kosovo"
	},
	"CY": {
		"name": "Kupuróosi"
	},
	"KW": {
		"name": "Kʉwáiti"
	},
	"CU": {
		"name": "Kyúuba"
	},
	"LA": {
		"name": "Laóosi"
	},
	"LU": {
		"name": "Lasembáagi"
	},
	"LV": {
		"name": "Lativia"
	},
	"LB": {
		"name": "Lebanóoni"
	},
	"LS": {
		"name": "Lesóoto"
	},
	"LY": {
		"name": "Líbia"
	},
	"LR": {
		"name": "Liibéria"
	},
	"LI": {
		"name": "Lishentéeni"
	},
	"LT": {
		"name": "Lisuánia"
	},
	"ML": {
		"name": "Máali"
	},
	"MO": {
		"name": "Macau SAR China"
	},
	"MW": {
		"name": "Maláawi"
	},
	"MY": {
		"name": "Maleísia"
	},
	"MT": {
		"name": "Málita"
	},
	"MQ": {
		"name": "Maritiníiki"
	},
	"MK": {
		"name": "Masedónia"
	},
	"YT": {
		"name": "Mayóote"
	},
	"MX": {
		"name": "Mekisiko"
	},
	"MM": {
		"name": "Miáama"
	},
	"FM": {
		"name": "Mikironésia"
	},
	"EG": {
		"name": "Mísiri"
	},
	"MV": {
		"name": "Modíivu"
	},
	"MD": {
		"name": "Molidóova"
	},
	"MC": {
		"name": "Monáako"
	},
	"MN": {
		"name": "Mongólia"
	},
	"ME": {
		"name": "Montenegro"
	},
	"MS": {
		"name": "Monteráati"
	},
	"MU": {
		"name": "Moríisi"
	},
	"MR": {
		"name": "Moritánia"
	},
	"MA": {
		"name": "Moróoko"
	},
	"MZ": {
		"name": "Musumbíiji"
	},
	"SH": {
		"name": "Mʉtakatíifu Heléena"
	},
	"KN": {
		"name": "Mʉtakatíifu kitisi na Nevíisi"
	},
	"LC": {
		"name": "Mʉtakatíifu Lusíia"
	},
	"PM": {
		"name": "Mʉtakatíifu Peéteri na Mɨkaéeli"
	},
	"VC": {
		"name": "Mʉtakatíifu Viséenti na Gernadíini"
	},
	"PS": {
		"name": "Mweemberera wa kʉmweeri wa Gáaza"
	},
	"NA": {
		"name": "Namíbia"
	},
	"NR": {
		"name": "Naúuru"
	},
	"NP": {
		"name": "Nepáali"
	},
	"NE": {
		"name": "Níija"
	},
	"NG": {
		"name": "Niijéria"
	},
	"NI": {
		"name": "Nikarágʉa"
	},
	"NU": {
		"name": "Niúue"
	},
	"NO": {
		"name": "Norwe"
	},
	"NZ": {
		"name": "Nyuzílandi"
	},
	"OM": {
		"name": "Ómani"
	},
	"PK": {
		"name": "Pakisitáani"
	},
	"PW": {
		"name": "Paláau"
	},
	"PA": {
		"name": "Panáama"
	},
	"PG": {
		"name": "Papúua"
	},
	"PY": {
		"name": "Paraguáai"
	},
	"PN": {
		"name": "Patikaírini"
	},
	"PE": {
		"name": "Péeru"
	},
	"PL": {
		"name": "Pólandi"
	},
	"PF": {
		"name": "Polinésia yʉ Ʉfaráansa"
	},
	"PR": {
		"name": "Pwetorɨ́ɨko"
	},
	"RE": {
		"name": "Reyunióoni"
	},
	"RO": {
		"name": "Romaníia"
	},
	"RW": {
		"name": "Rwáanda"
	},
	"SM": {
		"name": "Samaríino"
	},
	"ZM": {
		"name": "Sámbia"
	},
	"WS": {
		"name": "Samóoa"
	},
	"AS": {
		"name": "Samóoa ya Amerɨ́ka"
	},
	"ST": {
		"name": "Sao Tóome na Pirinsipe"
	},
	"SA": {
		"name": "Saudíia Arabíia"
	},
	"SN": {
		"name": "Senegáali"
	},
	"SL": {
		"name": "Seraleóoni"
	},
	"RS": {
		"name": "Serbia"
	},
	"SC": {
		"name": "Shelishéeli"
	},
	"ZW": {
		"name": "Simbáabwe"
	},
	"SG": {
		"name": "Singapoo"
	},
	"SX": {
		"name": "Sint Maarten"
	},
	"SY": {
		"name": "Síria"
	},
	"LK": {
		"name": "Siriláanka"
	},
	"SO": {
		"name": "Somália"
	},
	"GS": {
		"name": "South Georgia & South Sandwich Islands"
	},
	"SS": {
		"name": "South Sudan"
	},
	"BL": {
		"name": "St. Barthélemy"
	},
	"MF": {
		"name": "St. Martin"
	},
	"SD": {
		"name": "Sudáani"
	},
	"SK": {
		"name": "Sulováakia"
	},
	"SI": {
		"name": "Sulovénia"
	},
	"SR": {
		"name": "Surináamu"
	},
	"SJ": {
		"name": "Svalbard & Jan Mayen"
	},
	"TZ": {
		"name": "Taansanía"
	},
	"TH": {
		"name": "Táilandi"
	},
	"TW": {
		"name": "Taiwáani"
	},
	"TJ": {
		"name": "Tajikisitáani"
	},
	"TL": {
		"name": "Timóori yi Itʉʉmba"
	},
	"TT": {
		"name": "Tiriníida ya Tobáago"
	},
	"TK": {
		"name": "Tokeláau"
	},
	"TG": {
		"name": "Tóogo"
	},
	"TO": {
		"name": "Tóonga"
	},
	"TA": {
		"name": "Tristan da Cunha"
	},
	"TN": {
		"name": "Tunísia"
	},
	"TV": {
		"name": "Tuváalu"
	},
	"UM": {
		"name": "U.S. Outlying Islands"
	},
	"FI": {
		"name": "Ufíini"
	},
	"PH": {
		"name": "Ufilipíino"
	},
	"GR": {
		"name": "Ugiríki"
	},
	"UY": {
		"name": "Uruguáai"
	},
	"RU": {
		"name": "Urúusi"
	},
	"UZ": {
		"name": "Usibekisitáani"
	},
	"SE": {
		"name": "Uswíidi"
	},
	"CH": {
		"name": "Uswíisi"
	},
	"TM": {
		"name": "Uturukimenisitáani"
	},
	"TR": {
		"name": "Uturúuki"
	},
	"IR": {
		"name": "Ʉajéemi"
	},
	"BE": {
		"name": "Ʉbeligíiji"
	},
	"FR": {
		"name": "Ʉfaráansa"
	},
	"UG": {
		"name": "Ʉgáanda"
	},
	"ET": {
		"name": "Ʉhabéeshi"
	},
	"NL": {
		"name": "Ʉholáanzi"
	},
	"GB": {
		"name": "Ʉɨngeréesa"
	},
	"DE": {
		"name": "Ʉjerumáani"
	},
	"UA": {
		"name": "Ʉkɨréeni"
	},
	"PT": {
		"name": "Ʉréeno"
	},
	"SZ": {
		"name": "Ʉswáazi"
	},
	"AE": {
		"name": "Ʉtemi wa Kɨaráabu"
	},
	"VU": {
		"name": "Vanuáatu"
	},
	"VA": {
		"name": "Vatikáani"
	},
	"VE": {
		"name": "Venezuéela"
	},
	"VN": {
		"name": "Vietináamu"
	},
	"FK": {
		"name": "Visíiwa vya Fakulandi"
	},
	"KY": {
		"name": "Visíiwa vya Kayimani"
	},
	"CK": {
		"name": "Visíiwa vya Kúuku"
	},
	"MH": {
		"name": "Visíiwa vya Marisháali"
	},
	"SB": {
		"name": "Visíiwa vya Solomóoni"
	},
	"TC": {
		"name": "Visíiwa vya Turíiki na Kaíiko"
	},
	"VI": {
		"name": "Visíiwa vya Vigíini vya Amerɨ́ka"
	},
	"VG": {
		"name": "Visíiwa vya Vigíini vya Ʉɨngeréesa"
	},
	"MP": {
		"name": "Visiwa vya Mariana vya Kaskazini"
	},
	"WF": {
		"name": "Walíisi na Futúuna"
	},
	"EH": {
		"name": "Western Sahara"
	},
	"YE": {
		"name": "Yémeni"
	}
}