{
	"AF": {
		"name": "Afghanistan"
	},
	"AX": {
		"name": "Ålandinselen"
	},
	"AL": {
		"name": "Albanien"
	},
	"DZ": {
		"name": "Algerien"
	},
	"VI": {
		"name": "Amerikanesch Joffereninselen"
	},
	"UM": {
		"name": "Amerikanesch-Ozeanien"
	},
	"AS": {
		"name": "Amerikanesch-Samoa"
	},
	"AD": {
		"name": "Andorra"
	},
	"AO": {
		"name": "Angola"
	},
	"AI": {
		"name": "Anguilla"
	},
	"AQ": {
		"name": "Antarktis"
	},
	"AG": {
		"name": "Antigua a Barbuda"
	},
	"AR": {
		"name": "Argentinien"
	},
	"AM": {
		"name": "Armenien"
	},
	"AW": {
		"name": "Aruba"
	},
	"AC": {
		"name": "Ascension"
	},
	"AZ": {
		"name": "Aserbaidschan"
	},
	"AU": {
		"name": "Australien"
	},
	"BS": {
		"name": "Bahamas"
	},
	"BH": {
		"name": "Bahrain"
	},
	"BD": {
		"name": "Bangladesch"
	},
	"BB": {
		"name": "Barbados"
	},
	"BZ": {
		"name": "Belize"
	},
	"BE": {
		"name": "Belsch"
	},
	"BJ": {
		"name": "Benin"
	},
	"BM": {
		"name": "Bermuda"
	},
	"BT": {
		"name": "Bhutan"
	},
	"BO": {
		"name": "Bolivien"
	},
	"BA": {
		"name": "Bosnien an Herzegowina"
	},
	"BW": {
		"name": "Botsuana"
	},
	"BR": {
		"name": "Brasilien"
	},
	"VG": {
		"name": "Britesch Joffereninselen"
	},
	"IO": {
		"name": "Britescht Territorium am Indeschen Ozean"
	},
	"BN": {
		"name": "Brunei"
	},
	"BG": {
		"name": "Bulgarien"
	},
	"BF": {
		"name": "Burkina Faso"
	},
	"BI": {
		"name": "Burundi"
	},
	"EA": {
		"name": "Ceuta a Melilla"
	},
	"CL": {
		"name": "Chile"
	},
	"CN": {
		"name": "China"
	},
	"CX": {
		"name": "Chrëschtdagsinsel"
	},
	"CK": {
		"name": "Cookinselen"
	},
	"CR": {
		"name": "Costa Rica"
	},
	"CI": {
		"name": "Côte d’Ivoire"
	},
	"CW": {
		"name": "Curaçao"
	},
	"DE": {
		"name": "Däitschland"
	},
	"DK": {
		"name": "Dänemark"
	},
	"DG": {
		"name": "Diego Garcia"
	},
	"DM": {
		"name": "Dominica"
	},
	"DO": {
		"name": "Dominikanesch Republik"
	},
	"DJ": {
		"name": "Dschibuti"
	},
	"EC": {
		"name": "Ecuador"
	},
	"EG": {
		"name": "Egypten"
	},
	"AT": {
		"name": "Éisträich"
	},
	"SV": {
		"name": "El Salvador"
	},
	"GQ": {
		"name": "Equatorialguinea"
	},
	"ER": {
		"name": "Eritrea"
	},
	"EE": {
		"name": "Estland"
	},
	"ET": {
		"name": "Ethiopien"
	},
	"FK": {
		"name": "Falklandinselen"
	},
	"FO": {
		"name": "Färöer"
	},
	"FJ": {
		"name": "Fidschi"
	},
	"FI": {
		"name": "Finnland"
	},
	"FR": {
		"name": "Frankräich"
	},
	"TF": {
		"name": "Franséisch Süd- an Antarktisgebidder"
	},
	"PF": {
		"name": "Franséisch-Polynesien"
	},
	"GA": {
		"name": "Gabun"
	},
	"GM": {
		"name": "Gambia"
	},
	"GE": {
		"name": "Georgien"
	},
	"GH": {
		"name": "Ghana"
	},
	"GI": {
		"name": "Gibraltar"
	},
	"GD": {
		"name": "Grenada"
	},
	"GR": {
		"name": "Griicheland"
	},
	"GL": {
		"name": "Grönland"
	},
	"GB": {
		"name": "Groussbritannien"
	},
	"GP": {
		"name": "Guadeloupe"
	},
	"GU": {
		"name": "Guam"
	},
	"GT": {
		"name": "Guatemala"
	},
	"GF": {
		"name": "Guayane"
	},
	"GG": {
		"name": "Guernsey"
	},
	"GN": {
		"name": "Guinea"
	},
	"GW": {
		"name": "Guinea-Bissau"
	},
	"GY": {
		"name": "Guyana"
	},
	"HT": {
		"name": "Haiti"
	},
	"NL": {
		"name": "Holland"
	},
	"HN": {
		"name": "Honduras"
	},
	"IN": {
		"name": "Indien"
	},
	"ID": {
		"name": "Indonesien"
	},
	"IQ": {
		"name": "Irak"
	},
	"IR": {
		"name": "Iran"
	},
	"IE": {
		"name": "Irland"
	},
	"IS": {
		"name": "Island"
	},
	"IM": {
		"name": "Isle of Man"
	},
	"IL": {
		"name": "Israel"
	},
	"IT": {
		"name": "Italien"
	},
	"JM": {
		"name": "Jamaika"
	},
	"JP": {
		"name": "Japan"
	},
	"YE": {
		"name": "Jemen"
	},
	"JE": {
		"name": "Jersey"
	},
	"JO": {
		"name": "Jordanien"
	},
	"KY": {
		"name": "Kaimaninselen"
	},
	"KH": {
		"name": "Kambodscha"
	},
	"CM": {
		"name": "Kamerun"
	},
	"CA": {
		"name": "Kanada"
	},
	"IC": {
		"name": "Kanaresch Inselen"
	},
	"CV": {
		"name": "Kap Verde"
	},
	"BQ": {
		"name": "Karibescht Holland"
	},
	"KZ": {
		"name": "Kasachstan"
	},
	"QA": {
		"name": "Katar"
	},
	"KE": {
		"name": "Kenia"
	},
	"KG": {
		"name": "Kirgisistan"
	},
	"KI": {
		"name": "Kiribati"
	},
	"CC": {
		"name": "Kokosinselen"
	},
	"CO": {
		"name": "Kolumbien"
	},
	"KM": {
		"name": "Komoren"
	},
	"CG": {
		"name": "Kongo-Brazzaville"
	},
	"CD": {
		"name": "Kongo-Kinshasa"
	},
	"XK": {
		"name": "Kosovo"
	},
	"HR": {
		"name": "Kroatien"
	},
	"CU": {
		"name": "Kuba"
	},
	"KW": {
		"name": "Kuwait"
	},
	"LA": {
		"name": "Laos"
	},
	"LS": {
		"name": "Lesotho"
	},
	"LV": {
		"name": "Lettland"
	},
	"LU": {
		"name": "Lëtzebuerg"
	},
	"LB": {
		"name": "Libanon"
	},
	"LR": {
		"name": "Liberia"
	},
	"LY": {
		"name": "Libyen"
	},
	"LI": {
		"name": "Liechtenstein"
	},
	"LT": {
		"name": "Litauen"
	},
	"MG": {
		"name": "Madagaskar"
	},
	"MW": {
		"name": "Malawi"
	},
	"MY": {
		"name": "Malaysia"
	},
	"MV": {
		"name": "Maldiven"
	},
	"ML": {
		"name": "Mali"
	},
	"MT": {
		"name": "Malta"
	},
	"MA": {
		"name": "Marokko"
	},
	"MH": {
		"name": "Marshallinselen"
	},
	"MQ": {
		"name": "Martinique"
	},
	"MR": {
		"name": "Mauretanien"
	},
	"MU": {
		"name": "Mauritius"
	},
	"YT": {
		"name": "Mayotte"
	},
	"MK": {
		"name": "Mazedonien"
	},
	"MX": {
		"name": "Mexiko"
	},
	"FM": {
		"name": "Mikronesien"
	},
	"MD": {
		"name": "Moldawien"
	},
	"MC": {
		"name": "Monaco"
	},
	"MN": {
		"name": "Mongolei"
	},
	"ME": {
		"name": "Montenegro"
	},
	"MS": {
		"name": "Montserrat"
	},
	"MZ": {
		"name": "Mosambik"
	},
	"MM": {
		"name": "Myanmar"
	},
	"NA": {
		"name": "Namibia"
	},
	"NR": {
		"name": "Nauru"
	},
	"NC": {
		"name": "Neikaledonien"
	},
	"NZ": {
		"name": "Neiséiland"
	},
	"NP": {
		"name": "Nepal"
	},
	"MP": {
		"name": "Nërdlech Marianen"
	},
	"NI": {
		"name": "Nicaragua"
	},
	"NE": {
		"name": "Niger"
	},
	"NG": {
		"name": "Nigeria"
	},
	"NU": {
		"name": "Niue"
	},
	"KP": {
		"name": "Nordkorea"
	},
	"NF": {
		"name": "Norfolkinsel"
	},
	"NO": {
		"name": "Norwegen"
	},
	"OM": {
		"name": "Oman"
	},
	"TL": {
		"name": "Osttimor"
	},
	"PK": {
		"name": "Pakistan"
	},
	"PW": {
		"name": "Palau"
	},
	"PS": {
		"name": "Palestinensesch Autonomiegebidder"
	},
	"PA": {
		"name": "Panama"
	},
	"PG": {
		"name": "Papua-Neiguinea"
	},
	"PY": {
		"name": "Paraguay"
	},
	"PE": {
		"name": "Peru"
	},
	"PH": {
		"name": "Philippinnen"
	},
	"PN": {
		"name": "Pitcairninselen"
	},
	"PL": {
		"name": "Polen"
	},
	"PT": {
		"name": "Portugal"
	},
	"PR": {
		"name": "Puerto Rico"
	},
	"RE": {
		"name": "Réunion"
	},
	"RW": {
		"name": "Ruanda"
	},
	"RO": {
		"name": "Rumänien"
	},
	"RU": {
		"name": "Russland"
	},
	"BL": {
		"name": "Saint-Barthélemy"
	},
	"SB": {
		"name": "Salomonen"
	},
	"ZM": {
		"name": "Sambia"
	},
	"WS": {
		"name": "Samoa"
	},
	"SM": {
		"name": "San Marino"
	},
	"ST": {
		"name": "São Tomé a Príncipe"
	},
	"SA": {
		"name": "Saudi-Arabien"
	},
	"CH": {
		"name": "Schwäiz"
	},
	"SE": {
		"name": "Schweden"
	},
	"SN": {
		"name": "Senegal"
	},
	"RS": {
		"name": "Serbien"
	},
	"SC": {
		"name": "Seychellen"
	},
	"SL": {
		"name": "Sierra Leone"
	},
	"ZW": {
		"name": "Simbabwe"
	},
	"SG": {
		"name": "Singapur"
	},
	"SX": {
		"name": "Sint Maarten"
	},
	"SK": {
		"name": "Slowakei"
	},
	"SI": {
		"name": "Slowenien"
	},
	"SO": {
		"name": "Somalia"
	},
	"ES": {
		"name": "Spanien"
	},
	"HK": {
		"name": "Spezialverwaltungszon Hong Kong"
	},
	"MO": {
		"name": "Spezialverwaltungszon Macau"
	},
	"LK": {
		"name": "Sri Lanka"
	},
	"SH": {
		"name": "St. Helena"
	},
	"KN": {
		"name": "St. Kitts an Nevis"
	},
	"LC": {
		"name": "St. Lucia"
	},
	"MF": {
		"name": "St. Martin"
	},
	"PM": {
		"name": "St. Pierre a Miquelon"
	},
	"VC": {
		"name": "St. Vincent an d’Grenadinnen"
	},
	"ZA": {
		"name": "Südafrika"
	},
	"SD": {
		"name": "Sudan"
	},
	"GS": {
		"name": "Südgeorgien an déi Südlech Sandwichinselen"
	},
	"KR": {
		"name": "Südkorea"
	},
	"SS": {
		"name": "Südsudan"
	},
	"SR": {
		"name": "Suriname"
	},
	"SJ": {
		"name": "Svalbard a Jan Mayen"
	},
	"SZ": {
		"name": "Swasiland"
	},
	"SY": {
		"name": "Syrien"
	},
	"TJ": {
		"name": "Tadschikistan"
	},
	"TW": {
		"name": "Taiwan"
	},
	"TZ": {
		"name": "Tansania"
	},
	"TH": {
		"name": "Thailand"
	},
	"TR": {
		"name": "Tierkei"
	},
	"TG": {
		"name": "Togo"
	},
	"TK": {
		"name": "Tokelau"
	},
	"TO": {
		"name": "Tonga"
	},
	"TT": {
		"name": "Trinidad an Tobago"
	},
	"TA": {
		"name": "Tristan da Cunha"
	},
	"TD": {
		"name": "Tschad"
	},
	"CZ": {
		"name": "Tschechien"
	},
	"TN": {
		"name": "Tunesien"
	},
	"TM": {
		"name": "Turkmenistan"
	},
	"TC": {
		"name": "Turks- a Caicosinselen"
	},
	"TV": {
		"name": "Tuvalu"
	},
	"UG": {
		"name": "Uganda"
	},
	"UA": {
		"name": "Ukrain"
	},
	"HU": {
		"name": "Ungarn"
	},
	"UY": {
		"name": "Uruguay"
	},
	"UZ": {
		"name": "Usbekistan"
	},
	"VU": {
		"name": "Vanuatu"
	},
	"VA": {
		"name": "Vatikanstad"
	},
	"VE": {
		"name": "Venezuela"
	},
	"AE": {
		"name": "Vereenegt Arabesch Emirater"
	},
	"US": {
		"name": "Vereenegt Staate vun Amerika"
	},
	"VN": {
		"name": "Vietnam"
	},
	"BY": {
		"name": "Wäissrussland"
	},
	"WF": {
		"name": "Wallis a Futuna"
	},
	"EH": {
		"name": "Westsahara"
	},
	"CF": {
		"name": "Zentralafrikanesch Republik"
	},
	"CY": {
		"name": "Zypern"
	}
}