{
	"ZA": {
		"name": "Afrika ya Súdi"
	},
	"AF": {
		"name": "Afuganisita"
	},
	"AZ": {
		"name": "Ajelbayidja"
	},
	"SA": {
		"name": "Alabu Nsawudi"
	},
	"AX": {
		"name": "Åland Islands"
	},
	"DE": {
		"name": "Alemanu"
	},
	"AR": {
		"name": "Alijantine"
	},
	"DZ": {
		"name": "Alijeri"
	},
	"AL": {
		"name": "Alubani"
	},
	"AM": {
		"name": "Ameni"
	},
	"US": {
		"name": "Ameriki"
	},
	"AD": {
		"name": "Andore"
	},
	"GB": {
		"name": "Angeletele"
	},
	"AI": {
		"name": "Angiye"
	},
	"AO": {
		"name": "Angola"
	},
	"AQ": {
		"name": "Antarctica"
	},
	"AG": {
		"name": "Antiga ne Barbuda"
	},
	"AW": {
		"name": "Aruba"
	},
	"AC": {
		"name": "Ascension Island"
	},
	"HT": {
		"name": "Ayiti"
	},
	"BS": {
		"name": "Bahamase"
	},
	"BH": {
		"name": "Bahrene"
	},
	"BB": {
		"name": "Barebade"
	},
	"BE": {
		"name": "Belejiki"
	},
	"BZ": {
		"name": "Belize"
	},
	"BJ": {
		"name": "Bene"
	},
	"BD": {
		"name": "Benguladeshi"
	},
	"BM": {
		"name": "Bermuda"
	},
	"BG": {
		"name": "Biligari"
	},
	"BN": {
		"name": "Brineyi"
	},
	"BF": {
		"name": "Bukinafaso"
	},
	"BI": {
		"name": "Burundi"
	},
	"BT": {
		"name": "Butani"
	},
	"BY": {
		"name": "Byelorisi"
	},
	"IC": {
		"name": "Canary Islands"
	},
	"BQ": {
		"name": "Caribbean Netherlands"
	},
	"EA": {
		"name": "Ceuta & Melilla"
	},
	"CX": {
		"name": "Christmas Island"
	},
	"CC": {
		"name": "Cocos (Keeling) Islands"
	},
	"CW": {
		"name": "Curaçao"
	},
	"DK": {
		"name": "Danemalaku"
	},
	"DG": {
		"name": "Diego Garcia"
	},
	"CF": {
		"name": "Ditunga dya Afrika wa munkatshi"
	},
	"CZ": {
		"name": "Ditunga dya Tsheka"
	},
	"DO": {
		"name": "Ditunga wa Duminiku"
	},
	"CD": {
		"name": "Ditunga wa Kongu"
	},
	"DJ": {
		"name": "Djibuti"
	},
	"DM": {
		"name": "Duminiku"
	},
	"EC": {
		"name": "Ekwatele"
	},
	"ER": {
		"name": "Elitele"
	},
	"EE": {
		"name": "Esitoni"
	},
	"ET": {
		"name": "Etshiopi"
	},
	"FO": {
		"name": "Faroe Islands"
	},
	"FI": {
		"name": "Filande"
	},
	"TF": {
		"name": "French Southern Territories"
	},
	"FJ": {
		"name": "Fuji"
	},
	"GM": {
		"name": "Gambi"
	},
	"GQ": {
		"name": "Gine Ekwatele"
	},
	"GF": {
		"name": "Giyane wa Nfalanse"
	},
	"GG": {
		"name": "Guernsey"
	},
	"HK": {
		"name": "Hong Kong SAR China"
	},
	"IN": {
		"name": "Inde"
	},
	"ID": {
		"name": "Indonezi"
	},
	"IR": {
		"name": "Ira"
	},
	"IQ": {
		"name": "Iraki"
	},
	"IE": {
		"name": "Irelande"
	},
	"UY": {
		"name": "Irigwei"
	},
	"IS": {
		"name": "Isilande"
	},
	"IL": {
		"name": "Isirayele"
	},
	"IM": {
		"name": "Isle of Man"
	},
	"IT": {
		"name": "Itali"
	},
	"JM": {
		"name": "Jamaiki"
	},
	"JP": {
		"name": "Japu"
	},
	"JE": {
		"name": "Jersey"
	},
	"GI": {
		"name": "Jibeletale"
	},
	"JO": {
		"name": "Jodani"
	},
	"GE": {
		"name": "Joriji"
	},
	"NC": {
		"name": "Kaledoni wa mumu"
	},
	"KH": {
		"name": "Kambodza"
	},
	"CM": {
		"name": "Kamerune"
	},
	"CA": {
		"name": "Kanada"
	},
	"QA": {
		"name": "Katari"
	},
	"KZ": {
		"name": "Kazakusita"
	},
	"KE": {
		"name": "Kenya"
	},
	"KG": {
		"name": "Kigizisita"
	},
	"KI": {
		"name": "Kiribati"
	},
	"CO": {
		"name": "Kolombi"
	},
	"KM": {
		"name": "Komoru"
	},
	"CG": {
		"name": "Kongu"
	},
	"KP": {
		"name": "Kore wa muulu"
	},
	"KR": {
		"name": "Kore wa mwinshi"
	},
	"CR": {
		"name": "Kositarika"
	},
	"XK": {
		"name": "Kosovo"
	},
	"CI": {
		"name": "Kotedivuale"
	},
	"KW": {
		"name": "Koweti"
	},
	"HR": {
		"name": "Krowasi"
	},
	"CU": {
		"name": "Kuba"
	},
	"LA": {
		"name": "Lawosi"
	},
	"AE": {
		"name": "Lemila alabu"
	},
	"RE": {
		"name": "Lenyo"
	},
	"LS": {
		"name": "Lesoto"
	},
	"LV": {
		"name": "Letoni"
	},
	"LB": {
		"name": "Liba"
	},
	"LR": {
		"name": "Liberiya"
	},
	"LY": {
		"name": "Libi"
	},
	"LU": {
		"name": "Likisambulu"
	},
	"LI": {
		"name": "Lishuteni"
	},
	"LT": {
		"name": "Litwani"
	},
	"CV": {
		"name": "Lutanda lua Kapevele"
	},
	"KY": {
		"name": "Lutanda lua Kayima"
	},
	"CK": {
		"name": "Lutanda lua Kookɛ"
	},
	"FK": {
		"name": "Lutanda lua Maluni"
	},
	"MP": {
		"name": "Lutanda lua Mariane wa muulu"
	},
	"MH": {
		"name": "Lutanda lua Marishale"
	},
	"NF": {
		"name": "Lutanda lua Norfok"
	},
	"SB": {
		"name": "Lutanda lua Solomu"
	},
	"TC": {
		"name": "Lutanda lua Tuluki ne Kaiko"
	},
	"VI": {
		"name": "Lutanda lua Vierzi wa Ameriki"
	},
	"VG": {
		"name": "Lutanda lua Vierzi wa Angeletele"
	},
	"IO": {
		"name": "Lutanda lwa Angeletele ku mbu wa Indiya"
	},
	"MO": {
		"name": "Macau SAR China"
	},
	"MG": {
		"name": "Madagasikari"
	},
	"MV": {
		"name": "Madive"
	},
	"MW": {
		"name": "Malawi"
	},
	"MY": {
		"name": "Malezi"
	},
	"ML": {
		"name": "Mali"
	},
	"MT": {
		"name": "Malite"
	},
	"MA": {
		"name": "Maroke"
	},
	"MQ": {
		"name": "Martiniki"
	},
	"MK": {
		"name": "Masedwane"
	},
	"YT": {
		"name": "Mayote"
	},
	"BO": {
		"name": "Mbolivi"
	},
	"BA": {
		"name": "Mbosini ne Hezegovine"
	},
	"BW": {
		"name": "Mbotswana"
	},
	"MX": {
		"name": "Meksike"
	},
	"FM": {
		"name": "Mikronezi"
	},
	"BR": {
		"name": "Mnulezile"
	},
	"MD": {
		"name": "Molidavi"
	},
	"MC": {
		"name": "Monaku"
	},
	"MN": {
		"name": "Mongoli"
	},
	"ME": {
		"name": "Montenegro"
	},
	"MU": {
		"name": "Morise"
	},
	"MR": {
		"name": "Moritani"
	},
	"MZ": {
		"name": "Mozambiki"
	},
	"PL": {
		"name": "Mpoloni"
	},
	"PR": {
		"name": "Mpotoriku"
	},
	"PT": {
		"name": "Mputulugeshi"
	},
	"MS": {
		"name": "Musera"
	},
	"EG": {
		"name": "Mushidi"
	},
	"MM": {
		"name": "Myamare"
	},
	"NA": {
		"name": "Namibi"
	},
	"NR": {
		"name": "Nauru"
	},
	"NP": {
		"name": "Nepálɛ"
	},
	"FR": {
		"name": "Nfalanse"
	},
	"PH": {
		"name": "Nfilipi"
	},
	"GA": {
		"name": "Ngabu"
	},
	"GH": {
		"name": "Ngana"
	},
	"GR": {
		"name": "Ngeleka"
	},
	"GD": {
		"name": "Ngelenade"
	},
	"GN": {
		"name": "Ngine"
	},
	"GW": {
		"name": "Nginebisau"
	},
	"GY": {
		"name": "Ngiyane"
	},
	"GL": {
		"name": "Ngowelande"
	},
	"GP": {
		"name": "Ngwadelupe"
	},
	"GU": {
		"name": "Ngwame"
	},
	"GT": {
		"name": "Ngwatemala"
	},
	"NE": {
		"name": "Nijere"
	},
	"NG": {
		"name": "Nijerya"
	},
	"NI": {
		"name": "Nikaragwa"
	},
	"NO": {
		"name": "Noriveje"
	},
	"ES": {
		"name": "Nsipani"
	},
	"VA": {
		"name": "Nvatika"
	},
	"NU": {
		"name": "Nyue"
	},
	"NL": {
		"name": "Olandɛ"
	},
	"OM": {
		"name": "Omane"
	},
	"HN": {
		"name": "Ondurase"
	},
	"HU": {
		"name": "Ongili"
	},
	"AU": {
		"name": "Ositali"
	},
	"AT": {
		"name": "Otilisi"
	},
	"PK": {
		"name": "Pakisita"
	},
	"PY": {
		"name": "Palagwei"
	},
	"PW": {
		"name": "Palau"
	},
	"PS": {
		"name": "Palesine"
	},
	"PA": {
		"name": "Panama"
	},
	"PG": {
		"name": "Papwazi wa Nginɛ wa mumu"
	},
	"PE": {
		"name": "Peru"
	},
	"PN": {
		"name": "Pikairni"
	},
	"PF": {
		"name": "Polinezi wa Nfalanse"
	},
	"RU": {
		"name": "Risi"
	},
	"RO": {
		"name": "Romani"
	},
	"RW": {
		"name": "Rwanda"
	},
	"WS": {
		"name": "Samoa"
	},
	"AS": {
		"name": "Samoa wa Ameriki"
	},
	"SH": {
		"name": "Santu eleni"
	},
	"KN": {
		"name": "Santu krístofe ne Neves"
	},
	"LC": {
		"name": "Santu lisi"
	},
	"SM": {
		"name": "Santu Marine"
	},
	"PM": {
		"name": "Santu pététo ne Mikelu"
	},
	"VC": {
		"name": "Santu vesa ne Ngelenadine"
	},
	"ST": {
		"name": "Sao Tome ne Presipɛ"
	},
	"SV": {
		"name": "Savadore"
	},
	"SN": {
		"name": "Senegale"
	},
	"RS": {
		"name": "Serbia"
	},
	"SC": {
		"name": "Seshele"
	},
	"CL": {
		"name": "Shili"
	},
	"CN": {
		"name": "Shine"
	},
	"CY": {
		"name": "Shipele"
	},
	"SL": {
		"name": "Siera Leone"
	},
	"SK": {
		"name": "Silovaki"
	},
	"SI": {
		"name": "Siloveni"
	},
	"SG": {
		"name": "Singapure"
	},
	"SX": {
		"name": "Sint Maarten"
	},
	"SY": {
		"name": "Siri"
	},
	"LK": {
		"name": "Sirilanka"
	},
	"SO": {
		"name": "Somali"
	},
	"GS": {
		"name": "South Georgia & South Sandwich Islands"
	},
	"SS": {
		"name": "South Sudan"
	},
	"BL": {
		"name": "St. Barthélemy"
	},
	"MF": {
		"name": "St. Martin"
	},
	"SD": {
		"name": "Suda"
	},
	"SR": {
		"name": "Suriname"
	},
	"SE": {
		"name": "Suwedi"
	},
	"SJ": {
		"name": "Svalbard & Jan Mayen"
	},
	"SZ": {
		"name": "Swazilandi"
	},
	"CH": {
		"name": "Swise"
	},
	"TW": {
		"name": "Taiwani"
	},
	"TZ": {
		"name": "Tanzani"
	},
	"TH": {
		"name": "Tayilanda"
	},
	"TJ": {
		"name": "Tazikisita"
	},
	"TL": {
		"name": "Timoru wa diboku"
	},
	"TT": {
		"name": "Tinidade ne Tobago"
	},
	"TN": {
		"name": "Tinizi"
	},
	"TG": {
		"name": "Togu"
	},
	"TK": {
		"name": "Tokelau"
	},
	"TO": {
		"name": "Tonga"
	},
	"TA": {
		"name": "Tristan da Cunha"
	},
	"TD": {
		"name": "Tshadi"
	},
	"TM": {
		"name": "Tukemenisita"
	},
	"TR": {
		"name": "Tuluki"
	},
	"TV": {
		"name": "Tuvalu"
	},
	"UM": {
		"name": "U.S. Outlying Islands"
	},
	"UG": {
		"name": "Uganda"
	},
	"UA": {
		"name": "Ukreni"
	},
	"UZ": {
		"name": "Uzibekisita"
	},
	"VU": {
		"name": "Vanuatu"
	},
	"VE": {
		"name": "Venezuela"
	},
	"VN": {
		"name": "Viyetiname"
	},
	"WF": {
		"name": "Walise ne Futuna"
	},
	"EH": {
		"name": "Western Sahara"
	},
	"YE": {
		"name": "Yemenu"
	},
	"ZM": {
		"name": "Zambi"
	},
	"NZ": {
		"name": "Zelanda wa mumu"
	},
	"ZW": {
		"name": "Zimbabwe"
	}
}