{
	"AF": {
		"name": "Afganistan"
	},
	"AX": {
		"name": "Åland Islands"
	},
	"AL": {
		"name": "Albani"
	},
	"DE": {
		"name": "Almagn"
	},
	"DZ": {
		"name": "Alzeri"
	},
	"AD": {
		"name": "Andor"
	},
	"AO": {
		"name": "Angola"
	},
	"AI": {
		"name": "Anguilla"
	},
	"AQ": {
		"name": "Antarctica"
	},
	"AG": {
		"name": "Antigua-ek-Barbuda"
	},
	"AM": {
		"name": "Armeni"
	},
	"AW": {
		"name": "Aruba"
	},
	"AC": {
		"name": "Ascension Island"
	},
	"HT": {
		"name": "Ayti"
	},
	"AZ": {
		"name": "Azerbaïdjan"
	},
	"BS": {
		"name": "Bahamas"
	},
	"BH": {
		"name": "Bahreïn"
	},
	"BD": {
		"name": "Banglades"
	},
	"BB": {
		"name": "Barbad"
	},
	"BY": {
		"name": "Belaris"
	},
	"BZ": {
		"name": "Beliz"
	},
	"BE": {
		"name": "Belzik"
	},
	"BJ": {
		"name": "Benin"
	},
	"BM": {
		"name": "Bermid"
	},
	"BG": {
		"name": "Bilgari"
	},
	"BO": {
		"name": "Bolivi"
	},
	"BA": {
		"name": "Bosni-Herzegovinn"
	},
	"BW": {
		"name": "Botswana"
	},
	"BT": {
		"name": "Boutan"
	},
	"BR": {
		"name": "Brezil"
	},
	"BN": {
		"name": "Brunei"
	},
	"BF": {
		"name": "Burkina Faso"
	},
	"BI": {
		"name": "Burundi"
	},
	"IC": {
		"name": "Canary Islands"
	},
	"BQ": {
		"name": "Caribbean Netherlands"
	},
	"EA": {
		"name": "Ceuta & Melilla"
	},
	"CX": {
		"name": "Christmas Island"
	},
	"CC": {
		"name": "Cocos (Keeling) Islands"
	},
	"CR": {
		"name": "Costa Rica"
	},
	"CI": {
		"name": "Côte d’Ivoire"
	},
	"CU": {
		"name": "Cuba"
	},
	"CW": {
		"name": "Curaçao"
	},
	"CY": {
		"name": "Cyprus"
	},
	"DK": {
		"name": "Dannmark"
	},
	"DG": {
		"name": "Diego Garcia"
	},
	"DJ": {
		"name": "Djibouti"
	},
	"DM": {
		"name": "Dominik"
	},
	"EC": {
		"name": "Ekwater"
	},
	"AE": {
		"name": "Emira arab ini"
	},
	"ER": {
		"name": "Erythre"
	},
	"EE": {
		"name": "Estoni"
	},
	"FO": {
		"name": "Faroe Islands"
	},
	"FJ": {
		"name": "Fidji"
	},
	"PH": {
		"name": "Filipinn"
	},
	"FI": {
		"name": "Finland"
	},
	"TF": {
		"name": "French Southern Territories"
	},
	"GA": {
		"name": "Gabon"
	},
	"GM": {
		"name": "Gambi"
	},
	"GH": {
		"name": "Ghana"
	},
	"GN": {
		"name": "Gine"
	},
	"GQ": {
		"name": "Gine ekwatoryal"
	},
	"GW": {
		"name": "Gine-Bisau"
	},
	"GL": {
		"name": "Greenland"
	},
	"GD": {
		"name": "Grenad"
	},
	"GR": {
		"name": "Gres"
	},
	"GP": {
		"name": "Guadloup"
	},
	"GU": {
		"name": "Guam"
	},
	"GT": {
		"name": "Guatemala"
	},
	"GG": {
		"name": "Guernsey"
	},
	"GY": {
		"name": "Guyana"
	},
	"GF": {
		"name": "Gwiyann franse"
	},
	"HN": {
		"name": "Honduras"
	},
	"HK": {
		"name": "Hong Kong SAR China"
	},
	"UA": {
		"name": "Ikrenn"
	},
	"ID": {
		"name": "Indonezi"
	},
	"IQ": {
		"name": "Irak"
	},
	"IR": {
		"name": "Iran"
	},
	"IE": {
		"name": "Irland"
	},
	"IS": {
		"name": "Island"
	},
	"IM": {
		"name": "Isle of Man"
	},
	"IT": {
		"name": "Itali"
	},
	"IL": {
		"name": "Izrael"
	},
	"JE": {
		"name": "Jersey"
	},
	"KH": {
		"name": "Kambodj"
	},
	"CM": {
		"name": "Kamerounn"
	},
	"CA": {
		"name": "Kanada"
	},
	"CV": {
		"name": "Kap-Ver"
	},
	"QA": {
		"name": "Katar"
	},
	"KZ": {
		"name": "Kazakstan"
	},
	"KE": {
		"name": "Kenya"
	},
	"KG": {
		"name": "Kirghizistan"
	},
	"KI": {
		"name": "Kiribati"
	},
	"CO": {
		"name": "Kolonbi"
	},
	"KM": {
		"name": "Komor"
	},
	"CG": {
		"name": "Kongo"
	},
	"XK": {
		"name": "Kosovo"
	},
	"KW": {
		"name": "Koweit"
	},
	"HR": {
		"name": "Kroasi"
	},
	"FR": {
		"name": "Lafrans"
	},
	"KP": {
		"name": "Lakore-dinor"
	},
	"KR": {
		"name": "Lakore-disid"
	},
	"US": {
		"name": "Lamerik"
	},
	"LA": {
		"name": "Laos"
	},
	"SA": {
		"name": "Larabi Saoudit"
	},
	"RE": {
		"name": "Larenion"
	},
	"RU": {
		"name": "Larisi"
	},
	"AR": {
		"name": "Larzantinn"
	},
	"CN": {
		"name": "Lasinn"
	},
	"SY": {
		"name": "Lasiri"
	},
	"SE": {
		"name": "Laswed"
	},
	"CH": {
		"name": "Laswis"
	},
	"VA": {
		"name": "Lata Vatikan"
	},
	"IN": {
		"name": "Lenn"
	},
	"ES": {
		"name": "Lespagn"
	},
	"ET": {
		"name": "Letiopi"
	},
	"LV": {
		"name": "Letoni"
	},
	"EG": {
		"name": "Lezipt"
	},
	"LS": {
		"name": "Lezoto"
	},
	"LB": {
		"name": "Liban"
	},
	"LR": {
		"name": "Liberia"
	},
	"LY": {
		"name": "Libi"
	},
	"LI": {
		"name": "Liechtenstein"
	},
	"NF": {
		"name": "Lil Norfolk"
	},
	"LT": {
		"name": "Lituani"
	},
	"AU": {
		"name": "Lostrali"
	},
	"AT": {
		"name": "Lostris"
	},
	"LU": {
		"name": "Luxembourg"
	},
	"MO": {
		"name": "Macau SAR China"
	},
	"MG": {
		"name": "Madagaskar"
	},
	"MW": {
		"name": "Malawi"
	},
	"MV": {
		"name": "Maldiv"
	},
	"MY": {
		"name": "Malezi"
	},
	"ML": {
		"name": "Mali"
	},
	"MT": {
		"name": "Malt"
	},
	"MA": {
		"name": "Marok"
	},
	"MQ": {
		"name": "Martinik"
	},
	"MK": {
		"name": "Masedwann"
	},
	"YT": {
		"name": "Mayot"
	},
	"MX": {
		"name": "Mexik"
	},
	"FM": {
		"name": "Mikronezi"
	},
	"MD": {
		"name": "Moldavi"
	},
	"MC": {
		"name": "Monako"
	},
	"MN": {
		"name": "Mongoli"
	},
	"ME": {
		"name": "Montenegro"
	},
	"MS": {
		"name": "Montsera"
	},
	"MU": {
		"name": "Moris"
	},
	"MR": {
		"name": "Moritani"
	},
	"MZ": {
		"name": "Mozambik"
	},
	"MM": {
		"name": "Myanmar"
	},
	"NA": {
		"name": "Namibi"
	},
	"NR": {
		"name": "Nauru"
	},
	"NP": {
		"name": "Nepal"
	},
	"NI": {
		"name": "Nicaragua"
	},
	"NU": {
		"name": "Niowe"
	},
	"NE": {
		"name": "Nizer"
	},
	"NG": {
		"name": "Nizeria"
	},
	"NO": {
		"name": "Norvez"
	},
	"NZ": {
		"name": "Nouvel Zeland"
	},
	"NC": {
		"name": "Nouvel-Kaledoni"
	},
	"NL": {
		"name": "Oland"
	},
	"OM": {
		"name": "Oman"
	},
	"HU": {
		"name": "Ongri"
	},
	"UG": {
		"name": "Ouganda"
	},
	"UZ": {
		"name": "Ouzbekistan"
	},
	"PK": {
		"name": "Pakistan"
	},
	"PW": {
		"name": "Palau"
	},
	"PA": {
		"name": "Panama"
	},
	"PG": {
		"name": "Papouazi-Nouvel-Gine"
	},
	"PY": {
		"name": "Paraguay"
	},
	"PE": {
		"name": "Perou"
	},
	"PN": {
		"name": "Pitcairn"
	},
	"PF": {
		"name": "Polinezi franse"
	},
	"PL": {
		"name": "Pologn"
	},
	"PT": {
		"name": "Portigal"
	},
	"PR": {
		"name": "Porto Rico"
	},
	"CZ": {
		"name": "Repiblik Chek"
	},
	"CD": {
		"name": "Repiblik demokratik Kongo"
	},
	"DO": {
		"name": "Repiblik dominikin"
	},
	"CF": {
		"name": "Repiblik Lafrik Santral"
	},
	"RO": {
		"name": "Roumani"
	},
	"RW": {
		"name": "Rwanda"
	},
	"KN": {
		"name": "Saint-Christophe-ek-Niévès"
	},
	"SM": {
		"name": "Saint-Marin"
	},
	"PM": {
		"name": "Saint-Pierre-ek-Miquelon"
	},
	"VC": {
		"name": "Saint-Vincent-ek-Grenadines"
	},
	"SH": {
		"name": "Sainte-Hélène"
	},
	"LC": {
		"name": "Sainte-Lucie"
	},
	"SV": {
		"name": "Salvador"
	},
	"WS": {
		"name": "Samoa"
	},
	"AS": {
		"name": "Samoa amerikin"
	},
	"ST": {
		"name": "São Tome-ek-Prínsip"
	},
	"SN": {
		"name": "Senegal"
	},
	"RS": {
		"name": "Serbia"
	},
	"SC": {
		"name": "Sesel"
	},
	"CL": {
		"name": "Shili"
	},
	"ZA": {
		"name": "Sid-Afrik"
	},
	"SL": {
		"name": "Sierra Leone"
	},
	"SG": {
		"name": "Singapour"
	},
	"SX": {
		"name": "Sint Maarten"
	},
	"SK": {
		"name": "Slovaki"
	},
	"SI": {
		"name": "Sloveni"
	},
	"SO": {
		"name": "Somali"
	},
	"SD": {
		"name": "Soudan"
	},
	"GS": {
		"name": "South Georgia & South Sandwich Islands"
	},
	"SS": {
		"name": "South Sudan"
	},
	"LK": {
		"name": "Sri Lanka"
	},
	"BL": {
		"name": "St. Barthélemy"
	},
	"MF": {
		"name": "St. Martin"
	},
	"SR": {
		"name": "Surinam"
	},
	"SJ": {
		"name": "Svalbard & Jan Mayen"
	},
	"SZ": {
		"name": "Swaziland"
	},
	"TJ": {
		"name": "Tadjikistan"
	},
	"TW": {
		"name": "Taiwan"
	},
	"TZ": {
		"name": "Tanzani"
	},
	"TD": {
		"name": "Tchad"
	},
	"IO": {
		"name": "Teritwar Britanik Losean Indien"
	},
	"PS": {
		"name": "Teritwar Palestinn"
	},
	"TH": {
		"name": "Thayland"
	},
	"TL": {
		"name": "Timor oriantal"
	},
	"TN": {
		"name": "Tinizi"
	},
	"TR": {
		"name": "Tirki"
	},
	"TG": {
		"name": "Togo"
	},
	"TK": {
		"name": "Tokelau"
	},
	"TO": {
		"name": "Tonga"
	},
	"TT": {
		"name": "Trinite-ek-Tobago"
	},
	"TA": {
		"name": "Tristan da Cunha"
	},
	"TM": {
		"name": "Turkmenistan"
	},
	"TV": {
		"name": "Tuvalu"
	},
	"UM": {
		"name": "U.S. Outlying Islands"
	},
	"GB": {
		"name": "United Kingdom"
	},
	"UY": {
		"name": "Uruguay"
	},
	"VU": {
		"name": "Vanuatu"
	},
	"VE": {
		"name": "Venezuela"
	},
	"VN": {
		"name": "Vietnam"
	},
	"WF": {
		"name": "Wallis-ek-Futuna"
	},
	"EH": {
		"name": "Western Sahara"
	},
	"YE": {
		"name": "Yemenn"
	},
	"JM": {
		"name": "Zamaik"
	},
	"ZM": {
		"name": "Zambi"
	},
	"JP": {
		"name": "Zapon"
	},
	"GE": {
		"name": "Zeorzi"
	},
	"GI": {
		"name": "Zibraltar"
	},
	"CK": {
		"name": "Zil Cook"
	},
	"KY": {
		"name": "Zil Kayman"
	},
	"FK": {
		"name": "Zil malwinn"
	},
	"MH": {
		"name": "Zil Marshall"
	},
	"MP": {
		"name": "Zil Maryann dinor"
	},
	"SB": {
		"name": "Zil Salomon"
	},
	"TC": {
		"name": "Zil Tirk ek Caïcos"
	},
	"VG": {
		"name": "Zil vierz britanik"
	},
	"VI": {
		"name": "Zil Vierz Lamerik"
	},
	"ZW": {
		"name": "Zimbabwe"
	},
	"JO": {
		"name": "Zordani"
	}
}