{
	"AF": {
		"name": "Afghanistan"
	},
	"ZA": {
		"name": "Afrika Atsimo"
	},
	"AX": {
		"name": "Åland Islands"
	},
	"AL": {
		"name": "Albania"
	},
	"DE": {
		"name": "Alemaina"
	},
	"DZ": {
		"name": "Alzeria"
	},
	"AD": {
		"name": "Andorra"
	},
	"GB": {
		"name": "Angletera"
	},
	"AO": {
		"name": "Angola"
	},
	"AI": {
		"name": "Anguilla"
	},
	"AQ": {
		"name": "Antarctica"
	},
	"AG": {
		"name": "Antiga sy Barboda"
	},
	"AU": {
		"name": "Aostralia"
	},
	"AT": {
		"name": "Aotrisy"
	},
	"SA": {
		"name": "Arabia saodita"
	},
	"AM": {
		"name": "Armenia"
	},
	"AW": {
		"name": "Arobà"
	},
	"AR": {
		"name": "Arzantina"
	},
	"AC": {
		"name": "Ascension Island"
	},
	"AZ": {
		"name": "Azerbaidjan"
	},
	"BS": {
		"name": "Bahamas"
	},
	"BH": {
		"name": "Bahrain"
	},
	"BD": {
		"name": "Bangladesy"
	},
	"BB": {
		"name": "Barbady"
	},
	"BY": {
		"name": "Belarosy"
	},
	"BZ": {
		"name": "Belize"
	},
	"BE": {
		"name": "Belzika"
	},
	"BJ": {
		"name": "Benin"
	},
	"BM": {
		"name": "Bermioda"
	},
	"BT": {
		"name": "Bhotana"
	},
	"BG": {
		"name": "Biolgaria"
	},
	"BO": {
		"name": "Bolivia"
	},
	"BF": {
		"name": "Borkina Faso"
	},
	"BI": {
		"name": "Borondi"
	},
	"BA": {
		"name": "Bosnia sy Herzegovina"
	},
	"BW": {
		"name": "Botsoana"
	},
	"BR": {
		"name": "Brezila"
	},
	"BN": {
		"name": "Brunei"
	},
	"IC": {
		"name": "Canary Islands"
	},
	"BQ": {
		"name": "Caribbean Netherlands"
	},
	"EA": {
		"name": "Ceuta & Melilla"
	},
	"CX": {
		"name": "Christmas Island"
	},
	"CC": {
		"name": "Cocos (Keeling) Islands"
	},
	"CI": {
		"name": "Côte d’Ivoire"
	},
	"CW": {
		"name": "Curaçao"
	},
	"DK": {
		"name": "Danmarka"
	},
	"DG": {
		"name": "Diego Garcia"
	},
	"DJ": {
		"name": "Djiboti"
	},
	"DM": {
		"name": "Dominika"
	},
	"EG": {
		"name": "Ejypta"
	},
	"EC": {
		"name": "Ekoatera"
	},
	"SV": {
		"name": "El Salvador"
	},
	"AE": {
		"name": "Emirà Arabo mitambatra"
	},
	"ER": {
		"name": "Eritrea"
	},
	"ES": {
		"name": "Espaina"
	},
	"EE": {
		"name": "Estonia"
	},
	"US": {
		"name": "Etazonia"
	},
	"ET": {
		"name": "Ethiopia"
	},
	"IO": {
		"name": "Faridranomasina indiana britanika"
	},
	"FO": {
		"name": "Faroe Islands"
	},
	"FJ": {
		"name": "Fidji"
	},
	"PH": {
		"name": "Filipina"
	},
	"FI": {
		"name": "Finlandy"
	},
	"VA": {
		"name": "Firenen’i Vatikana"
	},
	"FR": {
		"name": "Frantsa"
	},
	"TF": {
		"name": "French Southern Territories"
	},
	"GA": {
		"name": "Gabon"
	},
	"GM": {
		"name": "Gambia"
	},
	"GH": {
		"name": "Ghana"
	},
	"GW": {
		"name": "Giné-Bisao"
	},
	"GN": {
		"name": "Ginea"
	},
	"GP": {
		"name": "Goadelopy"
	},
	"GT": {
		"name": "Goatemalà"
	},
	"GD": {
		"name": "Grenady"
	},
	"GR": {
		"name": "Gresy"
	},
	"GL": {
		"name": "Groenland"
	},
	"GU": {
		"name": "Guam"
	},
	"GG": {
		"name": "Guernsey"
	},
	"GQ": {
		"name": "Guinea Ekoatera"
	},
	"GY": {
		"name": "Guyana"
	},
	"GF": {
		"name": "Guyana frantsay"
	},
	"HT": {
		"name": "Haiti"
	},
	"NL": {
		"name": "Holanda"
	},
	"HN": {
		"name": "Hondiorasy"
	},
	"HK": {
		"name": "Hong Kong SAR China"
	},
	"HU": {
		"name": "Hongria"
	},
	"ID": {
		"name": "Indonezia"
	},
	"IN": {
		"name": "Indy"
	},
	"IQ": {
		"name": "Irak"
	},
	"IR": {
		"name": "Iran"
	},
	"IE": {
		"name": "Irlandy"
	},
	"IS": {
		"name": "Islandy"
	},
	"IM": {
		"name": "Isle of Man"
	},
	"IL": {
		"name": "Israely"
	},
	"IT": {
		"name": "Italia"
	},
	"JM": {
		"name": "Jamaïka"
	},
	"JP": {
		"name": "Japana"
	},
	"JE": {
		"name": "Jersey"
	},
	"JO": {
		"name": "Jordania"
	},
	"KH": {
		"name": "Kambôdja"
	},
	"CM": {
		"name": "Kamerona"
	},
	"CA": {
		"name": "Kanada"
	},
	"QA": {
		"name": "Katar"
	},
	"KZ": {
		"name": "Kazakhstan"
	},
	"KE": {
		"name": "Kenya"
	},
	"CU": {
		"name": "Kiobà"
	},
	"KG": {
		"name": "Kiordistan"
	},
	"KI": {
		"name": "Kiribati"
	},
	"KW": {
		"name": "Kôeity"
	},
	"CO": {
		"name": "Kôlômbia"
	},
	"KM": {
		"name": "Kômaoro"
	},
	"CG": {
		"name": "Kôngô"
	},
	"KR": {
		"name": "Korea Atsimo"
	},
	"KP": {
		"name": "Korea Avaratra"
	},
	"XK": {
		"name": "Kosovo"
	},
	"CR": {
		"name": "Kosta Rikà"
	},
	"HR": {
		"name": "Kroasia"
	},
	"LA": {
		"name": "Laôs"
	},
	"RE": {
		"name": "Larenion"
	},
	"LS": {
		"name": "Lesotho"
	},
	"LV": {
		"name": "Letonia"
	},
	"LB": {
		"name": "Libana"
	},
	"LR": {
		"name": "Liberia"
	},
	"LY": {
		"name": "Libya"
	},
	"LU": {
		"name": "Lioksamboro"
	},
	"LI": {
		"name": "Listenstein"
	},
	"LT": {
		"name": "Litoania"
	},
	"MO": {
		"name": "Macau SAR China"
	},
	"MG": {
		"name": "Madagasikara"
	},
	"MK": {
		"name": "Makedonia"
	},
	"MY": {
		"name": "Malaizia"
	},
	"MW": {
		"name": "Malaoì"
	},
	"MV": {
		"name": "Maldiva"
	},
	"ML": {
		"name": "Mali"
	},
	"MT": {
		"name": "Malta"
	},
	"MU": {
		"name": "Maorisy"
	},
	"MR": {
		"name": "Maoritania"
	},
	"MA": {
		"name": "Marôka"
	},
	"MQ": {
		"name": "Martinika"
	},
	"YT": {
		"name": "Mayôty"
	},
	"MX": {
		"name": "Meksika"
	},
	"FM": {
		"name": "Mikrônezia"
	},
	"MD": {
		"name": "Môldavia"
	},
	"MC": {
		"name": "Mônakô"
	},
	"MN": {
		"name": "Môngôlia"
	},
	"ME": {
		"name": "Montenegro"
	},
	"MS": {
		"name": "Montserrat"
	},
	"MZ": {
		"name": "Mozambika"
	},
	"MM": {
		"name": "Myanmar"
	},
	"NA": {
		"name": "Namibia"
	},
	"NR": {
		"name": "Naorò"
	},
	"NP": {
		"name": "Nepala"
	},
	"NE": {
		"name": "Niger"
	},
	"NI": {
		"name": "Nikaragoà"
	},
	"NU": {
		"name": "Nioé"
	},
	"NG": {
		"name": "Nizeria"
	},
	"NO": {
		"name": "Nôrvezy"
	},
	"VG": {
		"name": "Nosy britanika virijiny"
	},
	"CV": {
		"name": "Nosy Cap-Vert"
	},
	"FK": {
		"name": "Nosy Falkand"
	},
	"KY": {
		"name": "Nosy Kayman"
	},
	"CK": {
		"name": "Nosy Kook"
	},
	"MP": {
		"name": "Nosy Mariana Atsinanana"
	},
	"MH": {
		"name": "Nosy Marshall"
	},
	"NF": {
		"name": "Nosy Norfolk"
	},
	"SB": {
		"name": "Nosy Salomona"
	},
	"TC": {
		"name": "Nosy Turks sy Caïques"
	},
	"VI": {
		"name": "Nosy Virijiny Etazonia"
	},
	"NC": {
		"name": "Nouvelle-Calédonie"
	},
	"NZ": {
		"name": "Nouvelle-Zélande"
	},
	"UG": {
		"name": "Oganda"
	},
	"UA": {
		"name": "Okraina"
	},
	"OM": {
		"name": "Oman"
	},
	"UY": {
		"name": "Orogoay"
	},
	"UZ": {
		"name": "Ozbekistan"
	},
	"PK": {
		"name": "Pakistan"
	},
	"PW": {
		"name": "Palao"
	},
	"PS": {
		"name": "Palestina"
	},
	"PA": {
		"name": "Panama"
	},
	"PG": {
		"name": "Papouasie-Nouvelle-Guinée"
	},
	"PY": {
		"name": "Paragoay"
	},
	"PE": {
		"name": "Peroa"
	},
	"PN": {
		"name": "Pitkairn"
	},
	"PL": {
		"name": "Pôlôna"
	},
	"PF": {
		"name": "Polynezia frantsay"
	},
	"PT": {
		"name": "Pôrtiogala"
	},
	"PR": {
		"name": "Pôrtô Rikô"
	},
	"DO": {
		"name": "Repoblika Dominikanina"
	},
	"CF": {
		"name": "Repoblika Ivon’Afrika"
	},
	"CD": {
		"name": "Repoblikan’i Kongo"
	},
	"CZ": {
		"name": "Repoblikan’i Tseky"
	},
	"RW": {
		"name": "Roanda"
	},
	"RO": {
		"name": "Romania"
	},
	"RU": {
		"name": "Rosia"
	},
	"KN": {
		"name": "Saint-Christophe-et-Niévès"
	},
	"SM": {
		"name": "Saint-Marin"
	},
	"PM": {
		"name": "Saint-Pierre-et-Miquelon"
	},
	"VC": {
		"name": "Saint-Vincent-et-les Grenadines"
	},
	"SH": {
		"name": "Sainte-Hélène"
	},
	"LC": {
		"name": "Sainte-Lucie"
	},
	"WS": {
		"name": "Samoa"
	},
	"AS": {
		"name": "Samoa amerikanina"
	},
	"ST": {
		"name": "São Tomé-et-Príncipe"
	},
	"SN": {
		"name": "Senegal"
	},
	"RS": {
		"name": "Serbia"
	},
	"SC": {
		"name": "Seyshela"
	},
	"CL": {
		"name": "Shili"
	},
	"SL": {
		"name": "Sierra Leone"
	},
	"CN": {
		"name": "Sina"
	},
	"SG": {
		"name": "Singaporo"
	},
	"SX": {
		"name": "Sint Maarten"
	},
	"SK": {
		"name": "Slovakia"
	},
	"SI": {
		"name": "Slovenia"
	},
	"SZ": {
		"name": "Soazilandy"
	},
	"SD": {
		"name": "Sodan"
	},
	"SE": {
		"name": "Soedy"
	},
	"CH": {
		"name": "Soisa"
	},
	"SO": {
		"name": "Somalia"
	},
	"SR": {
		"name": "Sorinam"
	},
	"GS": {
		"name": "South Georgia & South Sandwich Islands"
	},
	"SS": {
		"name": "South Sudan"
	},
	"LK": {
		"name": "Sri Lanka"
	},
	"BL": {
		"name": "St. Barthélemy"
	},
	"MF": {
		"name": "St. Martin"
	},
	"SJ": {
		"name": "Svalbard & Jan Mayen"
	},
	"CY": {
		"name": "Sypra"
	},
	"SY": {
		"name": "Syria"
	},
	"TW": {
		"name": "Taioana"
	},
	"TJ": {
		"name": "Tajikistan"
	},
	"TZ": {
		"name": "Tanzania"
	},
	"TH": {
		"name": "Thailandy"
	},
	"TL": {
		"name": "Timor Atsinanana"
	},
	"TG": {
		"name": "Togo"
	},
	"TK": {
		"name": "Tokelao"
	},
	"TO": {
		"name": "Tongà"
	},
	"TN": {
		"name": "Tonizia"
	},
	"TR": {
		"name": "Torkia"
	},
	"TM": {
		"name": "Torkmenistan"
	},
	"TV": {
		"name": "Tovalò"
	},
	"TT": {
		"name": "Trinidad sy Tobagô"
	},
	"TA": {
		"name": "Tristan da Cunha"
	},
	"TD": {
		"name": "Tsady"
	},
	"UM": {
		"name": "U.S. Outlying Islands"
	},
	"VU": {
		"name": "Vanoatò"
	},
	"VE": {
		"name": "Venezoelà"
	},
	"VN": {
		"name": "Vietnam"
	},
	"WF": {
		"name": "Wallis sy Futuna"
	},
	"EH": {
		"name": "Western Sahara"
	},
	"YE": {
		"name": "Yemen"
	},
	"ZM": {
		"name": "Zambia"
	},
	"GE": {
		"name": "Zeorzia"
	},
	"GI": {
		"name": "Zibraltara"
	},
	"ZW": {
		"name": "Zimbaboe"
	}
}