{
	"ZA": {
		"name": "Afrika du Sulu"
	},
	"AX": {
		"name": "Åland Islands"
	},
	"DZ": {
		"name": "Alujeria"
	},
	"AO": {
		"name": "Angola"
	},
	"AI": {
		"name": "Anguilla"
	},
	"AQ": {
		"name": "Antarctica"
	},
	"AG": {
		"name": "Antigua & Barbuda"
	},
	"AR": {
		"name": "Argentina"
	},
	"AM": {
		"name": "Armenia"
	},
	"AW": {
		"name": "Aruba"
	},
	"AC": {
		"name": "Ascension Island"
	},
	"AU": {
		"name": "Australia"
	},
	"AT": {
		"name": "Austria"
	},
	"BS": {
		"name": "Bahamas"
	},
	"BH": {
		"name": "Bahrain"
	},
	"BD": {
		"name": "Bangladesh"
	},
	"BB": {
		"name": "Barbados"
	},
	"BY": {
		"name": "Belarus"
	},
	"BE": {
		"name": "Belgium"
	},
	"BZ": {
		"name": "Belize"
	},
	"BM": {
		"name": "Bermuda"
	},
	"BT": {
		"name": "Bhutan"
	},
	"BO": {
		"name": "Bolivia"
	},
	"BA": {
		"name": "Bosnia & Herzegovina"
	},
	"BW": {
		"name": "Botswana"
	},
	"BR": {
		"name": "Brazil"
	},
	"IO": {
		"name": "British Indian Ocean Territory"
	},
	"VG": {
		"name": "British Virgin Islands"
	},
	"BN": {
		"name": "Brunei"
	},
	"BG": {
		"name": "Bulgaria"
	},
	"BF": {
		"name": "Burkina Faso"
	},
	"CM": {
		"name": "Cameroon"
	},
	"IC": {
		"name": "Canary Islands"
	},
	"CV": {
		"name": "Cape Verde"
	},
	"BQ": {
		"name": "Caribbean Netherlands"
	},
	"KY": {
		"name": "Cayman Islands"
	},
	"CF": {
		"name": "Central African Republic"
	},
	"EA": {
		"name": "Ceuta & Melilla"
	},
	"CX": {
		"name": "Christmas Island"
	},
	"CC": {
		"name": "Cocos (Keeling) Islands"
	},
	"CD": {
		"name": "Congo - Kinshasa"
	},
	"CK": {
		"name": "Cook Islands"
	},
	"CR": {
		"name": "Costa Rica"
	},
	"CW": {
		"name": "Curaçao"
	},
	"DG": {
		"name": "Diego Garcia"
	},
	"DO": {
		"name": "Dominican Republic"
	},
	"EC": {
		"name": "Ecuador"
	},
	"GQ": {
		"name": "Equatorial Guinea"
	},
	"EE": {
		"name": "Estonia"
	},
	"FK": {
		"name": "Falkland Islands"
	},
	"FO": {
		"name": "Faroe Islands"
	},
	"TF": {
		"name": "French Southern Territories"
	},
	"DE": {
		"name": "Germany"
	},
	"GR": {
		"name": "Greece"
	},
	"GG": {
		"name": "Guernsey"
	},
	"HK": {
		"name": "Hong Kong SAR China"
	},
	"IS": {
		"name": "Iceland"
	},
	"IR": {
		"name": "Iran"
	},
	"IM": {
		"name": "Isle of Man"
	},
	"IT": {
		"name": "Italia"
	},
	"JE": {
		"name": "Jersey"
	},
	"KI": {
		"name": "Kiribati"
	},
	"XK": {
		"name": "Kosovo"
	},
	"KW": {
		"name": "Kuwait"
	},
	"KG": {
		"name": "Kyrgyzstan"
	},
	"LA": {
		"name": "Laos"
	},
	"MO": {
		"name": "Macau SAR China"
	},
	"MY": {
		"name": "Malaysia"
	},
	"MV": {
		"name": "Maldives"
	},
	"ML": {
		"name": "Mali"
	},
	"MT": {
		"name": "Malta"
	},
	"MH": {
		"name": "Marshall Islands"
	},
	"MQ": {
		"name": "Martinique"
	},
	"MR": {
		"name": "Mauritania"
	},
	"MU": {
		"name": "Mauritius"
	},
	"YT": {
		"name": "Mayotte"
	},
	"MX": {
		"name": "Mexico"
	},
	"FM": {
		"name": "Micronesia"
	},
	"MD": {
		"name": "Moldova"
	},
	"MC": {
		"name": "Monaco"
	},
	"MN": {
		"name": "Mongolia"
	},
	"MS": {
		"name": "Montserrat"
	},
	"MA": {
		"name": "Morocco"
	},
	"MM": {
		"name": "Myanmar (Burma)"
	},
	"NA": {
		"name": "Namibia"
	},
	"NR": {
		"name": "Nauru"
	},
	"NP": {
		"name": "Nepal"
	},
	"NL": {
		"name": "Netherlands"
	},
	"NC": {
		"name": "New Caledonia"
	},
	"NZ": {
		"name": "New Zealand"
	},
	"NI": {
		"name": "Nicaragua"
	},
	"NU": {
		"name": "Niue"
	},
	"NF": {
		"name": "Norfolk Island"
	},
	"MP": {
		"name": "Northern Mariana Islands"
	},
	"PW": {
		"name": "Palau"
	},
	"PS": {
		"name": "Palestinian Territories"
	},
	"PY": {
		"name": "Paragwai"
	},
	"PT": {
		"name": "Portugal"
	},
	"RU": {
		"name": "Russia"
	},
	"RS": {
		"name": "Serbia"
	},
	"SL": {
		"name": "Sierra Leone"
	},
	"SX": {
		"name": "Sint Maarten"
	},
	"SB": {
		"name": "Solomon Islands"
	},
	"GS": {
		"name": "South Georgia & South Sandwich Islands"
	},
	"SS": {
		"name": "South Sudan"
	},
	"BL": {
		"name": "St. Barthélemy"
	},
	"MF": {
		"name": "St. Martin"
	},
	"SJ": {
		"name": "Svalbard & Jan Mayen"
	},
	"TW": {
		"name": "Taiwan"
	},
	"TA": {
		"name": "Tristan da Cunha"
	},
	"TC": {
		"name": "Turks & Caicos Islands"
	},
	"UM": {
		"name": "U.S. Outlying Islands"
	},
	"VI": {
		"name": "U.S. Virgin Islands"
	},
	"AL": {
		"name": "Ualbania"
	},
	"AD": {
		"name": "Uandora"
	},
	"IE": {
		"name": "Uayalandi"
	},
	"AZ": {
		"name": "Uazabajani"
	},
	"BJ": {
		"name": "Ubelin"
	},
	"MG": {
		"name": "Ubukini"
	},
	"TD": {
		"name": "Uchadi"
	},
	"CZ": {
		"name": "Ucheki"
	},
	"CL": {
		"name": "Uchile"
	},
	"CN": {
		"name": "Uchina"
	},
	"DK": {
		"name": "Udenimaka"
	},
	"DM": {
		"name": "Udominika"
	},
	"FR": {
		"name": "Ufaransa"
	},
	"GF": {
		"name": "Ufaransa yo Gwaya"
	},
	"PF": {
		"name": "Ufaransa yo Potina"
	},
	"FJ": {
		"name": "Ufiji"
	},
	"PH": {
		"name": "Ufilipino"
	},
	"FI": {
		"name": "Ufini"
	},
	"AF": {
		"name": "Ufugustani"
	},
	"GA": {
		"name": "Ugaboni"
	},
	"GM": {
		"name": "Ugambia"
	},
	"GH": {
		"name": "Ugana"
	},
	"UG": {
		"name": "Uganda"
	},
	"GN": {
		"name": "Ugine"
	},
	"GW": {
		"name": "Uginebisau"
	},
	"GD": {
		"name": "Ugrenada"
	},
	"GL": {
		"name": "Ugrinlandi"
	},
	"GY": {
		"name": "Uguyana"
	},
	"GP": {
		"name": "Ugwadelupe"
	},
	"GU": {
		"name": "Ugwam"
	},
	"GT": {
		"name": "Ugwatemala"
	},
	"ET": {
		"name": "Uhabeshi"
	},
	"HT": {
		"name": "Uhaiti"
	},
	"IN": {
		"name": "Uhindini"
	},
	"ES": {
		"name": "Uhispania"
	},
	"HN": {
		"name": "Uhondurasi"
	},
	"HU": {
		"name": "Uhungaria"
	},
	"IL": {
		"name": "Uisraeli"
	},
	"JM": {
		"name": "Ujamaika"
	},
	"JP": {
		"name": "Ujapani"
	},
	"GI": {
		"name": "Ujibralta"
	},
	"DJ": {
		"name": "Ujibuti"
	},
	"TJ": {
		"name": "Ujikistani"
	},
	"GE": {
		"name": "Ujojia"
	},
	"KH": {
		"name": "Ukambodia"
	},
	"CA": {
		"name": "Ukanada"
	},
	"QA": {
		"name": "Ukatari"
	},
	"KZ": {
		"name": "Ukazakistani"
	},
	"KE": {
		"name": "Ukenya"
	},
	"CI": {
		"name": "Ukodiva"
	},
	"CO": {
		"name": "Ukolombia"
	},
	"KM": {
		"name": "Ukomoro"
	},
	"CG": {
		"name": "Ukongo"
	},
	"HR": {
		"name": "Ukorasia"
	},
	"KP": {
		"name": "Ukorea Kaskazini"
	},
	"KR": {
		"name": "Ukorea Kusini"
	},
	"UA": {
		"name": "Ukraine"
	},
	"CU": {
		"name": "Ukuba"
	},
	"CY": {
		"name": "Ukuprosi"
	},
	"LV": {
		"name": "Ulativia"
	},
	"LB": {
		"name": "Ulebanoni"
	},
	"LS": {
		"name": "Ulesoto"
	},
	"LR": {
		"name": "Uliberia"
	},
	"LY": {
		"name": "Ulibya"
	},
	"MW": {
		"name": "Umalawi"
	},
	"ME": {
		"name": "Umantegro"
	},
	"US": {
		"name": "Umarekani"
	},
	"MK": {
		"name": "Umasedonia"
	},
	"EG": {
		"name": "Umisiri"
	},
	"MZ": {
		"name": "Umozambiki"
	},
	"ID": {
		"name": "Undonesia"
	},
	"NE": {
		"name": "Unijeri"
	},
	"NG": {
		"name": "Unijeria"
	},
	"AE": {
		"name": "United Arab Emirates"
	},
	"GB": {
		"name": "United Kingdom"
	},
	"NO": {
		"name": "Unorwe"
	},
	"OM": {
		"name": "Uomani"
	},
	"PK": {
		"name": "Upakistani"
	},
	"PA": {
		"name": "Upanama"
	},
	"PG": {
		"name": "Upapua"
	},
	"PE": {
		"name": "Uperuu"
	},
	"PN": {
		"name": "Upitkairni"
	},
	"PL": {
		"name": "Upolandi"
	},
	"PR": {
		"name": "Upwetoriko"
	},
	"ER": {
		"name": "Uriterea"
	},
	"RE": {
		"name": "Uriyunioni"
	},
	"RO": {
		"name": "Uromania"
	},
	"UY": {
		"name": "Uruguay"
	},
	"BI": {
		"name": "Urundi"
	},
	"RW": {
		"name": "Urwanda"
	},
	"SV": {
		"name": "Usalavado"
	},
	"SM": {
		"name": "Usamarino"
	},
	"WS": {
		"name": "Usamoa"
	},
	"AS": {
		"name": "Usamoa ya Marekani"
	},
	"SH": {
		"name": "Usantahelena"
	},
	"KN": {
		"name": "Usantakitzi na Nevis"
	},
	"LC": {
		"name": "Usantalusia"
	},
	"PM": {
		"name": "Usantapieri na Mikeloni"
	},
	"VC": {
		"name": "Usantavisenti na Grenadini"
	},
	"ST": {
		"name": "Usao Tome na Principe"
	},
	"SA": {
		"name": "Usaudi"
	},
	"LU": {
		"name": "Usembaji"
	},
	"SN": {
		"name": "Usenegali"
	},
	"SC": {
		"name": "Ushelisheli"
	},
	"LI": {
		"name": "Ushenteni"
	},
	"SG": {
		"name": "Usingapoo"
	},
	"SY": {
		"name": "Usiria"
	},
	"LK": {
		"name": "Usirilanka"
	},
	"SK": {
		"name": "Uslovakia"
	},
	"SI": {
		"name": "Uslovenia"
	},
	"SO": {
		"name": "Usomalia"
	},
	"SD": {
		"name": "Usudani"
	},
	"SR": {
		"name": "Usurinamu"
	},
	"SZ": {
		"name": "Uswazi"
	},
	"SE": {
		"name": "Uswidi"
	},
	"CH": {
		"name": "Uswisi"
	},
	"TH": {
		"name": "Utailandi"
	},
	"TZ": {
		"name": "Utanzania"
	},
	"TL": {
		"name": "Utimo Mashariki"
	},
	"TG": {
		"name": "Utogo"
	},
	"TK": {
		"name": "Utokelau"
	},
	"TO": {
		"name": "Utonga"
	},
	"TT": {
		"name": "Utrinidad na Tobago"
	},
	"TR": {
		"name": "Utuki"
	},
	"TN": {
		"name": "Utunisia"
	},
	"TM": {
		"name": "Uturukimenistani"
	},
	"TV": {
		"name": "Utuvalu"
	},
	"LT": {
		"name": "Utwania"
	},
	"VU": {
		"name": "Uvanuatu"
	},
	"VA": {
		"name": "Uvatikani"
	},
	"VE": {
		"name": "Uvenezuela"
	},
	"VN": {
		"name": "Uvietinamu"
	},
	"WF": {
		"name": "Uwalis na Futuna"
	},
	"YE": {
		"name": "Uyemeni"
	},
	"JO": {
		"name": "Uyordani"
	},
	"ZM": {
		"name": "Uzambia"
	},
	"UZ": {
		"name": "Uzbekistan"
	},
	"ZW": {
		"name": "Uzimbabwe"
	},
	"EH": {
		"name": "Western Sahara"
	},
	"IQ": {
		"name": "Wiraki"
	}
}