{
	"AU": {
		"name": "Австрали"
	},
	"AT": {
		"name": "Австри"
	},
	"AZ": {
		"name": "Азербайжан"
	},
	"AX": {
		"name": "Аландын Арлууд"
	},
	"AL": {
		"name": "Албани"
	},
	"DZ": {
		"name": "Алжир"
	},
	"US": {
		"name": "Америкийн Нэгдсэн Улс"
	},
	"AS": {
		"name": "Америкийн Самоа"
	},
	"AI": {
		"name": "Ангила"
	},
	"AO": {
		"name": "Ангол"
	},
	"AD": {
		"name": "Андорра"
	},
	"AQ": {
		"name": "Антарктик"
	},
	"AG": {
		"name": "Антигуа ба Барбуда"
	},
	"VI": {
		"name": "АНУ-ын Виржиний Арлууд"
	},
	"UM": {
		"name": "АНУ-ын тойрсон арлууд"
	},
	"AE": {
		"name": "Арабын Нэгдсэн Эмират"
	},
	"AR": {
		"name": "Аргентин"
	},
	"AM": {
		"name": "Армени"
	},
	"AW": {
		"name": "Аруба"
	},
	"AC": {
		"name": "Аскенсион арал"
	},
	"AF": {
		"name": "Афганистан"
	},
	"BS": {
		"name": "Багам"
	},
	"NP": {
		"name": "Балба"
	},
	"BD": {
		"name": "Бангладеш"
	},
	"BB": {
		"name": "Барбадос"
	},
	"EH": {
		"name": "Баруун Сахар"
	},
	"BH": {
		"name": "Бахрейн"
	},
	"BY": {
		"name": "Беларусь"
	},
	"BE": {
		"name": "Белги"
	},
	"BZ": {
		"name": "Белиз"
	},
	"BJ": {
		"name": "Бенин"
	},
	"BM": {
		"name": "Бермуд"
	},
	"MO": {
		"name": "БНХАУ-ын Тусгай захиргааны бүс Макао"
	},
	"HK": {
		"name": "БНХАУ-ын Тусгай захиргааны бүс Хонг Конг"
	},
	"BG": {
		"name": "Болгар"
	},
	"BO": {
		"name": "Боливи"
	},
	"BA": {
		"name": "Босни Герцеговин"
	},
	"BW": {
		"name": "Ботсвана"
	},
	"BR": {
		"name": "Бразил"
	},
	"VG": {
		"name": "Британийн Виржиний Арлууд"
	},
	"IO": {
		"name": "Британийн харьяа Энэтхэгийн далай дахь нутаг дэвсгэрүүд"
	},
	"BN": {
		"name": "Бруней"
	},
	"BF": {
		"name": "Буркина фасо"
	},
	"BI": {
		"name": "Бурунди"
	},
	"BT": {
		"name": "Бутан"
	},
	"DO": {
		"name": "Бүгд Найрамдах Доминикан Улс"
	},
	"CZ": {
		"name": "Бүгд Найрамдах Чех Улс"
	},
	"VU": {
		"name": "Вануату"
	},
	"VA": {
		"name": "Ватикан хот улс"
	},
	"VE": {
		"name": "Венесуэл"
	},
	"VN": {
		"name": "Вьетнам"
	},
	"GA": {
		"name": "Габон"
	},
	"HT": {
		"name": "Гаити"
	},
	"GY": {
		"name": "Гайана"
	},
	"GM": {
		"name": "Гамби"
	},
	"GH": {
		"name": "Гана"
	},
	"GP": {
		"name": "Гваделуп"
	},
	"GT": {
		"name": "Гватемал"
	},
	"GN": {
		"name": "Гвиней"
	},
	"GW": {
		"name": "Гвиней-Бисау"
	},
	"DE": {
		"name": "Герман"
	},
	"GG": {
		"name": "Гернси"
	},
	"GI": {
		"name": "Гибралтар"
	},
	"HN": {
		"name": "Гондурас"
	},
	"GR": {
		"name": "Грек"
	},
	"GD": {
		"name": "Гренада"
	},
	"GL": {
		"name": "Гренланд"
	},
	"GU": {
		"name": "Гуам"
	},
	"GE": {
		"name": "Гүрж"
	},
	"DK": {
		"name": "Дани"
	},
	"DJ": {
		"name": "Джибути"
	},
	"DG": {
		"name": "Диего Гарсиа"
	},
	"DM": {
		"name": "Доминик"
	},
	"EG": {
		"name": "Египет"
	},
	"JE": {
		"name": "Жерси"
	},
	"ZM": {
		"name": "Замби"
	},
	"ZW": {
		"name": "Зимбабве"
	},
	"CX": {
		"name": "Зул сарын арал"
	},
	"IL": {
		"name": "Израиль"
	},
	"ID": {
		"name": "Индонези"
	},
	"IQ": {
		"name": "Ирак"
	},
	"IR": {
		"name": "Иран"
	},
	"IE": {
		"name": "Ирланд"
	},
	"IS": {
		"name": "Исланд"
	},
	"ES": {
		"name": "Испани"
	},
	"IT": {
		"name": "Итали"
	},
	"GB": {
		"name": "Их Британи"
	},
	"YE": {
		"name": "Йемен"
	},
	"JO": {
		"name": "Йордан"
	},
	"KZ": {
		"name": "Казахстан"
	},
	"KY": {
		"name": "Кайманы Арлууд"
	},
	"KH": {
		"name": "Камбож"
	},
	"CM": {
		"name": "Камерун"
	},
	"CA": {
		"name": "Канад"
	},
	"IC": {
		"name": "Канарын арлууд"
	},
	"CV": {
		"name": "Капе Верде"
	},
	"BQ": {
		"name": "Карибын Нидерланд"
	},
	"QA": {
		"name": "Катар"
	},
	"KE": {
		"name": "Кени"
	},
	"CY": {
		"name": "Кипр"
	},
	"KI": {
		"name": "Кирибати"
	},
	"CC": {
		"name": "Кокос (Кийлинг) арлууд"
	},
	"CO": {
		"name": "Колумб"
	},
	"KM": {
		"name": "Коморос"
	},
	"CG": {
		"name": "Конго Браззавиль"
	},
	"CD": {
		"name": "Конго-Киншаса"
	},
	"XK": {
		"name": "Косово"
	},
	"CR": {
		"name": "Коста Рика"
	},
	"CI": {
		"name": "Кот д’Ивуар"
	},
	"CU": {
		"name": "Куба"
	},
	"KW": {
		"name": "Кувейт"
	},
	"CW": {
		"name": "Куракао"
	},
	"CK": {
		"name": "Күүкийн арлууд"
	},
	"KG": {
		"name": "Кыргызстан"
	},
	"LA": {
		"name": "Лаос"
	},
	"LV": {
		"name": "Латви"
	},
	"LS": {
		"name": "Лесото"
	},
	"LR": {
		"name": "Либери"
	},
	"LB": {
		"name": "Ливан"
	},
	"LY": {
		"name": "Ливи"
	},
	"LT": {
		"name": "Литва"
	},
	"LI": {
		"name": "Лихтенштейн"
	},
	"LU": {
		"name": "Люксембург"
	},
	"MR": {
		"name": "Мавритани"
	},
	"MU": {
		"name": "Мавритус"
	},
	"MG": {
		"name": "Мадагаскар"
	},
	"YT": {
		"name": "Майотте"
	},
	"MK": {
		"name": "Македон"
	},
	"MW": {
		"name": "Малави"
	},
	"MY": {
		"name": "Малайз"
	},
	"ML": {
		"name": "Мали"
	},
	"MV": {
		"name": "Мальдив"
	},
	"MT": {
		"name": "Мальта"
	},
	"MA": {
		"name": "Марокко"
	},
	"MQ": {
		"name": "Мартиник"
	},
	"MH": {
		"name": "Маршаллын арлууд"
	},
	"MX": {
		"name": "Мексик"
	},
	"FM": {
		"name": "Микронези"
	},
	"MZ": {
		"name": "Мозамбик"
	},
	"MD": {
		"name": "Молдав"
	},
	"MC": {
		"name": "Монако"
	},
	"MN": {
		"name": "Монгол"
	},
	"ME": {
		"name": "Монтенегро"
	},
	"MS": {
		"name": "Монтсеррат"
	},
	"MM": {
		"name": "Мьянмар (Бурма)"
	},
	"IM": {
		"name": "Мэн Арал"
	},
	"NA": {
		"name": "Намиби"
	},
	"NR": {
		"name": "Науру"
	},
	"NE": {
		"name": "Нигер"
	},
	"NG": {
		"name": "Нигери"
	},
	"NL": {
		"name": "Нидерланд"
	},
	"NI": {
		"name": "Никарагуа"
	},
	"NU": {
		"name": "Ниуэ"
	},
	"NO": {
		"name": "Норвеги"
	},
	"NF": {
		"name": "Норфолк арлууд"
	},
	"OM": {
		"name": "Оман"
	},
	"RU": {
		"name": "Орос"
	},
	"ZA": {
		"name": "Өмнөд Африк тив"
	},
	"GS": {
		"name": "Өмнөд Жоржиа ба Өмнөд Сэндвичийн Арлууд"
	},
	"KR": {
		"name": "Өмнөд Солонгос"
	},
	"SS": {
		"name": "Өмнөд Судан"
	},
	"PK": {
		"name": "Пакистан"
	},
	"PW": {
		"name": "Палау"
	},
	"PS": {
		"name": "Палестины нутаг дэвсгэрүүд"
	},
	"PA": {
		"name": "Панам"
	},
	"PG": {
		"name": "Папуа Шинэ Гвиней"
	},
	"PY": {
		"name": "Парагвай"
	},
	"PE": {
		"name": "Перу"
	},
	"PN": {
		"name": "Питкэрн арлууд"
	},
	"PL": {
		"name": "Польш"
	},
	"PT": {
		"name": "Португаль"
	},
	"PR": {
		"name": "Пуэрто Рико"
	},
	"RE": {
		"name": "Реюньон"
	},
	"RW": {
		"name": "Руанда"
	},
	"RO": {
		"name": "Румын"
	},
	"WS": {
		"name": "Самоа"
	},
	"SM": {
		"name": "Сан-Марино"
	},
	"ST": {
		"name": "Сан-Томе ба Принсипи"
	},
	"SA": {
		"name": "Саудын Араб"
	},
	"SZ": {
		"name": "Свазиланд"
	},
	"SJ": {
		"name": "Свалбард ба Ян Майен"
	},
	"SC": {
		"name": "Сейшел"
	},
	"SN": {
		"name": "Сенегал"
	},
	"BL": {
		"name": "Сент Бартельми"
	},
	"LC": {
		"name": "Сент Люсиа"
	},
	"SH": {
		"name": "Сент Хелена"
	},
	"KN": {
		"name": "Сент-Киттс ба Невис"
	},
	"MF": {
		"name": "Сент-Мартин"
	},
	"RS": {
		"name": "Серби"
	},
	"EA": {
		"name": "Сеута ба Мелилья"
	},
	"SG": {
		"name": "Сингапур"
	},
	"SX": {
		"name": "Синт Мартен"
	},
	"SY": {
		"name": "Сири"
	},
	"SK": {
		"name": "Словак"
	},
	"SI": {
		"name": "Словени"
	},
	"SB": {
		"name": "Соломоны Арлууд"
	},
	"SO": {
		"name": "Сомали"
	},
	"SD": {
		"name": "Судан"
	},
	"SR": {
		"name": "Суринам"
	},
	"SL": {
		"name": "Сьерра-Леоне"
	},
	"VC": {
		"name": "Сэнт Винсэнт ба Гренадин"
	},
	"PM": {
		"name": "Сэнт Пьер ба Микелон"
	},
	"TJ": {
		"name": "Тажикистан"
	},
	"TW": {
		"name": "Тайвань"
	},
	"TH": {
		"name": "Тайланд"
	},
	"TZ": {
		"name": "Танзани"
	},
	"TL": {
		"name": "Тимор-Лесте"
	},
	"TG": {
		"name": "Того"
	},
	"TK": {
		"name": "Токелау"
	},
	"TO": {
		"name": "Тонга"
	},
	"CF": {
		"name": "Төв Африкийн Бүгд Найрамдах Улс"
	},
	"TT": {
		"name": "Тринидад Тобаго"
	},
	"TA": {
		"name": "Тристан да Кунья"
	},
	"TV": {
		"name": "Тувалу"
	},
	"TN": {
		"name": "Тунис"
	},
	"TR": {
		"name": "Турк"
	},
	"TC": {
		"name": "Турк ба Кайкосын Арлууд"
	},
	"TM": {
		"name": "Туркменистан"
	},
	"UG": {
		"name": "Уганда"
	},
	"UZ": {
		"name": "Узбекистан"
	},
	"UA": {
		"name": "Украин"
	},
	"HU": {
		"name": "Унгар"
	},
	"WF": {
		"name": "Уоллис ба Футуна"
	},
	"UY": {
		"name": "Уругвай"
	},
	"FO": {
		"name": "Фароэ Арлууд"
	},
	"FJ": {
		"name": "Фижи"
	},
	"PH": {
		"name": "Филиппин"
	},
	"FI": {
		"name": "Финланд"
	},
	"FK": {
		"name": "Фолькландын Арлууд"
	},
	"FR": {
		"name": "Франц"
	},
	"GF": {
		"name": "Францын Гайана"
	},
	"TF": {
		"name": "Францын өмнөд газар нутаг"
	},
	"PF": {
		"name": "Францын Полинез"
	},
	"MP": {
		"name": "Хойд Марианы арлууд"
	},
	"KP": {
		"name": "Хойд Солонгос"
	},
	"HR": {
		"name": "Хорват"
	},
	"CN": {
		"name": "Хятад"
	},
	"TD": {
		"name": "Чад"
	},
	"CL": {
		"name": "Чили"
	},
	"SE": {
		"name": "Швед"
	},
	"CH": {
		"name": "Швейцари"
	},
	"NZ": {
		"name": "Шинэ Зеланд"
	},
	"NC": {
		"name": "Шинэ Каледони"
	},
	"LK": {
		"name": "Шри Ланка"
	},
	"EC": {
		"name": "Эквадор"
	},
	"GQ": {
		"name": "Экваторын Гвиней"
	},
	"SV": {
		"name": "Эль Сальвадор"
	},
	"IN": {
		"name": "Энэтхэг"
	},
	"ER": {
		"name": "Эритри"
	},
	"EE": {
		"name": "Эстони"
	},
	"ET": {
		"name": "Этиоп"
	},
	"JM": {
		"name": "Ямайк"
	},
	"JP": {
		"name": "Япон"
	}
}