{
	"AO": {
		"name": "अंगोला"
	},
	"AI": {
		"name": "अँग्विला"
	},
	"AQ": {
		"name": "अंटार्क्टिका"
	},
	"AG": {
		"name": "अँटिग्वा आणि बर्बुडा"
	},
	"AD": {
		"name": "अँडोरा"
	},
	"AZ": {
		"name": "अझरबैजान"
	},
	"AF": {
		"name": "अफगाणिस्तान"
	},
	"AS": {
		"name": "अमेरिकन सामोआ"
	},
	"AW": {
		"name": "अरुबा"
	},
	"AR": {
		"name": "अर्जेंटिना"
	},
	"AM": {
		"name": "अर्मेनिया"
	},
	"SV": {
		"name": "अल साल्वाडोर"
	},
	"DZ": {
		"name": "अल्जीरिया"
	},
	"AL": {
		"name": "अल्बानिया"
	},
	"AX": {
		"name": "अ‍ॅलँड बेटे"
	},
	"AC": {
		"name": "अ‍ॅसेन्शियन बेट"
	},
	"IS": {
		"name": "आइसलँड"
	},
	"IE": {
		"name": "आयर्लंड"
	},
	"IM": {
		"name": "आयल ऑफ मॅन"
	},
	"CI": {
		"name": "आयव्हरी कोस्ट"
	},
	"ID": {
		"name": "इंडोनेशिया"
	},
	"EC": {
		"name": "इक्वाडोर"
	},
	"GQ": {
		"name": "इक्वेटोरियल गिनी"
	},
	"EG": {
		"name": "इजिप्त"
	},
	"IT": {
		"name": "इटली"
	},
	"ET": {
		"name": "इथिओपिया"
	},
	"IQ": {
		"name": "इराक"
	},
	"IR": {
		"name": "इराण"
	},
	"IL": {
		"name": "इस्त्राइल"
	},
	"UZ": {
		"name": "उझबेकिस्तान"
	},
	"KP": {
		"name": "उत्तर कोरिया"
	},
	"MP": {
		"name": "उत्तरी मारियाना बेटे"
	},
	"UY": {
		"name": "उरुग्वे"
	},
	"ER": {
		"name": "एरिट्रिया"
	},
	"EE": {
		"name": "एस्टोनिया"
	},
	"AT": {
		"name": "ऑस्ट्रिया"
	},
	"AU": {
		"name": "ऑस्ट्रेलिया"
	},
	"OM": {
		"name": "ओमान"
	},
	"KH": {
		"name": "कंबोडिया"
	},
	"KZ": {
		"name": "कझाकस्तान"
	},
	"QA": {
		"name": "कतार"
	},
	"CD": {
		"name": "काँगो - किंशासा"
	},
	"CG": {
		"name": "काँगो - ब्राझाविले"
	},
	"KG": {
		"name": "किरगिझस्तान"
	},
	"KI": {
		"name": "किरीबाटी"
	},
	"CK": {
		"name": "कुक बेटे"
	},
	"KW": {
		"name": "कुवेत"
	},
	"CA": {
		"name": "कॅनडा"
	},
	"IC": {
		"name": "कॅनरी बेटे"
	},
	"CM": {
		"name": "कॅमेरून"
	},
	"BQ": {
		"name": "कॅरिबियन नेदरलँड्स"
	},
	"CF": {
		"name": "केंद्रीय अफ्रिकी प्रजासत्ताक"
	},
	"KE": {
		"name": "केनिया"
	},
	"CV": {
		"name": "केप व्हर्डे"
	},
	"KY": {
		"name": "केमन बेटे"
	},
	"CC": {
		"name": "कोकोस (कीलिंग) बेटे"
	},
	"KM": {
		"name": "कोमोरोज"
	},
	"CO": {
		"name": "कोलम्बिया"
	},
	"XK": {
		"name": "कोसोव्हो"
	},
	"CR": {
		"name": "कोस्टा रिका"
	},
	"CW": {
		"name": "क्युरासाओ"
	},
	"CU": {
		"name": "क्यूबा"
	},
	"HR": {
		"name": "क्रोएशिया"
	},
	"CX": {
		"name": "ख्रिसमस बेट"
	},
	"GY": {
		"name": "गयाना"
	},
	"GM": {
		"name": "गाम्बिया"
	},
	"GN": {
		"name": "गिनी"
	},
	"GW": {
		"name": "गिनी-बिसाउ"
	},
	"GU": {
		"name": "गुआम"
	},
	"GA": {
		"name": "गॅबॉन"
	},
	"GL": {
		"name": "ग्रीनलंड"
	},
	"GR": {
		"name": "ग्रीस"
	},
	"GD": {
		"name": "ग्रेनेडा"
	},
	"GT": {
		"name": "ग्वाटेमाला"
	},
	"GP": {
		"name": "ग्वाडेलोउपे"
	},
	"GG": {
		"name": "ग्वेर्नसे"
	},
	"GH": {
		"name": "घाना"
	},
	"TD": {
		"name": "चाड"
	},
	"CL": {
		"name": "चिली"
	},
	"CN": {
		"name": "चीन"
	},
	"JP": {
		"name": "जपान"
	},
	"JM": {
		"name": "जमैका"
	},
	"DE": {
		"name": "जर्मनी"
	},
	"JE": {
		"name": "जर्सी"
	},
	"DJ": {
		"name": "जिबौटी"
	},
	"GI": {
		"name": "जिब्राल्टर"
	},
	"GE": {
		"name": "जॉर्जिया"
	},
	"JO": {
		"name": "जॉर्डन"
	},
	"ZM": {
		"name": "झाम्बिया"
	},
	"ZW": {
		"name": "झिम्बाब्वे"
	},
	"CZ": {
		"name": "झेक प्रजासत्ताक"
	},
	"TC": {
		"name": "टर्क्स आणि कैकोस बेटे"
	},
	"TZ": {
		"name": "टांझानिया"
	},
	"TV": {
		"name": "टुवालु"
	},
	"TO": {
		"name": "टोंगा"
	},
	"TG": {
		"name": "टोगो"
	},
	"TN": {
		"name": "ट्यूनिशिया"
	},
	"TA": {
		"name": "ट्रिस्टन दा कुन्हा"
	},
	"DK": {
		"name": "डेन्मार्क"
	},
	"DO": {
		"name": "डोमिनिकन प्रजासत्ताक"
	},
	"DM": {
		"name": "डोमिनिका"
	},
	"TJ": {
		"name": "ताजिकिस्तान"
	},
	"TL": {
		"name": "तिमोर-लेस्ते"
	},
	"TM": {
		"name": "तुर्कमेनिस्तान"
	},
	"TR": {
		"name": "तुर्की"
	},
	"TW": {
		"name": "तैवान"
	},
	"TK": {
		"name": "तोकेलाउ"
	},
	"TT": {
		"name": "त्रिनिदाद आणि टोबॅगो"
	},
	"TH": {
		"name": "थायलंड"
	},
	"ZA": {
		"name": "दक्षिण आफ्रिका"
	},
	"KR": {
		"name": "दक्षिण कोरिया"
	},
	"GS": {
		"name": "दक्षिण जॉर्जिया आणि दक्षिण सँडविच बेटे"
	},
	"SS": {
		"name": "दक्षिण सुदान"
	},
	"DG": {
		"name": "दिएगो गार्सिया"
	},
	"NE": {
		"name": "नाइजर"
	},
	"NR": {
		"name": "नाउरू"
	},
	"NA": {
		"name": "नामिबिया"
	},
	"NG": {
		"name": "नायजेरिया"
	},
	"NI": {
		"name": "निकाराग्वा"
	},
	"NU": {
		"name": "नीयू"
	},
	"NL": {
		"name": "नेदरलँड"
	},
	"NP": {
		"name": "नेपाळ"
	},
	"NF": {
		"name": "नॉरफॉक बेट"
	},
	"NO": {
		"name": "नॉर्वे"
	},
	"NC": {
		"name": "न्यू कॅलेडोनिया"
	},
	"NZ": {
		"name": "न्यूझीलंड"
	},
	"PA": {
		"name": "पनामा"
	},
	"PY": {
		"name": "पराग्वे"
	},
	"PW": {
		"name": "पलाऊ"
	},
	"EH": {
		"name": "पश्चिम सहारा"
	},
	"PK": {
		"name": "पाकिस्तान"
	},
	"PG": {
		"name": "पापुआ न्यू गिनी"
	},
	"PN": {
		"name": "पिटकैर्न बेटे"
	},
	"PS": {
		"name": "पॅलेस्टिनियन प्रदेश"
	},
	"PE": {
		"name": "पेरू"
	},
	"PT": {
		"name": "पोर्तुगाल"
	},
	"PL": {
		"name": "पोलंड"
	},
	"PR": {
		"name": "प्युएर्तो रिको"
	},
	"FJ": {
		"name": "फिजी"
	},
	"FI": {
		"name": "फिनलंड"
	},
	"PH": {
		"name": "फिलिपिन्स"
	},
	"FO": {
		"name": "फेरो बेटे"
	},
	"FK": {
		"name": "फॉकलंड बेटे"
	},
	"FR": {
		"name": "फ्रान्स"
	},
	"GF": {
		"name": "फ्रेंच गयाना"
	},
	"TF": {
		"name": "फ्रेंच दाक्षिणात्य प्रदेश"
	},
	"PF": {
		"name": "फ्रेंच पॉलिनेशिया"
	},
	"BM": {
		"name": "बर्मुडा"
	},
	"BZ": {
		"name": "बलिझ"
	},
	"BG": {
		"name": "बल्गेरिया"
	},
	"BS": {
		"name": "बहामाज"
	},
	"BH": {
		"name": "बहारीन"
	},
	"BD": {
		"name": "बांगलादेश"
	},
	"BB": {
		"name": "बार्बाडोस"
	},
	"BI": {
		"name": "बुरुंडी"
	},
	"BF": {
		"name": "बुर्किना फासो"
	},
	"BJ": {
		"name": "बेनिन"
	},
	"BY": {
		"name": "बेलारूस"
	},
	"BE": {
		"name": "बेल्जियम"
	},
	"BW": {
		"name": "बोट्सवाना"
	},
	"BO": {
		"name": "बोलिव्हिया"
	},
	"BA": {
		"name": "बोस्निया अणि हर्जेगोविना"
	},
	"BR": {
		"name": "ब्राझिल"
	},
	"VG": {
		"name": "ब्रिटिश व्हर्जिन बेटे"
	},
	"IO": {
		"name": "ब्रिटिश हिंदी महासागर क्षेत्र"
	},
	"BN": {
		"name": "ब्रुनेई"
	},
	"IN": {
		"name": "भारत"
	},
	"BT": {
		"name": "भूतान"
	},
	"MN": {
		"name": "मंगोलिया"
	},
	"MO": {
		"name": "मकाओ एसएआर चीन"
	},
	"MW": {
		"name": "मलावी"
	},
	"MY": {
		"name": "मलेशिया"
	},
	"MG": {
		"name": "मादागास्कर"
	},
	"FM": {
		"name": "मायक्रोनेशिया"
	},
	"YT": {
		"name": "मायोट्टे"
	},
	"MQ": {
		"name": "मार्टिनिक"
	},
	"MH": {
		"name": "मार्शल बेटे"
	},
	"MV": {
		"name": "मालदीव"
	},
	"ML": {
		"name": "माली"
	},
	"MT": {
		"name": "माल्टा"
	},
	"MK": {
		"name": "मॅसेडोनिया"
	},
	"MX": {
		"name": "मेक्सिको"
	},
	"MS": {
		"name": "मॉन्ट्सेराट"
	},
	"MR": {
		"name": "मॉरिटानिया"
	},
	"MU": {
		"name": "मॉरिशस"
	},
	"ME": {
		"name": "मोंटेनेग्रो"
	},
	"MZ": {
		"name": "मोझाम्बिक"
	},
	"MC": {
		"name": "मोनॅको"
	},
	"MA": {
		"name": "मोरोक्को"
	},
	"MD": {
		"name": "मोल्डोव्हा"
	},
	"MM": {
		"name": "म्यानमार (बर्मा)"
	},
	"UA": {
		"name": "युक्रेन"
	},
	"UG": {
		"name": "युगांडा"
	},
	"GB": {
		"name": "युनायटेड किंगडम"
	},
	"US": {
		"name": "युनायटेड स्टेट्स"
	},
	"UM": {
		"name": "यू.एस. आउटलाइंग बेटे"
	},
	"VI": {
		"name": "यू.एस. व्हर्जिन बेटे"
	},
	"YE": {
		"name": "येमेन"
	},
	"RW": {
		"name": "रवांडा"
	},
	"RU": {
		"name": "रशिया"
	},
	"RE": {
		"name": "रियुनियन"
	},
	"RO": {
		"name": "रोमानिया"
	},
	"LU": {
		"name": "लक्झेंबर्ग"
	},
	"LA": {
		"name": "लाओस"
	},
	"LV": {
		"name": "लात्विया"
	},
	"LR": {
		"name": "लायबेरिया"
	},
	"LI": {
		"name": "लिक्टेनस्टाइन"
	},
	"LT": {
		"name": "लिथुआनिया"
	},
	"LY": {
		"name": "लिबिया"
	},
	"LB": {
		"name": "लेबनॉन"
	},
	"LS": {
		"name": "लेसोथो"
	},
	"VU": {
		"name": "वानुआतु"
	},
	"WF": {
		"name": "वालिस आणि फ्यूचूना"
	},
	"VN": {
		"name": "व्हिएतनाम"
	},
	"VA": {
		"name": "व्हॅटिकन सिटी"
	},
	"VE": {
		"name": "व्हेनेझुएला"
	},
	"LK": {
		"name": "श्रीलंका"
	},
	"AE": {
		"name": "संयुक्त अरब अमीरात"
	},
	"RS": {
		"name": "सर्बिया"
	},
	"ST": {
		"name": "साओ टोम आणि प्रिंसिपे"
	},
	"WS": {
		"name": "सामोआ"
	},
	"CY": {
		"name": "सायप्रस"
	},
	"SG": {
		"name": "सिंगापूर"
	},
	"SX": {
		"name": "सिंट मार्टेन"
	},
	"SL": {
		"name": "सिएरा लिओन"
	},
	"SY": {
		"name": "सीरिया"
	},
	"SD": {
		"name": "सुदान"
	},
	"SR": {
		"name": "सुरिनाम"
	},
	"SM": {
		"name": "सॅन मरीनो"
	},
	"KN": {
		"name": "सेंट किट्स आणि नेव्हिस"
	},
	"PM": {
		"name": "सेंट पियरे आणि मिक्वेलोन"
	},
	"BL": {
		"name": "सेंट बार्थेलेमी"
	},
	"MF": {
		"name": "सेंट मार्टिन"
	},
	"LC": {
		"name": "सेंट ल्यूसिया"
	},
	"VC": {
		"name": "सेंट व्हिन्सेंट आणि ग्रेनडाइन्स"
	},
	"SH": {
		"name": "सेंट हेलेना"
	},
	"SN": {
		"name": "सेनेगल"
	},
	"SC": {
		"name": "सेशेल्स"
	},
	"SO": {
		"name": "सोमालिया"
	},
	"SB": {
		"name": "सोलोमन बेटे"
	},
	"SA": {
		"name": "सौदी अरब"
	},
	"ES": {
		"name": "स्पेन"
	},
	"EA": {
		"name": "स्यूटा आणि मेलिला"
	},
	"SK": {
		"name": "स्लोव्हाकिया"
	},
	"SI": {
		"name": "स्लोव्हेनिया"
	},
	"SZ": {
		"name": "स्वाझिलँड"
	},
	"SJ": {
		"name": "स्वालबर्ड आणि जान मायेन"
	},
	"CH": {
		"name": "स्वित्झर्लंड"
	},
	"SE": {
		"name": "स्वीडन"
	},
	"HU": {
		"name": "हंगेरी"
	},
	"HK": {
		"name": "हाँगकाँग एसएआर चीन"
	},
	"HT": {
		"name": "हैती"
	},
	"HN": {
		"name": "होंडुरास"
	}
}