{
	"AD": {
		"name": "Andorra"
	},
	"AI": {
		"name": "Anguilla"
	},
	"AG": {
		"name": "Antigua u Barbuda"
	},
	"AW": {
		"name": "Aruba"
	},
	"AC": {
		"name": "Ascension Island"
	},
	"BB": {
		"name": "Barbados"
	},
	"BM": {
		"name": "Bermuda"
	},
	"CY": {
		"name": "Ċipru"
	},
	"CV": {
		"name": "Cape Verde"
	},
	"EA": {
		"name": "Ceuta u Melilla"
	},
	"CN": {
		"name": "China"
	},
	"KM": {
		"name": "Comoros"
	},
	"CW": {
		"name": "Curaçao"
	},
	"DG": {
		"name": "Diego Garcia"
	},
	"DM": {
		"name": "Dominica"
	},
	"SV": {
		"name": "El Salvador"
	},
	"FJ": {
		"name": "Fiġi"
	},
	"FR": {
		"name": "Franza"
	},
	"GI": {
		"name": "Ġibiltà"
	},
	"MP": {
		"name": "Ġżejjer Mariana tat-Tramuntana"
	},
	"GL": {
		"name": "Greenland"
	},
	"GD": {
		"name": "Grenada"
	},
	"GP": {
		"name": "Guadeloupe"
	},
	"GU": {
		"name": "Guam"
	},
	"GG": {
		"name": "Guernsey"
	},
	"CC": {
		"name": "Gżejjer Cocos (Keeling)"
	},
	"CK": {
		"name": "Gżejjer Cook"
	},
	"MH": {
		"name": "Gżejjer Marshall"
	},
	"PN": {
		"name": "Gżejjer Pitcairn"
	},
	"NF": {
		"name": "Gżira Norfolk"
	},
	"CL": {
		"name": "iċ-Ċili"
	},
	"TD": {
		"name": "iċ-Chad"
	},
	"DK": {
		"name": "id-Danimarka"
	},
	"BS": {
		"name": "il-Bahamas"
	},
	"BH": {
		"name": "il-Bahrain"
	},
	"BD": {
		"name": "il-Bangladesh"
	},
	"BY": {
		"name": "il-Belarussja"
	},
	"BE": {
		"name": "il-Belġju"
	},
	"BZ": {
		"name": "il-Belize"
	},
	"BJ": {
		"name": "il-Benin"
	},
	"BT": {
		"name": "il-Bhutan"
	},
	"BO": {
		"name": "il-Bolivja"
	},
	"BW": {
		"name": "il-Botswana"
	},
	"BA": {
		"name": "il-Bożnija-Ħerzegovina"
	},
	"BR": {
		"name": "Il-Brażil"
	},
	"BN": {
		"name": "il-Brunei"
	},
	"BG": {
		"name": "il-Bulgarija"
	},
	"BF": {
		"name": "il-Burkina Faso"
	},
	"BI": {
		"name": "il-Burundi"
	},
	"CR": {
		"name": "il-Costa Rica"
	},
	"DJ": {
		"name": "il-Djibouti"
	},
	"PH": {
		"name": "il-Filippini"
	},
	"FI": {
		"name": "il-Finlandja"
	},
	"JM": {
		"name": "il-Ġamajka"
	},
	"JP": {
		"name": "il-Ġappun"
	},
	"DE": {
		"name": "il-Ġermanja"
	},
	"JO": {
		"name": "il-Ġordan"
	},
	"GA": {
		"name": "il-Gabon"
	},
	"GM": {
		"name": "il-Gambja"
	},
	"GE": {
		"name": "il-Georgia"
	},
	"GS": {
		"name": "il-Georgia tan-Nofsinhar u l-Gżejjer Sandwich tan-Nofsinhar"
	},
	"GH": {
		"name": "il-Ghana"
	},
	"GR": {
		"name": "il-Greċja"
	},
	"GN": {
		"name": "il-Guinea"
	},
	"GQ": {
		"name": "il-Guinea Ekwatorjali"
	},
	"GW": {
		"name": "il-Guinea-Bissau"
	},
	"GY": {
		"name": "il-Guyana"
	},
	"GF": {
		"name": "il-Guyana Franċiża"
	},
	"GT": {
		"name": "il-Gwatemala"
	},
	"AX": {
		"name": "il-Gżejjer Aland"
	},
	"IC": {
		"name": "il-Gżejjer Canary"
	},
	"KY": {
		"name": "il-Gżejjer Cayman"
	},
	"FO": {
		"name": "il-Gżejjer Faeroe"
	},
	"FK": {
		"name": "il-Gżejjer Falkland"
	},
	"UM": {
		"name": "Il-Gżejjer Minuri Mbiegħda tal-Istati Uniti"
	},
	"SB": {
		"name": "il-Gżejjer Solomon"
	},
	"TC": {
		"name": "il-Gżejjer Turks u Caicos"
	},
	"VG": {
		"name": "il-Gżejjer Verġni Brittaniċi"
	},
	"VI": {
		"name": "il-Gżejjer Verġni tal-Istati Uniti"
	},
	"CX": {
		"name": "il-Gżira Christmas"
	},
	"HT": {
		"name": "il-Haiti"
	},
	"HN": {
		"name": "il-Honduras"
	},
	"YE": {
		"name": "il-Jemen"
	},
	"KH": {
		"name": "il-Kambodja"
	},
	"CM": {
		"name": "il-Kamerun"
	},
	"CA": {
		"name": "il-Kanada"
	},
	"KZ": {
		"name": "il-Każakistan"
	},
	"KE": {
		"name": "il-Kenja"
	},
	"KG": {
		"name": "il-Kirgiżistan"
	},
	"CO": {
		"name": "il-Kolombja"
	},
	"CG": {
		"name": "il-Kongo - Brazzaville"
	},
	"KR": {
		"name": "il-Korea t’Isfel"
	},
	"KP": {
		"name": "il-Korea ta’ Fuq"
	},
	"CI": {
		"name": "il-Kosta tal-Avorju"
	},
	"HR": {
		"name": "il-Kroazja"
	},
	"KW": {
		"name": "il-Kuwajt"
	},
	"LA": {
		"name": "il-Laos"
	},
	"LV": {
		"name": "il-Latvja"
	},
	"LS": {
		"name": "il-Lesoto"
	},
	"LB": {
		"name": "il-Libanu"
	},
	"LR": {
		"name": "il-Liberja"
	},
	"LY": {
		"name": "il-Libja"
	},
	"LI": {
		"name": "il-Liechtenstein"
	},
	"LT": {
		"name": "il-Litwanja"
	},
	"LU": {
		"name": "il-Lussemburgu"
	},
	"MY": {
		"name": "il-Malasja"
	},
	"MW": {
		"name": "il-Malawi"
	},
	"MV": {
		"name": "il-Maldivi"
	},
	"ML": {
		"name": "il-Mali"
	},
	"MA": {
		"name": "il-Marokk"
	},
	"MR": {
		"name": "il-Mauritania"
	},
	"MX": {
		"name": "il-Messiku"
	},
	"MD": {
		"name": "il-Moldova"
	},
	"MN": {
		"name": "il-Mongolja"
	},
	"ME": {
		"name": "il-Montenegro"
	},
	"MZ": {
		"name": "il-Mozambique"
	},
	"MM": {
		"name": "il-Myanmar\/Burma"
	},
	"PK": {
		"name": "il-Pakistan"
	},
	"PA": {
		"name": "il-Panama"
	},
	"PY": {
		"name": "il-Paragwaj"
	},
	"PE": {
		"name": "il-Perù"
	},
	"PL": {
		"name": "il-Polonja"
	},
	"PT": {
		"name": "il-Portugall"
	},
	"QA": {
		"name": "il-Qatar"
	},
	"VE": {
		"name": "il-Venezwela"
	},
	"VN": {
		"name": "il-Vjetnam"
	},
	"NA": {
		"name": "in-Namibja"
	},
	"NP": {
		"name": "in-Nepal"
	},
	"NL": {
		"name": "in-Netherlands"
	},
	"BQ": {
		"name": "in-Netherlands tal-Karibew"
	},
	"NE": {
		"name": "in-Niġer"
	},
	"NG": {
		"name": "in-Niġerja"
	},
	"NI": {
		"name": "in-Nikaragwa"
	},
	"NO": {
		"name": "in-Norveġja"
	},
	"HK": {
		"name": "ir-Reġjun Amministrattiv Speċjali ta’ Hong Kong tar-Repubblika tal-Poplu taċ-Ċina"
	},
	"MO": {
		"name": "ir-Reġjun Amministrattiv Speċjali tal-Macao tar-Repubblika tal-Poplu taċ-Ċina"
	},
	"GB": {
		"name": "ir-Renju Unit"
	},
	"CZ": {
		"name": "ir-Repubblika Ċeka"
	},
	"CF": {
		"name": "ir-Repubblika Ċentru-Afrikana"
	},
	"CD": {
		"name": "ir-Repubblika Demokratika tal-Kongo"
	},
	"DO": {
		"name": "ir-Repubblika Dominicana"
	},
	"RO": {
		"name": "ir-Rumanija"
	},
	"RU": {
		"name": "ir-Russja"
	},
	"RW": {
		"name": "ir-Rwanda"
	},
	"EH": {
		"name": "is-Saħara tal-Punent"
	},
	"AS": {
		"name": "is-Samoa Amerikana"
	},
	"SN": {
		"name": "is-Senegal"
	},
	"RS": {
		"name": "is-Serbja"
	},
	"SC": {
		"name": "is-Seychelles"
	},
	"SY": {
		"name": "is-Sirja"
	},
	"SK": {
		"name": "is-Slovakkja"
	},
	"SI": {
		"name": "is-Slovenja"
	},
	"SO": {
		"name": "is-Somalja"
	},
	"LK": {
		"name": "is-Sri Lanka"
	},
	"SD": {
		"name": "is-Sudan"
	},
	"SS": {
		"name": "is-Sudan t’Isfel"
	},
	"SR": {
		"name": "is-Suriname"
	},
	"SZ": {
		"name": "is-Swaziland"
	},
	"IM": {
		"name": "Isle of Man"
	},
	"TJ": {
		"name": "it-Taġikistan"
	},
	"TH": {
		"name": "it-Tajlandja"
	},
	"TW": {
		"name": "it-Tajwan"
	},
	"TZ": {
		"name": "it-Tanzanija"
	},
	"TF": {
		"name": "It-Territorji Franċiżi tan-Nofsinhar"
	},
	"PS": {
		"name": "it-Territorji Palestinjani"
	},
	"TG": {
		"name": "it-Togo"
	},
	"TK": {
		"name": "it-Tokelau"
	},
	"TN": {
		"name": "it-Tuneżija"
	},
	"TR": {
		"name": "it-Turkija"
	},
	"TM": {
		"name": "it-Turkmenistan"
	},
	"ZM": {
		"name": "iż-Żambja"
	},
	"ZW": {
		"name": "iż-Żimbabwe"
	},
	"IL": {
		"name": "Iżrael"
	},
	"JE": {
		"name": "Jersey"
	},
	"KI": {
		"name": "Kiribati"
	},
	"XK": {
		"name": "Kosovo"
	},
	"CU": {
		"name": "Kuba"
	},
	"AF": {
		"name": "l-Afganistan"
	},
	"ZA": {
		"name": "l-Afrika t’Isfel"
	},
	"AL": {
		"name": "l-Albanija"
	},
	"DZ": {
		"name": "l-Alġerija"
	},
	"AO": {
		"name": "l-Angola"
	},
	"AQ": {
		"name": "l-Antartika"
	},
	"SA": {
		"name": "l-Arabia Sawdija"
	},
	"AR": {
		"name": "l-Arġentina"
	},
	"AM": {
		"name": "l-Armenja"
	},
	"AU": {
		"name": "l-Awstralja"
	},
	"AT": {
		"name": "l-Awstrija"
	},
	"AZ": {
		"name": "l-Ażerbajġan"
	},
	"EG": {
		"name": "l-Eġittu"
	},
	"MK": {
		"name": "l-Eks-Repubblika Jugoslava tal-Maċedonia"
	},
	"EC": {
		"name": "l-Ekwador"
	},
	"AE": {
		"name": "l-Emirati Għarab Magħquda"
	},
	"ER": {
		"name": "l-Eritrea"
	},
	"EE": {
		"name": "l-Estonja"
	},
	"ET": {
		"name": "l-Etjopja"
	},
	"IN": {
		"name": "l-Indja"
	},
	"ID": {
		"name": "l-Indoneżja"
	},
	"IR": {
		"name": "l-Iran"
	},
	"IQ": {
		"name": "l-Iraq"
	},
	"IE": {
		"name": "l-Irlanda"
	},
	"VA": {
		"name": "l-Istat tal-Belt tal-Vatikan"
	},
	"US": {
		"name": "l-Istati Uniti"
	},
	"IT": {
		"name": "l-Italja"
	},
	"IS": {
		"name": "l-iżlanda"
	},
	"SE": {
		"name": "l-Iżvezja"
	},
	"OM": {
		"name": "l-Oman"
	},
	"UG": {
		"name": "l-Uganda"
	},
	"UA": {
		"name": "l-Ukrajna"
	},
	"HU": {
		"name": "l-Ungerija"
	},
	"UY": {
		"name": "l-Urugwaj"
	},
	"UZ": {
		"name": "l-Użbekistan"
	},
	"MG": {
		"name": "Madagascar"
	},
	"MT": {
		"name": "Malta"
	},
	"MQ": {
		"name": "Martinique"
	},
	"MU": {
		"name": "Mauritius"
	},
	"YT": {
		"name": "Mayotte"
	},
	"FM": {
		"name": "Mikroneżja"
	},
	"MC": {
		"name": "Monaco"
	},
	"MS": {
		"name": "Montserrat"
	},
	"NR": {
		"name": "Nauru"
	},
	"NC": {
		"name": "New Caledonia"
	},
	"NZ": {
		"name": "New Zealand"
	},
	"NU": {
		"name": "Niue"
	},
	"PW": {
		"name": "Palau"
	},
	"PG": {
		"name": "Papua New Guinea"
	},
	"PF": {
		"name": "Polineżja Franċiża"
	},
	"PR": {
		"name": "Puerto Rico"
	},
	"RE": {
		"name": "Réunion"
	},
	"BL": {
		"name": "Saint Barthélemy"
	},
	"SH": {
		"name": "Saint Helena"
	},
	"KN": {
		"name": "Saint Kitts u Nevis"
	},
	"LC": {
		"name": "Saint Lucia"
	},
	"MF": {
		"name": "Saint Martin"
	},
	"PM": {
		"name": "Saint Pierre u Miquelon"
	},
	"VC": {
		"name": "Saint Vincent u l-Grenadini"
	},
	"WS": {
		"name": "Samoa"
	},
	"SM": {
		"name": "San Marino"
	},
	"ST": {
		"name": "São Tomé u Príncipe"
	},
	"SL": {
		"name": "Sierra Leone"
	},
	"SG": {
		"name": "Singapore"
	},
	"SX": {
		"name": "Sint Maarten"
	},
	"ES": {
		"name": "Spanja"
	},
	"SJ": {
		"name": "Svalbard u Jan Mayen"
	},
	"IO": {
		"name": "Territorju Brittaniku tal-Oċean Indjan"
	},
	"TL": {
		"name": "Timor Leste"
	},
	"TO": {
		"name": "Tonga"
	},
	"TT": {
		"name": "Trinidad u Tobago"
	},
	"TA": {
		"name": "Tristan da Cunha"
	},
	"TV": {
		"name": "Tuvalu"
	},
	"VU": {
		"name": "Vanuatu"
	},
	"WF": {
		"name": "Wallis u Futuna"
	},
	"CH": {
		"name": "Żvizzera"
	}
}