{
	"AF": {
		"name": "afghanistaŋ"
	},
	"ZA": {
		"name": "Afrika nekǝsǝŋ"
	},
	"AX": {
		"name": "Åland Islands"
	},
	"AL": {
		"name": "albaniya"
	},
	"DZ": {
		"name": "algeriya"
	},
	"US": {
		"name": "Amerika"
	},
	"AD": {
		"name": "andorra"
	},
	"IO": {
		"name": "anglofoŋ ma Indiya"
	},
	"AO": {
		"name": "angola"
	},
	"AI": {
		"name": "anguiya"
	},
	"AQ": {
		"name": "Antarctica"
	},
	"AG": {
		"name": "antiguan ne Barbuda"
	},
	"AR": {
		"name": "argentiniya"
	},
	"AM": {
		"name": "armeniya"
	},
	"AW": {
		"name": "aruba"
	},
	"AC": {
		"name": "Ascension Island"
	},
	"AU": {
		"name": "australiya"
	},
	"AT": {
		"name": "austriya"
	},
	"AZ": {
		"name": "azerbaijaŋ"
	},
	"BS": {
		"name": "bahamas"
	},
	"BH": {
		"name": "bahraiŋ"
	},
	"BD": {
		"name": "bangladeshiya"
	},
	"BB": {
		"name": "barbadiya"
	},
	"BY": {
		"name": "belarussiya"
	},
	"BE": {
		"name": "belgika"
	},
	"BZ": {
		"name": "beliziya"
	},
	"BJ": {
		"name": "beniŋ"
	},
	"BM": {
		"name": "bermudiya"
	},
	"BO": {
		"name": "boliviya"
	},
	"BA": {
		"name": "bosniya ne Herzegovina"
	},
	"BW": {
		"name": "botswana"
	},
	"BR": {
		"name": "brazilya"
	},
	"BN": {
		"name": "bruniya"
	},
	"BG": {
		"name": "bulgariya"
	},
	"BF": {
		"name": "burkina Faso"
	},
	"BI": {
		"name": "burundi"
	},
	"BT": {
		"name": "butaŋ"
	},
	"IC": {
		"name": "Canary Islands"
	},
	"BQ": {
		"name": "Caribbean Netherlands"
	},
	"CF": {
		"name": "centrafrika"
	},
	"EA": {
		"name": "Ceuta & Melilla"
	},
	"CX": {
		"name": "Christmas Island"
	},
	"CC": {
		"name": "Cocos (Keeling) Islands"
	},
	"CW": {
		"name": "Curaçao"
	},
	"DK": {
		"name": "Daŋmark"
	},
	"DG": {
		"name": "Diego Garcia"
	},
	"DJ": {
		"name": "Djibouti"
	},
	"DM": {
		"name": "Dominik"
	},
	"EC": {
		"name": "Ekwatǝr"
	},
	"ES": {
		"name": "Espaŋiya"
	},
	"EE": {
		"name": "Estoniya"
	},
	"ET": {
		"name": "Etiopia"
	},
	"FO": {
		"name": "Faroe Islands"
	},
	"PH": {
		"name": "Filipiŋ"
	},
	"FR": {
		"name": "Franssǝ"
	},
	"TF": {
		"name": "French Southern Territories"
	},
	"GA": {
		"name": "Gaboŋ"
	},
	"GM": {
		"name": "Gambiya"
	},
	"GH": {
		"name": "Gana"
	},
	"GE": {
		"name": "Georgiya"
	},
	"DE": {
		"name": "Germaniya"
	},
	"GD": {
		"name": "Grenadǝ"
	},
	"GG": {
		"name": "Guernsey"
	},
	"GN": {
		"name": "Guine"
	},
	"GW": {
		"name": "Guine ma Bissao"
	},
	"GY": {
		"name": "Guyana"
	},
	"GU": {
		"name": "Gwam"
	},
	"GT": {
		"name": "Gwatemala"
	},
	"HK": {
		"name": "Hong Kong SAR China"
	},
	"HU": {
		"name": "Hungriya"
	},
	"ID": {
		"name": "Indonesiya"
	},
	"IQ": {
		"name": "Irak"
	},
	"IR": {
		"name": "Iraŋ"
	},
	"IM": {
		"name": "Isle of Man"
	},
	"IT": {
		"name": "Italiya"
	},
	"JM": {
		"name": "Jamaika"
	},
	"JP": {
		"name": "Japaŋ"
	},
	"JE": {
		"name": "Jersey"
	},
	"JO": {
		"name": "Jordaniya"
	},
	"NC": {
		"name": "Kaledoniya mafuu"
	},
	"KH": {
		"name": "kambodiya"
	},
	"CM": {
		"name": "kameruŋ"
	},
	"CA": {
		"name": "kanada"
	},
	"CV": {
		"name": "kap ma laŋne"
	},
	"QA": {
		"name": "Katar"
	},
	"KY": {
		"name": "kayman ma laŋne"
	},
	"KZ": {
		"name": "Kazakstaŋ"
	},
	"KG": {
		"name": "Kirgizstaŋ"
	},
	"CO": {
		"name": "kolombiya"
	},
	"KM": {
		"name": "komora"
	},
	"CG": {
		"name": "kongo"
	},
	"CK": {
		"name": "kook ma laŋne"
	},
	"XK": {
		"name": "Kosovo"
	},
	"CR": {
		"name": "kosta Rika"
	},
	"HR": {
		"name": "kroatiya"
	},
	"CU": {
		"name": "Kuba"
	},
	"LV": {
		"name": "Letoniya"
	},
	"LB": {
		"name": "Libaŋ"
	},
	"LR": {
		"name": "Liberiya"
	},
	"LY": {
		"name": "Libiya"
	},
	"LI": {
		"name": "Lichtǝnsteiŋ"
	},
	"LT": {
		"name": "Lituaniya"
	},
	"MO": {
		"name": "Macau SAR China"
	},
	"MK": {
		"name": "Macedoniya"
	},
	"MG": {
		"name": "Madagaskar"
	},
	"MY": {
		"name": "Malaysiya"
	},
	"MV": {
		"name": "Maldivǝ"
	},
	"MA": {
		"name": "Marok"
	},
	"MQ": {
		"name": "Martinika"
	},
	"MR": {
		"name": "Mauritaniya"
	},
	"YT": {
		"name": "Mayot"
	},
	"MX": {
		"name": "Mexiko"
	},
	"FM": {
		"name": "Micronesiya"
	},
	"MD": {
		"name": "Moldoviya"
	},
	"MC": {
		"name": "Monako"
	},
	"MN": {
		"name": "Mongoliya"
	},
	"ME": {
		"name": "Montenegro"
	},
	"MZ": {
		"name": "Mozambika"
	},
	"NA": {
		"name": "Namibiya"
	},
	"NG": {
		"name": "Nigeriya"
	},
	"NI": {
		"name": "Nikaragwa"
	},
	"NU": {
		"name": "Niwe"
	},
	"NF": {
		"name": "Norfolk ma laŋne"
	},
	"NO": {
		"name": "Norvegǝ"
	},
	"OM": {
		"name": "Omaŋ"
	},
	"PK": {
		"name": "Pakistaŋ"
	},
	"PG": {
		"name": "Papuasiya Guine mafuu"
	},
	"PY": {
		"name": "Paragwai"
	},
	"PE": {
		"name": "Peru"
	},
	"PN": {
		"name": "Pitkairn"
	},
	"PL": {
		"name": "Pologŋ"
	},
	"PR": {
		"name": "Porto Riko"
	},
	"RO": {
		"name": "Romaniya"
	},
	"RU": {
		"name": "Russiya"
	},
	"RW": {
		"name": "Rwanda"
	},
	"SC": {
		"name": "Saichel"
	},
	"AS": {
		"name": "samoa Amerika"
	},
	"ST": {
		"name": "Sao Tome ne Principe"
	},
	"SN": {
		"name": "Senegal"
	},
	"VG": {
		"name": "ser Anglofon ma laŋne"
	},
	"CI": {
		"name": "ser Ivoiriya"
	},
	"RS": {
		"name": "Serbia"
	},
	"VI": {
		"name": "Sǝr amerika ma laŋne"
	},
	"GB": {
		"name": "Sǝr Anglofoŋ"
	},
	"SA": {
		"name": "Sǝr Arabiya"
	},
	"AE": {
		"name": "Sǝr Arabiya ma taini"
	},
	"DO": {
		"name": "Sǝr Dominik ma lii"
	},
	"EG": {
		"name": "Sǝr Egypt"
	},
	"ER": {
		"name": "Sǝr Eritre"
	},
	"FJ": {
		"name": "Sǝr Fiji"
	},
	"FI": {
		"name": "Sǝr Finland"
	},
	"GI": {
		"name": "Sǝr Gibraltar"
	},
	"GR": {
		"name": "Sǝr Grek"
	},
	"GL": {
		"name": "Sǝr Groenland"
	},
	"GQ": {
		"name": "Sǝr Guine"
	},
	"GF": {
		"name": "Sǝr Guyana ma Franssǝ"
	},
	"GP": {
		"name": "Sǝr Gwadeloupǝ"
	},
	"HT": {
		"name": "Sǝr Haiti"
	},
	"SH": {
		"name": "Sǝr Helena"
	},
	"HN": {
		"name": "Sǝr Honduras"
	},
	"IN": {
		"name": "Sǝr Indǝ"
	},
	"IE": {
		"name": "Sǝr Ireland"
	},
	"IS": {
		"name": "Sǝr Island"
	},
	"IL": {
		"name": "Sǝr Israel"
	},
	"KE": {
		"name": "Sǝr Kenya"
	},
	"KI": {
		"name": "Sǝr Kiribati"
	},
	"CD": {
		"name": "Sǝr Kongo ma dii ne zair"
	},
	"KP": {
		"name": "Sǝr Kore fah sǝŋ"
	},
	"KR": {
		"name": "Sǝr Kore nekǝsǝŋ"
	},
	"KW": {
		"name": "Sǝr Kowait"
	},
	"KN": {
		"name": "Sǝr Kristof ne Nievǝ"
	},
	"LK": {
		"name": "Sǝr Lanka"
	},
	"LA": {
		"name": "Sǝr Laos"
	},
	"LS": {
		"name": "Sǝr Lesotho"
	},
	"LC": {
		"name": "Sǝr Lucia"
	},
	"LU": {
		"name": "Sǝr Luxemburg"
	},
	"NL": {
		"name": "Sǝr ma kasǝŋ"
	},
	"MW": {
		"name": "Sǝr Malawi"
	},
	"ML": {
		"name": "Sǝr Mali"
	},
	"FK": {
		"name": "Sǝr malouniya ma laŋne"
	},
	"MT": {
		"name": "Sǝr Malta"
	},
	"MP": {
		"name": "Sǝr Maria ma laŋne"
	},
	"SM": {
		"name": "Sǝr Marino"
	},
	"MH": {
		"name": "Sǝr Marshall ma laŋne"
	},
	"MU": {
		"name": "Sǝr Mauricǝ"
	},
	"MS": {
		"name": "Sǝr Montserrat"
	},
	"MM": {
		"name": "Sǝr Myanmar"
	},
	"NR": {
		"name": "Sǝr Nauru"
	},
	"NP": {
		"name": "Sǝr Nepal"
	},
	"NE": {
		"name": "Sǝr Niger"
	},
	"PW": {
		"name": "Sǝr Palau"
	},
	"PS": {
		"name": "Sǝr Palestiniya"
	},
	"PA": {
		"name": "Sǝr Panama"
	},
	"PM": {
		"name": "Sǝr Pǝtar ne Mikǝlon"
	},
	"PF": {
		"name": "Sǝr Polynesiya ma Franssǝ"
	},
	"PT": {
		"name": "Sǝr Portugal"
	},
	"RE": {
		"name": "Sǝr Reunion"
	},
	"SB": {
		"name": "Sǝr Salomon ma laŋne"
	},
	"SV": {
		"name": "Sǝr Salvador"
	},
	"WS": {
		"name": "Sǝr Samoa"
	},
	"SE": {
		"name": "Sǝr Sued"
	},
	"SR": {
		"name": "Sǝr Surinam"
	},
	"SZ": {
		"name": "Sǝr Swaziland"
	},
	"CH": {
		"name": "Sǝr Swiss"
	},
	"CZ": {
		"name": "Sǝr Syek"
	},
	"TG": {
		"name": "Sǝr Togo"
	},
	"TK": {
		"name": "Sǝr Tokelau"
	},
	"TO": {
		"name": "Sǝr Tonga"
	},
	"TV": {
		"name": "Sǝr Tuvalu"
	},
	"VU": {
		"name": "Sǝr Vanuatu"
	},
	"VE": {
		"name": "Sǝr Venezuela"
	},
	"VN": {
		"name": "Sǝr Vietnam"
	},
	"VC": {
		"name": "Sǝr Vinceŋ ne Grenadiŋ"
	},
	"SL": {
		"name": "Sierra Leonǝ"
	},
	"SG": {
		"name": "Singapur"
	},
	"SX": {
		"name": "Sint Maarten"
	},
	"SK": {
		"name": "Slovakiya"
	},
	"SI": {
		"name": "Sloveniya"
	},
	"SO": {
		"name": "Somaliya"
	},
	"GS": {
		"name": "South Georgia & South Sandwich Islands"
	},
	"SS": {
		"name": "South Sudan"
	},
	"BL": {
		"name": "St. Barthélemy"
	},
	"MF": {
		"name": "St. Martin"
	},
	"SD": {
		"name": "Sudaŋ"
	},
	"SJ": {
		"name": "Svalbard & Jan Mayen"
	},
	"TD": {
		"name": "syad"
	},
	"CL": {
		"name": "syili"
	},
	"CN": {
		"name": "syiŋ"
	},
	"CY": {
		"name": "Syipriya"
	},
	"SY": {
		"name": "Syria"
	},
	"TH": {
		"name": "Tailand"
	},
	"TW": {
		"name": "Taiwaŋ"
	},
	"TJ": {
		"name": "Tajikistaŋ"
	},
	"TZ": {
		"name": "Tanzaniya"
	},
	"TL": {
		"name": "Timoriya"
	},
	"TT": {
		"name": "Trinite ne Tobago"
	},
	"TA": {
		"name": "Tristan da Cunha"
	},
	"TN": {
		"name": "Tunisiya"
	},
	"TR": {
		"name": "Turkiya"
	},
	"TC": {
		"name": "Turkiya ne kaicos ma laŋne"
	},
	"TM": {
		"name": "Turkmenistaŋ"
	},
	"UM": {
		"name": "U.S. Outlying Islands"
	},
	"UG": {
		"name": "Uganda"
	},
	"UA": {
		"name": "Ukraiŋ"
	},
	"UY": {
		"name": "Urugwai"
	},
	"UZ": {
		"name": "Uzbekistaŋ"
	},
	"VA": {
		"name": "Vaticaŋ"
	},
	"WF": {
		"name": "Wallis ne Futuna"
	},
	"EH": {
		"name": "Western Sahara"
	},
	"YE": {
		"name": "Yemeŋ"
	},
	"ZM": {
		"name": "Zambiya"
	},
	"NZ": {
		"name": "Zeland mafuu"
	},
	"ZW": {
		"name": "Zimbabwe"
	}
}