{
	"CA": {
		"name": "ကနေဒါ"
	},
	"IC": {
		"name": "ကနေရီ ကျွန်းစု"
	},
	"KG": {
		"name": "ကာဂျစ္စတန်"
	},
	"KZ": {
		"name": "ကာဇက်စတန်"
	},
	"QA": {
		"name": "ကာတာ"
	},
	"BQ": {
		"name": "ကာရစ်ဘီယံ နယ်သာလန်"
	},
	"KW": {
		"name": "ကူဝိတ်"
	},
	"KY": {
		"name": "ကေမန် ကျွန်းစု"
	},
	"CC": {
		"name": "ကိုကိုးကျွန်း"
	},
	"XK": {
		"name": "ကိုဆိုဗို"
	},
	"KM": {
		"name": "ကိုမိုရိုစ်"
	},
	"CO": {
		"name": "ကိုလံဘီယာ"
	},
	"CR": {
		"name": "ကို့စ်တာရီကာ"
	},
	"CI": {
		"name": "ကို့တ် ဒီဗွာ"
	},
	"KE": {
		"name": "ကင်ညာ"
	},
	"CM": {
		"name": "ကင်မရွန်း"
	},
	"CV": {
		"name": "ကိတ်ဗာဒီ"
	},
	"KH": {
		"name": "ကမ္ဘောဒီးယား"
	},
	"CW": {
		"name": "ကျူရေးကိုးစ်"
	},
	"CU": {
		"name": "ကျူးဘား"
	},
	"CK": {
		"name": "ကွတ် ကျွန်းစု"
	},
	"CD": {
		"name": "ကွန်ဂို"
	},
	"CG": {
		"name": "ကွန်ဂို-ဘရာဇာဗီးလ်"
	},
	"HR": {
		"name": "ခရိုအေးရှား"
	},
	"CX": {
		"name": "ခရစ်စမတ် ကျွန်း"
	},
	"KI": {
		"name": "ခီရီဘာတီ"
	},
	"CL": {
		"name": "ချီလီ"
	},
	"CZ": {
		"name": "ချက် ပြည်ထောင်စု"
	},
	"TD": {
		"name": "ချဒ်"
	},
	"GR": {
		"name": "ဂရိ"
	},
	"GD": {
		"name": "ဂရီနေဒါ"
	},
	"GL": {
		"name": "ဂရင်းလန်း"
	},
	"GH": {
		"name": "ဂါနာ"
	},
	"GA": {
		"name": "ဂါဘွန်"
	},
	"GN": {
		"name": "ဂီနီ"
	},
	"GW": {
		"name": "ဂီနီ-ဘီစော"
	},
	"GU": {
		"name": "ဂူအမ်"
	},
	"GY": {
		"name": "ဂိုင်ယာနာ"
	},
	"GM": {
		"name": "ဂမ်ဘီရာ"
	},
	"JP": {
		"name": "ဂျပန်"
	},
	"JM": {
		"name": "ဂျမေကာ"
	},
	"JE": {
		"name": "ဂျာစီ"
	},
	"DE": {
		"name": "ဂျာမဏီ"
	},
	"GI": {
		"name": "ဂျီဘရော်လ်တာ"
	},
	"DJ": {
		"name": "ဂျီဘူတီ"
	},
	"GE": {
		"name": "ဂျော်ဂျီယာ"
	},
	"JO": {
		"name": "ဂျော်ဒန်"
	},
	"GT": {
		"name": "ဂွါတီမာလာ"
	},
	"GP": {
		"name": "ဂွါဒီလု"
	},
	"GG": {
		"name": "ဂွန်းဇီ"
	},
	"ES": {
		"name": "စပိန်"
	},
	"SJ": {
		"name": "စဗိုလ်ဘတ်နှင့်ဂျန်မေရန်"
	},
	"SI": {
		"name": "စလိုဗေးနီးယား"
	},
	"KN": {
		"name": "စိန့်ကစ်နှင့်နီဗီစ်"
	},
	"PM": {
		"name": "စိန့်ပီအဲရ်နှင့် မီကွီလွန်"
	},
	"VC": {
		"name": "စိန့်ဗင်းဆင့်နှင့် ဂရိနေဒိုင်"
	},
	"BL": {
		"name": "စိန့်ဘာသယ်လ်မီ"
	},
	"MF": {
		"name": "စိန့်မာတင်"
	},
	"LC": {
		"name": "စိန့်လူစီယာ"
	},
	"SH": {
		"name": "စိန့်ဟယ်လယ်နာ"
	},
	"SG": {
		"name": "စင်္ကာပူ"
	},
	"SX": {
		"name": "စင့်မာတင်"
	},
	"WS": {
		"name": "ဆမိုးအား"
	},
	"SK": {
		"name": "ဆလိုဗက်ကီးယား"
	},
	"RS": {
		"name": "ဆားဘီးယား"
	},
	"SN": {
		"name": "ဆီနီဂေါ"
	},
	"SL": {
		"name": "ဆီယာရာ လီယွန်း"
	},
	"SY": {
		"name": "ဆီးရီးယား"
	},
	"SD": {
		"name": "ဆူဒန်"
	},
	"SR": {
		"name": "ဆူရာနမ်"
	},
	"SC": {
		"name": "ဆေးရှဲ"
	},
	"SA": {
		"name": "ဆော်ဒီအာရေးဘီးယား"
	},
	"SB": {
		"name": "ဆော်လမွန်ကျွန်းစု"
	},
	"SO": {
		"name": "ဆိုမာလီယာ"
	},
	"CY": {
		"name": "ဆိုက်ပရပ်စ်"
	},
	"ST": {
		"name": "ဆောင်တူမေးနှင့် ပရင်စီပီ"
	},
	"SM": {
		"name": "ဆန်မာရီနို"
	},
	"EA": {
		"name": "ဆယ်ဥတာနှင့်မယ်လီလ်လာ"
	},
	"SZ": {
		"name": "ဆွာဇီလန်"
	},
	"SE": {
		"name": "ဆွီဒင်"
	},
	"CH": {
		"name": "ဆွစ်ဇာလန်"
	},
	"ZW": {
		"name": "ဇင်ဘာဘွေ"
	},
	"ZM": {
		"name": "ဇမ်ဘီယာ"
	},
	"UZ": {
		"name": "ဉဇဘက်ကစ္စတန်"
	},
	"CN": {
		"name": "တရုတ်"
	},
	"TJ": {
		"name": "တာဂျီကစ္စတန်"
	},
	"TM": {
		"name": "တာ့ခ်မင်နစ္စတန်"
	},
	"TN": {
		"name": "တူနီးရှား"
	},
	"TV": {
		"name": "တူဗားလူ"
	},
	"TR": {
		"name": "တူရကီ"
	},
	"TK": {
		"name": "တိုကလောင်"
	},
	"TG": {
		"name": "တိုဂို"
	},
	"AC": {
		"name": "တက်တော်မူကျွန်း"
	},
	"TC": {
		"name": "တခ်စ်နှင့်ကာအီကိုစ်ကျွန်းစု"
	},
	"GS": {
		"name": "တောင် ဂျော်ဂျီယာ နှင့် တောင် ဆင်းဒဝစ်ဂျ် ကျွန်းစုများ"
	},
	"SS": {
		"name": "တောင် ဆူဒန်"
	},
	"KR": {
		"name": "တောင်ကိုရီးယား"
	},
	"MP": {
		"name": "တောင်ပိုင်းမာရီအာနာကျွန်းစု"
	},
	"ZA": {
		"name": "တောင်အာဖရိက"
	},
	"TZ": {
		"name": "တန်ဇန်းနီးယား"
	},
	"TO": {
		"name": "တွန်ဂါ"
	},
	"TT": {
		"name": "ထရီနီဒတ်နှင့် တိုဘက်ဂို"
	},
	"TA": {
		"name": "ထရစ္စတန် ဒါ ကွန်ဟာ"
	},
	"TW": {
		"name": "ထိုင်ဝမ်"
	},
	"TH": {
		"name": "ထိုင်း"
	},
	"DG": {
		"name": "ဒီအဲဂိုဂါစီရာ"
	},
	"DM": {
		"name": "ဒိုမီနီကာ"
	},
	"DO": {
		"name": "ဒိုမီနီကန်"
	},
	"DK": {
		"name": "ဒိန်းမတ်"
	},
	"NA": {
		"name": "နမီးဘီးယား"
	},
	"NC": {
		"name": "နယူး ကယ်လီဒိုနီးယား"
	},
	"NZ": {
		"name": "နယူးဇီလန်"
	},
	"NI": {
		"name": "နီကာရာဂွါ"
	},
	"NP": {
		"name": "နီပေါ"
	},
	"NU": {
		"name": "နီဥူအေ"
	},
	"NF": {
		"name": "နောဖုတ်ကျွန်း"
	},
	"NR": {
		"name": "နော်ရူး"
	},
	"NO": {
		"name": "နော်ဝေ"
	},
	"NE": {
		"name": "နိုင်ဂျာ"
	},
	"NG": {
		"name": "နိုင်ဂျီးရီးယား"
	},
	"NL": {
		"name": "နယ်သာလန်"
	},
	"PA": {
		"name": "ပနားမား"
	},
	"PW": {
		"name": "ပလာအို"
	},
	"PK": {
		"name": "ပါကစ္စတန်"
	},
	"PG": {
		"name": "ပါပူအာ နယူးဂီနီ"
	},
	"PY": {
		"name": "ပါရာဂွေး"
	},
	"PS": {
		"name": "ပါလက်စတိုင်း ပိုင်နက်"
	},
	"PE": {
		"name": "ပီရူး"
	},
	"PT": {
		"name": "ပေါ်တူဂီ"
	},
	"PR": {
		"name": "ပေါ်တိုရီကို"
	},
	"PL": {
		"name": "ပိုလန်"
	},
	"PN": {
		"name": "ပစ်တ်ကိန်းကျွန်းစု"
	},
	"FR": {
		"name": "ပြင်သစ်"
	},
	"GF": {
		"name": "ပြင်သစ် ဂိုင်ယာနာ"
	},
	"TF": {
		"name": "ပြင်သစ် တောင်ပိုင်း ပိုင်နက်များ"
	},
	"PF": {
		"name": "ပြင်သစ် ပေါ်လီနီးရှား"
	},
	"FO": {
		"name": "ဖာရိုး ကျွန်းစုများ"
	},
	"PH": {
		"name": "ဖိလစ်ပိုင်"
	},
	"FJ": {
		"name": "ဖီဂျီ"
	},
	"FK": {
		"name": "ဖော့ကလန် ကျွန်းစု"
	},
	"FI": {
		"name": "ဖင်လန်"
	},
	"VU": {
		"name": "ဗနွားတူ"
	},
	"CF": {
		"name": "ဗဟို အာဖရိက ပြည်ထောင်စု"
	},
	"VA": {
		"name": "ဗာတီကန်စီတီး"
	},
	"VN": {
		"name": "ဗီယက်နမ်"
	},
	"VE": {
		"name": "ဗင်နီဇွဲလား"
	},
	"VG": {
		"name": "ဗြိတိသျှ ဗာဂျင်း ကျွန်းစု"
	},
	"IO": {
		"name": "ဗြိတိသျှပိုင် အိန္ဒိယသမုဒ္ဒရာကျွန်းများ"
	},
	"BR": {
		"name": "ဘရာဇီး"
	},
	"BN": {
		"name": "ဘရူနိုင်း"
	},
	"BZ": {
		"name": "ဘလိဇ်"
	},
	"BS": {
		"name": "ဘဟားမား"
	},
	"BF": {
		"name": "ဘာကီးနား ဖားဆို"
	},
	"BB": {
		"name": "ဘာဘေးဒိုးစ်"
	},
	"BM": {
		"name": "ဘာမြူဒါ"
	},
	"BH": {
		"name": "ဘာရိန်း"
	},
	"BJ": {
		"name": "ဘီနင်"
	},
	"BY": {
		"name": "ဘီလာရုဇ်"
	},
	"BT": {
		"name": "ဘူတန်"
	},
	"BI": {
		"name": "ဘူရွန်ဒီ"
	},
	"BG": {
		"name": "ဘူလ်ဂေးရီးယား"
	},
	"BA": {
		"name": "ဘော့စနီးယားနှင့် ဟာဇီဂိုဗီနား"
	},
	"BW": {
		"name": "ဘော့ဆွာနာ"
	},
	"BO": {
		"name": "ဘိုလီးဗီးယား"
	},
	"BD": {
		"name": "ဘင်္ဂလားဒေ့ရှ်"
	},
	"BE": {
		"name": "ဘယ်လ်ဂျီယမ်"
	},
	"MO": {
		"name": "မကာအို (တရုတ်ပြည်)"
	},
	"MG": {
		"name": "မဒါဂတ်စကား"
	},
	"MY": {
		"name": "မလေးရှား"
	},
	"MQ": {
		"name": "မာတီနိခ်"
	},
	"YT": {
		"name": "မာယိုတေး"
	},
	"MH": {
		"name": "မာရှယ် ကျွန်းစု"
	},
	"MW": {
		"name": "မာလာဝီ"
	},
	"ML": {
		"name": "မာလီ"
	},
	"MU": {
		"name": "မောရစ်ရှ"
	},
	"MS": {
		"name": "မောင့်စဲရက်"
	},
	"MR": {
		"name": "မော်ရီတေးနီးယား"
	},
	"MA": {
		"name": "မော်ရိုကို"
	},
	"MV": {
		"name": "မော်လ်ဒိုက်"
	},
	"MZ": {
		"name": "မိုဇမ်ဘစ်"
	},
	"MC": {
		"name": "မိုနာကို"
	},
	"MX": {
		"name": "မက္ကဆီကို"
	},
	"MK": {
		"name": "မက်စီဒိုးနီးယား"
	},
	"FM": {
		"name": "မိုင်ခရိုနီရှား"
	},
	"IM": {
		"name": "မန်ကျွန်း"
	},
	"MT": {
		"name": "မောလ်တာ"
	},
	"MD": {
		"name": "မောလ်ဒိုဗာ"
	},
	"KP": {
		"name": "မြောက်ကိုရီးယား"
	},
	"MM": {
		"name": "မြန်မာ"
	},
	"MN": {
		"name": "မွန်ဂိုးလီးယား"
	},
	"ME": {
		"name": "မွန်တီနိဂရိုး"
	},
	"YE": {
		"name": "ယီမင်"
	},
	"UA": {
		"name": "ယူကရိန်း"
	},
	"UG": {
		"name": "ယူဂန်းဒါး"
	},
	"GB": {
		"name": "ယူနိုက်တက်ကင်းဒမ်း"
	},
	"US": {
		"name": "ယူနိုက်တက်စတိတ်"
	},
	"UM": {
		"name": "ယူနိုက်တက်စတိတ် ကျွန်းနိုင်ငံများ"
	},
	"AE": {
		"name": "ယူအေအီး"
	},
	"VI": {
		"name": "ယူအက်စ် ဗာဂျင်း ကျွန်းစု"
	},
	"RW": {
		"name": "ရဝန်ဒါ"
	},
	"RU": {
		"name": "ရုရှ"
	},
	"RO": {
		"name": "ရိုမေးနီးယား"
	},
	"LA": {
		"name": "လာအို"
	},
	"LS": {
		"name": "လီဆိုသို"
	},
	"LU": {
		"name": "လူဇင်ဘတ်"
	},
	"LB": {
		"name": "လက်ဘနွန်"
	},
	"LR": {
		"name": "လိုက်ဘေးရီးယား"
	},
	"LI": {
		"name": "လစ်တန်စတိန်း"
	},
	"LY": {
		"name": "လစ်ဗျား"
	},
	"LT": {
		"name": "လစ်သူယေးနီးယား"
	},
	"LV": {
		"name": "လတ်ဗီးယား"
	},
	"WF": {
		"name": "ဝေါလစ်နှင့် ဖူကျူးနား"
	},
	"LK": {
		"name": "သီရိလင်္ကာ"
	},
	"RE": {
		"name": "ဟေညွန်"
	},
	"HT": {
		"name": "ဟေတီ"
	},
	"HK": {
		"name": "ဟောင်ကောင် (တရုတ်ပြည်)"
	},
	"HU": {
		"name": "ဟန်ဂေရီ"
	},
	"HN": {
		"name": "ဟွန်ဒူးရပ်စ်"
	},
	"AZ": {
		"name": "အဇာဘိုင်ဂျန်"
	},
	"EH": {
		"name": "အနောက် ဆာဟာရ"
	},
	"AS": {
		"name": "အမေရိကန် ဆမိုးအား"
	},
	"TL": {
		"name": "အရှေ့တီမော"
	},
	"AR": {
		"name": "အာဂျင်တီးနား"
	},
	"AF": {
		"name": "အာဖဂန်နစ္စတန်"
	},
	"AM": {
		"name": "အာမေးနီးယား"
	},
	"AW": {
		"name": "အာရူးဗား"
	},
	"AX": {
		"name": "အာလန်ကျွန်း"
	},
	"GQ": {
		"name": "အီကွေတာ ဂီနီ"
	},
	"EC": {
		"name": "အီကွေဒေါ"
	},
	"EG": {
		"name": "အီဂျစ်"
	},
	"IT": {
		"name": "အီတလီ"
	},
	"ER": {
		"name": "အီရီထရီးယား"
	},
	"IQ": {
		"name": "အီရတ်"
	},
	"IR": {
		"name": "အီရန်"
	},
	"ET": {
		"name": "အီသီယိုးပီးယား"
	},
	"UY": {
		"name": "ဥရုဂွေး"
	},
	"AT": {
		"name": "ဩစတြီးယား"
	},
	"AU": {
		"name": "ဩစတြေးလျ"
	},
	"OM": {
		"name": "အိုမန်"
	},
	"EE": {
		"name": "အက်စတိုးနီးယား"
	},
	"IS": {
		"name": "အိုက်စလန်"
	},
	"AO": {
		"name": "အင်ဂိုလာ"
	},
	"AG": {
		"name": "အင်တီဂွါနှင့် ဘာဘူဒါ"
	},
	"ID": {
		"name": "အင်ဒိုနီးရှား"
	},
	"AD": {
		"name": "အင်ဒိုရာ"
	},
	"IE": {
		"name": "အိုင်ယာလန်"
	},
	"IL": {
		"name": "အစ္စရေး"
	},
	"AI": {
		"name": "အန်ဂီလာ"
	},
	"AQ": {
		"name": "အန္တာတိက"
	},
	"IN": {
		"name": "အိန္ဒိယ"
	},
	"DZ": {
		"name": "အယ်လ်ဂျီးရီးယား"
	},
	"SV": {
		"name": "အယ်လ်ဆာဗေးဒိုး"
	},
	"AL": {
		"name": "အယ်လ်ဘေးနီးယား"
	}
}