{
	"AZ": {
		"name": "آذربایجون"
	},
	"AR": {
		"name": "آرژانتین"
	},
	"AW": {
		"name": "آروبا"
	},
	"AC": {
		"name": "آسنسیون جزیره"
	},
	"AL": {
		"name": "آلبانی"
	},
	"DE": {
		"name": "آلمان"
	},
	"AX": {
		"name": "آلند جزیره"
	},
	"UM": {
		"name": "آمریکای پَرتِ‌پِلا جزیره‌ئون"
	},
	"AS": {
		"name": "آمریکای ِساموآ"
	},
	"VI": {
		"name": "آمریکای ویرجین"
	},
	"AG": {
		"name": "آنتیگوا و باربودا"
	},
	"AD": {
		"name": "آندورا"
	},
	"AO": {
		"name": "آنگولا"
	},
	"AI": {
		"name": "آنگویلا"
	},
	"AT": {
		"name": "اتریش"
	},
	"ET": {
		"name": "اتیوپی"
	},
	"JO": {
		"name": "اردن"
	},
	"AM": {
		"name": "ارمنستون"
	},
	"UY": {
		"name": "اروگوئه"
	},
	"ER": {
		"name": "اریتره"
	},
	"UZ": {
		"name": "ازبکستون"
	},
	"AU": {
		"name": "استرالیا"
	},
	"GQ": {
		"name": "استوایی گینه"
	},
	"EE": {
		"name": "استونی"
	},
	"SK": {
		"name": "اسلواکی"
	},
	"SI": {
		"name": "اسلوونی"
	},
	"AF": {
		"name": "افغانستون"
	},
	"EC": {
		"name": "اکوادر"
	},
	"DZ": {
		"name": "الجزیره"
	},
	"SV": {
		"name": "السالوادور"
	},
	"ID": {
		"name": "اندونزی"
	},
	"UA": {
		"name": "اوکراین"
	},
	"UG": {
		"name": "اوگاندا"
	},
	"IT": {
		"name": "ایتالیا"
	},
	"IR": {
		"name": "ایران"
	},
	"IE": {
		"name": "ایرلند"
	},
	"ES": {
		"name": "ایسپانیا"
	},
	"IL": {
		"name": "ایسراییل"
	},
	"IS": {
		"name": "ایسلند"
	},
	"BB": {
		"name": "باربادوس"
	},
	"BS": {
		"name": "باهاما"
	},
	"BH": {
		"name": "بحرین"
	},
	"BR": {
		"name": "برزیل"
	},
	"BM": {
		"name": "برمودا"
	},
	"BN": {
		"name": "برونئی"
	},
	"GB": {
		"name": "بریتانیا"
	},
	"IO": {
		"name": "بریتانیای هند ِاوقیانوس ِمناطق"
	},
	"VG": {
		"name": "بریتانیای ویرجین"
	},
	"BY": {
		"name": "بلاروس"
	},
	"BE": {
		"name": "بلژیک"
	},
	"BG": {
		"name": "بلغارستون"
	},
	"BZ": {
		"name": "بلیز"
	},
	"BD": {
		"name": "بنگلادش"
	},
	"BJ": {
		"name": "بنین"
	},
	"BT": {
		"name": "بوتان"
	},
	"BW": {
		"name": "بوتساوانا"
	},
	"BF": {
		"name": "بورکینا فاسو"
	},
	"BI": {
		"name": "بوروندی"
	},
	"BA": {
		"name": "بوسنی و هرزگوین"
	},
	"BO": {
		"name": "بولیوی"
	},
	"PG": {
		"name": "پاپوا نو گینه"
	},
	"PY": {
		"name": "پاراگوئه"
	},
	"PK": {
		"name": "پاکستون"
	},
	"PW": {
		"name": "پالائو"
	},
	"PA": {
		"name": "پاناما"
	},
	"PT": {
		"name": "پرتغال"
	},
	"PE": {
		"name": "پرو"
	},
	"PR": {
		"name": "پورتوریکو"
	},
	"PN": {
		"name": "پیتکارین جزایر"
	},
	"TJ": {
		"name": "تاجیکستون"
	},
	"TZ": {
		"name": "تانزانیا"
	},
	"TH": {
		"name": "تایلند"
	},
	"TW": {
		"name": "تایوان"
	},
	"TM": {
		"name": "ترکمونستون"
	},
	"TR": {
		"name": "ترکیه"
	},
	"TA": {
		"name": "تریستان دا جونها"
	},
	"TT": {
		"name": "ترینیداد و توباگو"
	},
	"TC": {
		"name": "تورکس و کایکوس جزایر"
	},
	"TK": {
		"name": "توکلائو"
	},
	"TG": {
		"name": "توگو"
	},
	"TN": {
		"name": "تونس"
	},
	"TO": {
		"name": "تونگا"
	},
	"TV": {
		"name": "تووالو"
	},
	"TL": {
		"name": "تیمور شرقی"
	},
	"JP": {
		"name": "جاپون"
	},
	"JM": {
		"name": "جاماییکا"
	},
	"GI": {
		"name": "جبل طارق"
	},
	"JE": {
		"name": "جرسی"
	},
	"ZA": {
		"name": "جنوبی افریقا"
	},
	"GS": {
		"name": "جنوبی جورجیا و جنوبی ساندویچ جزایر"
	},
	"SS": {
		"name": "جنوبی سودان"
	},
	"KR": {
		"name": "جنوبی کُره"
	},
	"AQ": {
		"name": "جنوبی یخ‌بزه قطب"
	},
	"DJ": {
		"name": "جیبوتی"
	},
	"TD": {
		"name": "چاد"
	},
	"CZ": {
		"name": "چک جمهوری"
	},
	"CN": {
		"name": "چین"
	},
	"DK": {
		"name": "دانمارک"
	},
	"DM": {
		"name": "دومنیکا"
	},
	"DO": {
		"name": "دومنیکن جمهوری"
	},
	"DG": {
		"name": "دیگو گارسیا"
	},
	"RE": {
		"name": "رئونیون"
	},
	"RW": {
		"name": "روآندا"
	},
	"RU": {
		"name": "روسیه"
	},
	"RO": {
		"name": "رومانی"
	},
	"ZM": {
		"name": "زامبیا"
	},
	"ZW": {
		"name": "زیمبابوه"
	},
	"ST": {
		"name": "سائوتومه و پرینسیپ"
	},
	"WS": {
		"name": "ساموآ"
	},
	"LK": {
		"name": "سریلانکا"
	},
	"SB": {
		"name": "سلیمون جزیره"
	},
	"PM": {
		"name": "سن پییر و میکلن"
	},
	"SM": {
		"name": "سن مارینو"
	},
	"BL": {
		"name": "سنت بارتلمی"
	},
	"KN": {
		"name": "سنت کیتس و نویس"
	},
	"LC": {
		"name": "سنت لوسیا"
	},
	"SX": {
		"name": "سنت مارتن"
	},
	"MF": {
		"name": "سنت مارتین"
	},
	"SH": {
		"name": "سنت هلنا"
	},
	"VC": {
		"name": "سنت وینسنت و گرنادین"
	},
	"SG": {
		"name": "سنگاپور"
	},
	"SN": {
		"name": "سنگال"
	},
	"SE": {
		"name": "سوئد"
	},
	"SZ": {
		"name": "سوازیلند"
	},
	"SJ": {
		"name": "سوالبارد و يان ماين"
	},
	"EA": {
		"name": "سوتا و ملیله"
	},
	"SD": {
		"name": "سودان"
	},
	"SR": {
		"name": "سورینام"
	},
	"SY": {
		"name": "سوریه"
	},
	"SO": {
		"name": "سومالی"
	},
	"CH": {
		"name": "سوییس"
	},
	"SL": {
		"name": "سیرالئون"
	},
	"SC": {
		"name": "سیشل"
	},
	"KP": {
		"name": "شمالی کُره"
	},
	"MP": {
		"name": "شمالی ماریانا جزایر"
	},
	"CL": {
		"name": "شیلی"
	},
	"RS": {
		"name": "صربستون"
	},
	"CI": {
		"name": "عاج ِساحل"
	},
	"IQ": {
		"name": "عراق"
	},
	"SA": {
		"name": "عربستون"
	},
	"OM": {
		"name": "عمان"
	},
	"EH": {
		"name": "غربی صحرا"
	},
	"GH": {
		"name": "غنا"
	},
	"FO": {
		"name": "فارو جزایر"
	},
	"FK": {
		"name": "فالکلند جزیره‌ئون"
	},
	"FR": {
		"name": "فرانسه"
	},
	"PF": {
		"name": "فرانسه‌ی پولی‌نزی"
	},
	"TF": {
		"name": "فرانسه‌ی جنوبی مناطق"
	},
	"GF": {
		"name": "فرانسه‌ی ِگویان"
	},
	"PS": {
		"name": "فلسطین ِسرزمین"
	},
	"FI": {
		"name": "فنلاند"
	},
	"FJ": {
		"name": "فیجی"
	},
	"PH": {
		"name": "فیلیپین"
	},
	"CY": {
		"name": "قبرس"
	},
	"KG": {
		"name": "قرقیزستون"
	},
	"KZ": {
		"name": "قزاقستون"
	},
	"QA": {
		"name": "قطر"
	},
	"IC": {
		"name": "قناری جزایر"
	},
	"CR": {
		"name": "کاستاریکا"
	},
	"KH": {
		"name": "کامبوج"
	},
	"CM": {
		"name": "کامرون"
	},
	"CA": {
		"name": "کانادا"
	},
	"HR": {
		"name": "کرواسی"
	},
	"CX": {
		"name": "کریسمس جزیره"
	},
	"CO": {
		"name": "کلمبیا"
	},
	"CG": {
		"name": "کنگو برازاویل"
	},
	"CD": {
		"name": "کنگو کینشاسا"
	},
	"KE": {
		"name": "کنیا"
	},
	"CU": {
		"name": "کوبا"
	},
	"CW": {
		"name": "کوراسائو"
	},
	"XK": {
		"name": "کوزوو"
	},
	"CC": {
		"name": "کوک (کیلینگ) جزایر"
	},
	"CK": {
		"name": "کوک جزایر"
	},
	"KM": {
		"name": "کومور"
	},
	"KW": {
		"name": "کویت"
	},
	"CV": {
		"name": "کیپ ورد"
	},
	"KI": {
		"name": "کیریباتی"
	},
	"KY": {
		"name": "کیمن جزیره‌ئون"
	},
	"GA": {
		"name": "گابون"
	},
	"GM": {
		"name": "گامبیا"
	},
	"GD": {
		"name": "گرانادا"
	},
	"GE": {
		"name": "گرجستون"
	},
	"GG": {
		"name": "گرنزی"
	},
	"GL": {
		"name": "گرینلند"
	},
	"GU": {
		"name": "گوئام"
	},
	"GT": {
		"name": "گواتمالا"
	},
	"GP": {
		"name": "گوادلوپ"
	},
	"GY": {
		"name": "گویان"
	},
	"GN": {
		"name": "گینه"
	},
	"GW": {
		"name": "گینه بیسائو"
	},
	"LA": {
		"name": "لائوس"
	},
	"LV": {
		"name": "لاتویا"
	},
	"LB": {
		"name": "لبنان"
	},
	"LT": {
		"name": "لتونی"
	},
	"LS": {
		"name": "لسوتو"
	},
	"PL": {
		"name": "لهستون"
	},
	"LU": {
		"name": "لوکزامبورگ"
	},
	"LR": {
		"name": "لیبریا"
	},
	"LY": {
		"name": "لیبی"
	},
	"LI": {
		"name": "لیختن اشتاین"
	},
	"MG": {
		"name": "ماداگاسکار"
	},
	"MQ": {
		"name": "مارتینیک جزیره‌ئون"
	},
	"MH": {
		"name": "مارشال جزایر"
	},
	"MO": {
		"name": "ماکائو (چین دله)"
	},
	"MW": {
		"name": "مالاوی"
	},
	"MT": {
		"name": "مالت"
	},
	"MV": {
		"name": "مالدیو"
	},
	"MY": {
		"name": "مالزی"
	},
	"ML": {
		"name": "مالی"
	},
	"YT": {
		"name": "مایوت"
	},
	"US": {
		"name": "متحده ایالات"
	},
	"AE": {
		"name": "متحده عربی امارات"
	},
	"HU": {
		"name": "مجارستون"
	},
	"MA": {
		"name": "مراکش"
	},
	"CF": {
		"name": "مرکزی آفریقای جمهوری"
	},
	"EG": {
		"name": "مصر"
	},
	"MN": {
		"name": "مغولستون"
	},
	"MK": {
		"name": "مقدونیه"
	},
	"MX": {
		"name": "مکزیک"
	},
	"IM": {
		"name": "من ِجزیره"
	},
	"MU": {
		"name": "مورى تيوس"
	},
	"MR": {
		"name": "موریتانی"
	},
	"MZ": {
		"name": "موزامبیک"
	},
	"MD": {
		"name": "مولداوی"
	},
	"MC": {
		"name": "موناکو"
	},
	"MS": {
		"name": "مونتسرات"
	},
	"ME": {
		"name": "مونته‌نگرو"
	},
	"MM": {
		"name": "میانمار"
	},
	"FM": {
		"name": "میکرونزی"
	},
	"NR": {
		"name": "نائورو"
	},
	"NA": {
		"name": "نامبیا"
	},
	"NP": {
		"name": "نپال"
	},
	"NO": {
		"name": "نروژ"
	},
	"NF": {
		"name": "نورفولک جزیره"
	},
	"NU": {
		"name": "نیئو"
	},
	"NE": {
		"name": "نیجر"
	},
	"NG": {
		"name": "نیجریه"
	},
	"NI": {
		"name": "نیکاراگوئه"
	},
	"NC": {
		"name": "نیو کالیدونیا"
	},
	"NZ": {
		"name": "نیوزلند"
	},
	"HT": {
		"name": "هاییتی"
	},
	"NL": {
		"name": "هلند"
	},
	"BQ": {
		"name": "هلند ِکاراییبی جزایر"
	},
	"IN": {
		"name": "هند"
	},
	"HN": {
		"name": "هندوراس"
	},
	"HK": {
		"name": "هنگ کنگ"
	},
	"VA": {
		"name": "واتیکان"
	},
	"WF": {
		"name": "والیس و فوتونا"
	},
	"VU": {
		"name": "وانواتو"
	},
	"VE": {
		"name": "ونزوئلا"
	},
	"VN": {
		"name": "ویتنام"
	},
	"YE": {
		"name": "یمن"
	},
	"GR": {
		"name": "یونان"
	}
}