{
	"AF": {
		"name": "Afghanistanni"
	},
	"AX": {
		"name": "Åland Islands"
	},
	"AL": {
		"name": "Albaniab"
	},
	"DZ": {
		"name": "Algeriab"
	},
	"AS": {
		"name": "Americab Samoab"
	},
	"US": {
		"name": "Amerikab"
	},
	"AD": {
		"name": "Andorrab"
	},
	"AO": {
		"name": "Angolab"
	},
	"AI": {
		"name": "Anguillab"
	},
	"AQ": {
		"name": "Antarctica"
	},
	"AG": {
		"name": "Antiguab tsî Barbudab"
	},
	"AR": {
		"name": "Argentinab"
	},
	"AM": {
		"name": "Armeniab"
	},
	"AW": {
		"name": "Arubab"
	},
	"AC": {
		"name": "Ascension Island"
	},
	"AU": {
		"name": "Australieb"
	},
	"AT": {
		"name": "Austriab"
	},
	"AZ": {
		"name": "Azerbaijanni"
	},
	"BS": {
		"name": "Bahamas"
	},
	"BH": {
		"name": "Bahrain"
	},
	"BD": {
		"name": "Banglades"
	},
	"BB": {
		"name": "Barbados"
	},
	"BY": {
		"name": "Belarus"
	},
	"BE": {
		"name": "Belgiummi"
	},
	"BZ": {
		"name": "Belize"
	},
	"BJ": {
		"name": "Benins"
	},
	"BM": {
		"name": "Bermudas"
	},
	"BT": {
		"name": "Bhutans"
	},
	"BO": {
		"name": "Boliviab"
	},
	"BA": {
		"name": "Bosniab tsî Herzegovinab"
	},
	"BW": {
		"name": "Botswanab"
	},
	"BR": {
		"name": "Braziliab"
	},
	"IO": {
		"name": "British Indian Ocean Territory"
	},
	"VG": {
		"name": "British Virgin Islands"
	},
	"BN": {
		"name": "Brunei"
	},
	"BG": {
		"name": "Bulgariab"
	},
	"BF": {
		"name": "Burkina Fasob"
	},
	"BI": {
		"name": "Burundib"
	},
	"KH": {
		"name": "Cambodiab"
	},
	"CM": {
		"name": "Cameroonni"
	},
	"IC": {
		"name": "Canary Islands"
	},
	"CV": {
		"name": "Cape Verde Islands"
	},
	"BQ": {
		"name": "Caribbean Netherlands"
	},
	"KY": {
		"name": "Cayman Islands"
	},
	"CF": {
		"name": "Central African Republiki"
	},
	"EA": {
		"name": "Ceuta & Melilla"
	},
	"TD": {
		"name": "Chadi"
	},
	"CL": {
		"name": "Chilib"
	},
	"CN": {
		"name": "Chinab"
	},
	"CX": {
		"name": "Christmas Island"
	},
	"CC": {
		"name": "Cocos (Keeling) Islands"
	},
	"CO": {
		"name": "Colombiab"
	},
	"KM": {
		"name": "Comoros"
	},
	"CG": {
		"name": "Congob"
	},
	"CK": {
		"name": "Cook Islands"
	},
	"CR": {
		"name": "Costa Rica"
	},
	"HR": {
		"name": "Croatiab"
	},
	"CU": {
		"name": "Cubab"
	},
	"CW": {
		"name": "Curaçao"
	},
	"CY": {
		"name": "Cyprus"
	},
	"CZ": {
		"name": "Czech Republiki"
	},
	"CD": {
		"name": "Democratic Republic of the Congo"
	},
	"DK": {
		"name": "Denmarki"
	},
	"DG": {
		"name": "Diego Garcia"
	},
	"DJ": {
		"name": "Djibouti"
	},
	"DM": {
		"name": "Dominicab"
	},
	"DO": {
		"name": "Dominican Republic"
	},
	"DE": {
		"name": "Duitslandi"
	},
	"TL": {
		"name": "East Timor"
	},
	"EC": {
		"name": "Ecuadori"
	},
	"EG": {
		"name": "Egipteb"
	},
	"SV": {
		"name": "El Salvadori"
	},
	"GQ": {
		"name": "Equatorial Guineab"
	},
	"ER": {
		"name": "Eritreab"
	},
	"EE": {
		"name": "Estoniab"
	},
	"ET": {
		"name": "Ethiopiab"
	},
	"FK": {
		"name": "Falkland Islands"
	},
	"FO": {
		"name": "Faroe Islands"
	},
	"FJ": {
		"name": "Fijib"
	},
	"FI": {
		"name": "Finlandi"
	},
	"FR": {
		"name": "Frankreiki"
	},
	"GF": {
		"name": "French Guiana"
	},
	"PF": {
		"name": "French Polynesia"
	},
	"TF": {
		"name": "French Southern Territories"
	},
	"GA": {
		"name": "Gaboni"
	},
	"GM": {
		"name": "Gambiab"
	},
	"GE": {
		"name": "Georgiab"
	},
	"GH": {
		"name": "Ghanab"
	},
	"GI": {
		"name": "Gibraltar"
	},
	"GL": {
		"name": "Greenland"
	},
	"GD": {
		"name": "Grenada"
	},
	"GP": {
		"name": "Guadeloupe"
	},
	"GU": {
		"name": "Guam"
	},
	"GT": {
		"name": "Guatemala"
	},
	"GG": {
		"name": "Guernsey"
	},
	"GW": {
		"name": "Guinea-Bissau"
	},
	"GN": {
		"name": "Guineab"
	},
	"GY": {
		"name": "Guyana"
	},
	"HT": {
		"name": "Haiti"
	},
	"HN": {
		"name": "Honduras"
	},
	"HK": {
		"name": "Hong Kong SAR China"
	},
	"HU": {
		"name": "Hongareieb"
	},
	"IS": {
		"name": "Iceland"
	},
	"IN": {
		"name": "Indiab"
	},
	"ID": {
		"name": "Indonesiab"
	},
	"IR": {
		"name": "Iranni"
	},
	"IQ": {
		"name": "Iraqi"
	},
	"IE": {
		"name": "Irlandi"
	},
	"IM": {
		"name": "Isle of Man"
	},
	"IL": {
		"name": "Israeli"
	},
	"IT": {
		"name": "Italiab"
	},
	"CI": {
		"name": "Ivoorkusi"
	},
	"JM": {
		"name": "Jamaicab"
	},
	"JP": {
		"name": "Japanni"
	},
	"JE": {
		"name": "Jersey"
	},
	"JO": {
		"name": "Jordanni"
	},
	"CA": {
		"name": "Kanadab"
	},
	"KZ": {
		"name": "Kazakhstanni"
	},
	"KE": {
		"name": "Kenyab"
	},
	"KI": {
		"name": "Kiribati"
	},
	"KP": {
		"name": "Koreab, Noord"
	},
	"KR": {
		"name": "Koreab, Suid"
	},
	"XK": {
		"name": "Kosovo"
	},
	"KW": {
		"name": "Kuwaiti"
	},
	"KG": {
		"name": "Kyrgyzstanni"
	},
	"LA": {
		"name": "Laos"
	},
	"LV": {
		"name": "Latvia"
	},
	"LB": {
		"name": "Lebanonni"
	},
	"LS": {
		"name": "Lesothob"
	},
	"LR": {
		"name": "Liberiab"
	},
	"LY": {
		"name": "Libyab"
	},
	"LI": {
		"name": "Liechtensteinni"
	},
	"LT": {
		"name": "Lithuaniab"
	},
	"LU": {
		"name": "Luxembourgi"
	},
	"MO": {
		"name": "Macau SAR China"
	},
	"MK": {
		"name": "Macedoniab"
	},
	"MG": {
		"name": "Madagascari"
	},
	"MW": {
		"name": "Malawib"
	},
	"MY": {
		"name": "Malaysiab"
	},
	"MV": {
		"name": "Maldives"
	},
	"ML": {
		"name": "Malib"
	},
	"MT": {
		"name": "Malta"
	},
	"MH": {
		"name": "Marshall Islands"
	},
	"MQ": {
		"name": "Martinique"
	},
	"MR": {
		"name": "Mauritania"
	},
	"MU": {
		"name": "Mauritius"
	},
	"YT": {
		"name": "Mayotte"
	},
	"MX": {
		"name": "Mexicob"
	},
	"FM": {
		"name": "Micronesia"
	},
	"MD": {
		"name": "Moldova"
	},
	"MC": {
		"name": "Monaco"
	},
	"MN": {
		"name": "Mongolia"
	},
	"ME": {
		"name": "Montenegro"
	},
	"MS": {
		"name": "Montserrat"
	},
	"MA": {
		"name": "Morocco"
	},
	"MZ": {
		"name": "Mozambiki"
	},
	"MM": {
		"name": "Myanmar"
	},
	"NA": {
		"name": "Namibiab"
	},
	"NR": {
		"name": "Nauru"
	},
	"NP": {
		"name": "Nepali"
	},
	"NL": {
		"name": "Netherlands"
	},
	"NC": {
		"name": "New Caledonia"
	},
	"NZ": {
		"name": "New Zealandi"
	},
	"NI": {
		"name": "Nicaraguab"
	},
	"NE": {
		"name": "Nigeri"
	},
	"NG": {
		"name": "Nigerieb"
	},
	"NU": {
		"name": "Niue"
	},
	"NO": {
		"name": "Noorweeb"
	},
	"NF": {
		"name": "Norfolk Island"
	},
	"MP": {
		"name": "Northern Mariana Islands"
	},
	"OM": {
		"name": "Oman"
	},
	"PK": {
		"name": "Pakistanni"
	},
	"PW": {
		"name": "Palau"
	},
	"PS": {
		"name": "Palestinian West Bank and Gaza"
	},
	"PA": {
		"name": "Panama"
	},
	"PG": {
		"name": "Papua New Guineab"
	},
	"PY": {
		"name": "Paraguaib"
	},
	"PE": {
		"name": "Perub"
	},
	"PH": {
		"name": "Philippinni"
	},
	"PN": {
		"name": "Pitcairn"
	},
	"PL": {
		"name": "Polandi"
	},
	"PT": {
		"name": "Portugali"
	},
	"PR": {
		"name": "Puerto Rico"
	},
	"QA": {
		"name": "Qatar"
	},
	"RU": {
		"name": "Rasiab"
	},
	"RE": {
		"name": "Réunion"
	},
	"RO": {
		"name": "Romania"
	},
	"RW": {
		"name": "Rwandab"
	},
	"SH": {
		"name": "Saint Helena"
	},
	"KN": {
		"name": "Saint Kitts and Nevis"
	},
	"LC": {
		"name": "Saint Lucia"
	},
	"PM": {
		"name": "Saint Pierre and Miquelon"
	},
	"VC": {
		"name": "Saint Vincent and the Grenadines"
	},
	"WS": {
		"name": "Samoa"
	},
	"SM": {
		"name": "San Marino"
	},
	"ST": {
		"name": "São Tomé and Príncipe"
	},
	"SA": {
		"name": "Saudi Arabiab"
	},
	"SN": {
		"name": "Senegali"
	},
	"RS": {
		"name": "Serbia"
	},
	"SC": {
		"name": "Seychelles"
	},
	"SL": {
		"name": "Sierra Leone"
	},
	"SG": {
		"name": "Singapore"
	},
	"SX": {
		"name": "Sint Maarten"
	},
	"SK": {
		"name": "Slovakia"
	},
	"SI": {
		"name": "Slovenia"
	},
	"SB": {
		"name": "Solomon Islands"
	},
	"SO": {
		"name": "Somaliab"
	},
	"GS": {
		"name": "South Georgia & South Sandwich Islands"
	},
	"SS": {
		"name": "South Sudan"
	},
	"ES": {
		"name": "Spanieb"
	},
	"LK": {
		"name": "Sri Lankab"
	},
	"BL": {
		"name": "St. Barthélemy"
	},
	"MF": {
		"name": "St. Martin"
	},
	"SD": {
		"name": "Sudanni"
	},
	"ZA": {
		"name": "Suid Afrikab"
	},
	"SR": {
		"name": "Suriname"
	},
	"SJ": {
		"name": "Svalbard & Jan Mayen"
	},
	"SZ": {
		"name": "Swazilandi"
	},
	"SE": {
		"name": "Swedeb"
	},
	"CH": {
		"name": "Switzerlandi"
	},
	"SY": {
		"name": "Syriab"
	},
	"TW": {
		"name": "Taiwan"
	},
	"TJ": {
		"name": "Tajikistan"
	},
	"TZ": {
		"name": "Tanzaniab"
	},
	"TH": {
		"name": "Thailandi"
	},
	"TG": {
		"name": "Togob"
	},
	"TK": {
		"name": "Tokelau"
	},
	"TO": {
		"name": "Tonga"
	},
	"TT": {
		"name": "Trinidad and Tobago"
	},
	"TA": {
		"name": "Tristan da Cunha"
	},
	"TN": {
		"name": "Tunisiab"
	},
	"TR": {
		"name": "Turkeieb"
	},
	"TM": {
		"name": "Turkmenistan"
	},
	"TC": {
		"name": "Turks and Caicos Islands"
	},
	"TV": {
		"name": "Tuvalu"
	},
	"UM": {
		"name": "U.S. Outlying Islands"
	},
	"VI": {
		"name": "U.S. Virgin Islands"
	},
	"UG": {
		"name": "Ugandab"
	},
	"UA": {
		"name": "Ukraine"
	},
	"AE": {
		"name": "United Arab Emirates"
	},
	"GB": {
		"name": "United Kingdom"
	},
	"UY": {
		"name": "Uruguaib"
	},
	"UZ": {
		"name": "Uzbekistan"
	},
	"VU": {
		"name": "Vanuatu"
	},
	"VA": {
		"name": "Vatican State"
	},
	"VE": {
		"name": "Venezuelab"
	},
	"VN": {
		"name": "Vietnammi"
	},
	"WF": {
		"name": "Wallis and Futuna"
	},
	"EH": {
		"name": "Western Sahara"
	},
	"GR": {
		"name": "Xrikelandi"
	},
	"YE": {
		"name": "Yemen"
	},
	"ZM": {
		"name": "Zambiab"
	},
	"ZW": {
		"name": "Zimbabweb"
	}
}