{
	"AF": {
		"name": "Afghanistan"
	},
	"AL": {
		"name": "Albania"
	},
	"DZ": {
		"name": "Algerie"
	},
	"AS": {
		"name": "Amerikansk Samoa"
	},
	"AD": {
		"name": "Andorra"
	},
	"AO": {
		"name": "Angola"
	},
	"AI": {
		"name": "Anguilla"
	},
	"AQ": {
		"name": "Antarktis"
	},
	"AG": {
		"name": "Antigua og Barbuda"
	},
	"AR": {
		"name": "Argentina"
	},
	"AM": {
		"name": "Armenia"
	},
	"AW": {
		"name": "Aruba"
	},
	"AC": {
		"name": "Ascension"
	},
	"AZ": {
		"name": "Aserbajdsjan"
	},
	"AT": {
		"name": "Austerrike"
	},
	"AU": {
		"name": "Australia"
	},
	"BS": {
		"name": "Bahamas"
	},
	"BH": {
		"name": "Bahrain"
	},
	"BD": {
		"name": "Bangladesh"
	},
	"BB": {
		"name": "Barbados"
	},
	"BE": {
		"name": "Belgia"
	},
	"BZ": {
		"name": "Belize"
	},
	"BJ": {
		"name": "Benin"
	},
	"BM": {
		"name": "Bermuda"
	},
	"BT": {
		"name": "Bhutan"
	},
	"BO": {
		"name": "Bolivia"
	},
	"BA": {
		"name": "Bosnia og Hercegovina"
	},
	"BW": {
		"name": "Botswana"
	},
	"BR": {
		"name": "Brasil"
	},
	"IO": {
		"name": "Britiske område i Det indiske hav"
	},
	"BN": {
		"name": "Brunei"
	},
	"BG": {
		"name": "Bulgaria"
	},
	"BF": {
		"name": "Burkina Faso"
	},
	"BI": {
		"name": "Burundi"
	},
	"CA": {
		"name": "Canada"
	},
	"BQ": {
		"name": "Caribbean Netherlands"
	},
	"KY": {
		"name": "Caymanøyane"
	},
	"EA": {
		"name": "Ceuta og Melilla"
	},
	"CL": {
		"name": "Chile"
	},
	"CX": {
		"name": "Christmasøya"
	},
	"CO": {
		"name": "Colombia"
	},
	"CK": {
		"name": "Cookøyane"
	},
	"CR": {
		"name": "Costa Rica"
	},
	"CU": {
		"name": "Cuba"
	},
	"CW": {
		"name": "Curaçao"
	},
	"DK": {
		"name": "Danmark"
	},
	"VI": {
		"name": "Dei amerikanske jomfruøyane"
	},
	"VG": {
		"name": "Dei britiske jomfruøyane"
	},
	"AE": {
		"name": "Dei sameinte arabiske emirata"
	},
	"DO": {
		"name": "Den dominikanske republikken"
	},
	"CF": {
		"name": "Den sentralafrikanske republikken"
	},
	"DG": {
		"name": "Diego Garcia"
	},
	"DJ": {
		"name": "Djibouti"
	},
	"DM": {
		"name": "Dominica"
	},
	"EC": {
		"name": "Ecuador"
	},
	"EG": {
		"name": "Egypt"
	},
	"GQ": {
		"name": "Ekvatorial-Guinea"
	},
	"SV": {
		"name": "El Salvador"
	},
	"CI": {
		"name": "Elfenbeinskysten"
	},
	"ER": {
		"name": "Eritrea"
	},
	"EE": {
		"name": "Estland"
	},
	"ET": {
		"name": "Etiopia"
	},
	"FK": {
		"name": "Falklandsøyane"
	},
	"FJ": {
		"name": "Fiji"
	},
	"PH": {
		"name": "Filippinane"
	},
	"FI": {
		"name": "Finland"
	},
	"FR": {
		"name": "Frankrike"
	},
	"GF": {
		"name": "Fransk Guyana"
	},
	"PF": {
		"name": "Fransk Polynesia"
	},
	"TF": {
		"name": "Franske sørområde"
	},
	"FO": {
		"name": "Færøyane"
	},
	"GA": {
		"name": "Gabon"
	},
	"GM": {
		"name": "Gambia"
	},
	"GE": {
		"name": "Georgia"
	},
	"GH": {
		"name": "Ghana"
	},
	"GI": {
		"name": "Gibraltar"
	},
	"GD": {
		"name": "Grenada"
	},
	"GL": {
		"name": "Grønland"
	},
	"GP": {
		"name": "Guadeloupe"
	},
	"GU": {
		"name": "Guam"
	},
	"GT": {
		"name": "Guatemala"
	},
	"GG": {
		"name": "Guernsey"
	},
	"GN": {
		"name": "Guinea"
	},
	"GW": {
		"name": "Guinea-Bissau"
	},
	"GY": {
		"name": "Guyana"
	},
	"HT": {
		"name": "Haiti"
	},
	"GR": {
		"name": "Hellas"
	},
	"HN": {
		"name": "Honduras"
	},
	"HK": {
		"name": "Hongkong S.A.R. Kina"
	},
	"IN": {
		"name": "India"
	},
	"ID": {
		"name": "Indonesia"
	},
	"IQ": {
		"name": "Irak"
	},
	"IR": {
		"name": "Iran"
	},
	"IE": {
		"name": "Irland"
	},
	"IS": {
		"name": "Island"
	},
	"IL": {
		"name": "Israel"
	},
	"IT": {
		"name": "Italia"
	},
	"JM": {
		"name": "Jamaica"
	},
	"JP": {
		"name": "Japan"
	},
	"YE": {
		"name": "Jemen"
	},
	"JE": {
		"name": "Jersey"
	},
	"JO": {
		"name": "Jordan"
	},
	"KH": {
		"name": "Kambodsja"
	},
	"CM": {
		"name": "Kamerun"
	},
	"IC": {
		"name": "Kanariøyane"
	},
	"CV": {
		"name": "Kapp Verde"
	},
	"KZ": {
		"name": "Kasakhstan"
	},
	"KE": {
		"name": "Kenya"
	},
	"CN": {
		"name": "Kina"
	},
	"KG": {
		"name": "Kirgisistan"
	},
	"KI": {
		"name": "Kiribati"
	},
	"CC": {
		"name": "Kokosøyane"
	},
	"KM": {
		"name": "Komorane"
	},
	"CG": {
		"name": "Kongo-Brazzaville"
	},
	"CD": {
		"name": "Kongo-Kinshasa"
	},
	"XK": {
		"name": "Kosovo"
	},
	"HR": {
		"name": "Kroatia"
	},
	"KW": {
		"name": "Kuwait"
	},
	"BY": {
		"name": "Kviterussland"
	},
	"CY": {
		"name": "Kypros"
	},
	"LA": {
		"name": "Laos"
	},
	"LV": {
		"name": "Latvia"
	},
	"LS": {
		"name": "Lesotho"
	},
	"LB": {
		"name": "Libanon"
	},
	"LR": {
		"name": "Liberia"
	},
	"LY": {
		"name": "Libya"
	},
	"LI": {
		"name": "Liechtenstein"
	},
	"LT": {
		"name": "Litauen"
	},
	"LU": {
		"name": "Luxembourg"
	},
	"MO": {
		"name": "Macao S.A.R. Kina"
	},
	"MG": {
		"name": "Madagaskar"
	},
	"MK": {
		"name": "Makedonia"
	},
	"MW": {
		"name": "Malawi"
	},
	"MY": {
		"name": "Malaysia"
	},
	"MV": {
		"name": "Maldivane"
	},
	"ML": {
		"name": "Mali"
	},
	"MT": {
		"name": "Malta"
	},
	"IM": {
		"name": "Man"
	},
	"MA": {
		"name": "Marokko"
	},
	"MH": {
		"name": "Marshalløyane"
	},
	"MQ": {
		"name": "Martinique"
	},
	"MR": {
		"name": "Mauritania"
	},
	"MU": {
		"name": "Mauritius"
	},
	"YT": {
		"name": "Mayotte"
	},
	"MX": {
		"name": "Mexico"
	},
	"FM": {
		"name": "Mikronesiaføderasjonen"
	},
	"MD": {
		"name": "Moldova"
	},
	"MC": {
		"name": "Monaco"
	},
	"MN": {
		"name": "Mongolia"
	},
	"ME": {
		"name": "Montenegro"
	},
	"MS": {
		"name": "Montserrat"
	},
	"MZ": {
		"name": "Mosambik"
	},
	"MM": {
		"name": "Myanmar (Burma)"
	},
	"NA": {
		"name": "Namibia"
	},
	"NR": {
		"name": "Nauru"
	},
	"NL": {
		"name": "Nederland"
	},
	"NP": {
		"name": "Nepal"
	},
	"NZ": {
		"name": "New Zealand"
	},
	"NI": {
		"name": "Nicaragua"
	},
	"NE": {
		"name": "Niger"
	},
	"NG": {
		"name": "Nigeria"
	},
	"NU": {
		"name": "Niue"
	},
	"KP": {
		"name": "Nord-Korea"
	},
	"MP": {
		"name": "Nord-Marianane"
	},
	"NO": {
		"name": "Noreg"
	},
	"NF": {
		"name": "Norfolkøyane"
	},
	"NC": {
		"name": "Ny-Caledonia"
	},
	"OM": {
		"name": "Oman"
	},
	"PK": {
		"name": "Pakistan"
	},
	"PW": {
		"name": "Palau"
	},
	"PS": {
		"name": "Palestinsk territorium"
	},
	"PA": {
		"name": "Panama"
	},
	"PG": {
		"name": "Papua Ny-Guinea"
	},
	"PY": {
		"name": "Paraguay"
	},
	"PE": {
		"name": "Peru"
	},
	"PN": {
		"name": "Pitcairn"
	},
	"PL": {
		"name": "Polen"
	},
	"PT": {
		"name": "Portugal"
	},
	"PR": {
		"name": "Puerto Rico"
	},
	"QA": {
		"name": "Qatar"
	},
	"RE": {
		"name": "Réunion"
	},
	"RO": {
		"name": "Romania"
	},
	"RU": {
		"name": "Russland"
	},
	"RW": {
		"name": "Rwanda"
	},
	"BL": {
		"name": "Saint Barthélemy"
	},
	"SH": {
		"name": "Saint Helena"
	},
	"MF": {
		"name": "Saint Martin"
	},
	"SB": {
		"name": "Salomonøyane"
	},
	"WS": {
		"name": "Samoa"
	},
	"SM": {
		"name": "San Marino"
	},
	"ST": {
		"name": "São Tomé og Príncipe"
	},
	"SA": {
		"name": "Saudi-Arabia"
	},
	"SN": {
		"name": "Senegal"
	},
	"RS": {
		"name": "Serbia"
	},
	"SC": {
		"name": "Seychellane"
	},
	"SL": {
		"name": "Sierra Leone"
	},
	"SG": {
		"name": "Singapore"
	},
	"SX": {
		"name": "Sint Maarten"
	},
	"SK": {
		"name": "Slovakia"
	},
	"SI": {
		"name": "Slovenia"
	},
	"SO": {
		"name": "Somalia"
	},
	"ES": {
		"name": "Spania"
	},
	"LK": {
		"name": "Sri Lanka"
	},
	"KN": {
		"name": "St. Christopher og Nevis"
	},
	"LC": {
		"name": "St. Lucia"
	},
	"PM": {
		"name": "St. Pierre og Miquelon"
	},
	"VC": {
		"name": "St. Vincent og Grenadinane"
	},
	"GB": {
		"name": "Storbritannia"
	},
	"SD": {
		"name": "Sudan"
	},
	"SR": {
		"name": "Surinam"
	},
	"SJ": {
		"name": "Svalbard og Jan Mayen"
	},
	"CH": {
		"name": "Sveits"
	},
	"SE": {
		"name": "Sverige"
	},
	"SZ": {
		"name": "Swaziland"
	},
	"SY": {
		"name": "Syria"
	},
	"ZA": {
		"name": "Sør-Afrika"
	},
	"GS": {
		"name": "Sør-Georgia og Sør-Sandwich-øyane"
	},
	"KR": {
		"name": "Sør-Korea"
	},
	"SS": {
		"name": "Sør-Sudan"
	},
	"TJ": {
		"name": "Tadsjikistan"
	},
	"TW": {
		"name": "Taiwan"
	},
	"TZ": {
		"name": "Tanzania"
	},
	"TH": {
		"name": "Thailand"
	},
	"TL": {
		"name": "Timor-Leste (Aust-Timor)"
	},
	"TG": {
		"name": "Togo"
	},
	"TK": {
		"name": "Tokelau"
	},
	"TO": {
		"name": "Tonga"
	},
	"TT": {
		"name": "Trinidad og Tobago"
	},
	"TA": {
		"name": "Tristan da Cunha"
	},
	"TD": {
		"name": "Tsjad"
	},
	"CZ": {
		"name": "Tsjekkia"
	},
	"TN": {
		"name": "Tunisia"
	},
	"TM": {
		"name": "Turkmenistan"
	},
	"TC": {
		"name": "Turks- og Caicosøyane"
	},
	"TV": {
		"name": "Tuvalu"
	},
	"TR": {
		"name": "Tyrkia"
	},
	"DE": {
		"name": "Tyskland"
	},
	"UG": {
		"name": "Uganda"
	},
	"UA": {
		"name": "Ukraina"
	},
	"HU": {
		"name": "Ungarn"
	},
	"UY": {
		"name": "Uruguay"
	},
	"US": {
		"name": "USA"
	},
	"UM": {
		"name": "USAs ytre småøyar"
	},
	"UZ": {
		"name": "Usbekistan"
	},
	"VU": {
		"name": "Vanuatu"
	},
	"VA": {
		"name": "Vatikanstaten"
	},
	"VE": {
		"name": "Venezuela"
	},
	"EH": {
		"name": "Vest-Sahara"
	},
	"VN": {
		"name": "Vietnam"
	},
	"WF": {
		"name": "Wallis og Futuna"
	},
	"ZM": {
		"name": "Zambia"
	},
	"ZW": {
		"name": "Zimbabwe"
	},
	"AX": {
		"name": "Åland"
	}
}