{
	"AF": {
		"name": "Abganithtan"
	},
	"AZ": {
		"name": "Adhe̱rbe̱ja̱n"
	},
	"AR": {
		"name": "Aɛrgentin"
	},
	"AM": {
		"name": "Aɛrmänia"
	},
	"AX": {
		"name": "Åland Islands"
	},
	"AL": {
		"name": "Albänia"
	},
	"DZ": {
		"name": "Algeria"
	},
	"AS": {
		"name": "Amerika thamow"
	},
	"AD": {
		"name": "Andora"
	},
	"AQ": {
		"name": "Antarctica"
	},
	"AG": {
		"name": "Antiguaa kɛnɛ Barbuda"
	},
	"AO": {
		"name": "Aŋgola"
	},
	"AI": {
		"name": "Aŋguɛla"
	},
	"AW": {
		"name": "Aruba"
	},
	"AC": {
		"name": "Ascension Island"
	},
	"AU": {
		"name": "Athɔra̱lia"
	},
	"AT": {
		"name": "Athtɛria"
	},
	"BS": {
		"name": "Bämuɔth"
	},
	"BR": {
		"name": "Bäraadhiil"
	},
	"BB": {
		"name": "Bärbadoth"
	},
	"BH": {
		"name": "Ba̱reen"
	},
	"BY": {
		"name": "Be̱lɛruth"
	},
	"BE": {
		"name": "Be̱lgim"
	},
	"BD": {
		"name": "Bengeladiec"
	},
	"BJ": {
		"name": "Be̱ni̱n"
	},
	"BM": {
		"name": "Be̱rmudaa"
	},
	"BZ": {
		"name": "Bilidha"
	},
	"BW": {
		"name": "Bothiwaana"
	},
	"BA": {
		"name": "Bothnia kɛnɛ ɣärgobinia"
	},
	"BG": {
		"name": "Bulga̱a̱ria"
	},
	"BO": {
		"name": "Bulibia"
	},
	"BF": {
		"name": "Burkinɛ pa̱thu"
	},
	"BI": {
		"name": "Burundi"
	},
	"BN": {
		"name": "Burunɛy"
	},
	"VG": {
		"name": "Burutic dhuɔ̱ɔ̱l be̱rgin"
	},
	"IO": {
		"name": "Burutic ɣe̱ndian oce̱n"
	},
	"BT": {
		"name": "Buta̱n"
	},
	"TD": {
		"name": "Ca̱d"
	},
	"IC": {
		"name": "Canary Islands"
	},
	"BQ": {
		"name": "Caribbean Netherlands"
	},
	"CN": {
		"name": "Cayna"
	},
	"EA": {
		"name": "Ceuta & Melilla"
	},
	"CF": {
		"name": "Cɛntrɔl aprika repuɔblic"
	},
	"CX": {
		"name": "Christmas Island"
	},
	"CL": {
		"name": "Cili̱"
	},
	"CC": {
		"name": "Cocos (Keeling) Islands"
	},
	"CD": {
		"name": "Congo - Kinshasa"
	},
	"CU": {
		"name": "Cuba"
	},
	"CW": {
		"name": "Curaçao"
	},
	"CY": {
		"name": "Cyprus"
	},
	"CZ": {
		"name": "Czech Republic"
	},
	"DK": {
		"name": "Denmark"
	},
	"DG": {
		"name": "Diego Garcia"
	},
	"DJ": {
		"name": "Djibouti"
	},
	"DM": {
		"name": "Dominica"
	},
	"DO": {
		"name": "Dominican Republic"
	},
	"EC": {
		"name": "Ecuador"
	},
	"EG": {
		"name": "Egypt"
	},
	"SV": {
		"name": "El Salvador"
	},
	"GQ": {
		"name": "Equatorial Guinea"
	},
	"ER": {
		"name": "Eritrea"
	},
	"EE": {
		"name": "Estonia"
	},
	"ET": {
		"name": "Ethiopia"
	},
	"FK": {
		"name": "Falkland Islands"
	},
	"FO": {
		"name": "Faroe Islands"
	},
	"FJ": {
		"name": "Fiji"
	},
	"FI": {
		"name": "Finland"
	},
	"FR": {
		"name": "France"
	},
	"GF": {
		"name": "French Guiana"
	},
	"PF": {
		"name": "French Polynesia"
	},
	"TF": {
		"name": "French Southern Territories"
	},
	"GA": {
		"name": "Gabon"
	},
	"GM": {
		"name": "Gambia"
	},
	"GE": {
		"name": "Georgia"
	},
	"DE": {
		"name": "Germany"
	},
	"GH": {
		"name": "Ghana"
	},
	"GI": {
		"name": "Gibraltar"
	},
	"GR": {
		"name": "Greece"
	},
	"GL": {
		"name": "Greenland"
	},
	"GD": {
		"name": "Grenada"
	},
	"GP": {
		"name": "Guadeloupe"
	},
	"GU": {
		"name": "Guam"
	},
	"GT": {
		"name": "Guatemala"
	},
	"GG": {
		"name": "Guernsey"
	},
	"GN": {
		"name": "Guinea"
	},
	"GW": {
		"name": "Guinea-Bissau"
	},
	"GY": {
		"name": "Guyana"
	},
	"HT": {
		"name": "Haiti"
	},
	"HN": {
		"name": "Honduras"
	},
	"HK": {
		"name": "Hong Kong SAR China"
	},
	"HU": {
		"name": "Hungary"
	},
	"IS": {
		"name": "Iceland"
	},
	"IN": {
		"name": "India"
	},
	"ID": {
		"name": "Indonesia"
	},
	"IR": {
		"name": "Iran"
	},
	"IQ": {
		"name": "Iraq"
	},
	"IE": {
		"name": "Ireland"
	},
	"IM": {
		"name": "Isle of Man"
	},
	"IL": {
		"name": "Israel"
	},
	"IT": {
		"name": "Italy"
	},
	"JM": {
		"name": "Jamaica"
	},
	"JP": {
		"name": "Japan"
	},
	"JE": {
		"name": "Jersey"
	},
	"JO": {
		"name": "Jordan"
	},
	"CA": {
		"name": "Känɛda"
	},
	"KY": {
		"name": "Kaymɛn ɣa̱ylɛn"
	},
	"KZ": {
		"name": "Kazakhstan"
	},
	"KE": {
		"name": "Kenya"
	},
	"CM": {
		"name": "Kɛmɛrun"
	},
	"CV": {
		"name": "Kɛp bedi ɣa̱ylɛn"
	},
	"KI": {
		"name": "Kiribati"
	},
	"CI": {
		"name": "Kodibo̱o̱"
	},
	"CO": {
		"name": "Kolombia"
	},
	"KH": {
		"name": "Kombodia"
	},
	"KM": {
		"name": "Komruth"
	},
	"HR": {
		"name": "Korwaatia"
	},
	"XK": {
		"name": "Kosovo"
	},
	"CR": {
		"name": "Kothtirika"
	},
	"CG": {
		"name": "Kɔŋgɔ"
	},
	"CK": {
		"name": "Kuk ɣa̱ylɛn"
	},
	"KW": {
		"name": "Kuwait"
	},
	"KG": {
		"name": "Kyrgyzstan"
	},
	"LA": {
		"name": "Laos"
	},
	"LV": {
		"name": "Latvia"
	},
	"LB": {
		"name": "Lebanon"
	},
	"LS": {
		"name": "Lesotho"
	},
	"LR": {
		"name": "Liberia"
	},
	"LY": {
		"name": "Libya"
	},
	"LI": {
		"name": "Liechtenstein"
	},
	"LT": {
		"name": "Lithuania"
	},
	"LU": {
		"name": "Luxembourg"
	},
	"MO": {
		"name": "Macau SAR China"
	},
	"MK": {
		"name": "Macedonia"
	},
	"MG": {
		"name": "Madagascar"
	},
	"MW": {
		"name": "Malawi"
	},
	"MY": {
		"name": "Malaysia"
	},
	"MV": {
		"name": "Maldives"
	},
	"ML": {
		"name": "Mali"
	},
	"MT": {
		"name": "Malta"
	},
	"MH": {
		"name": "Marshall Islands"
	},
	"MQ": {
		"name": "Martinique"
	},
	"MR": {
		"name": "Mauritania"
	},
	"MU": {
		"name": "Mauritius"
	},
	"YT": {
		"name": "Mayotte"
	},
	"MX": {
		"name": "Mexico"
	},
	"FM": {
		"name": "Micronesia"
	},
	"MD": {
		"name": "Moldova"
	},
	"MC": {
		"name": "Monaco"
	},
	"MN": {
		"name": "Mongolia"
	},
	"ME": {
		"name": "Montenegro"
	},
	"MS": {
		"name": "Montserrat"
	},
	"MA": {
		"name": "Morocco"
	},
	"MZ": {
		"name": "Mozambique"
	},
	"MM": {
		"name": "Myanmar (Burma)"
	},
	"NA": {
		"name": "Namibia"
	},
	"NR": {
		"name": "Nauru"
	},
	"NP": {
		"name": "Nepal"
	},
	"NL": {
		"name": "Netherlands"
	},
	"NC": {
		"name": "New Caledonia"
	},
	"NZ": {
		"name": "New Zealand"
	},
	"NI": {
		"name": "Nicaragua"
	},
	"NE": {
		"name": "Niger"
	},
	"NG": {
		"name": "Nigeria"
	},
	"NU": {
		"name": "Niue"
	},
	"NF": {
		"name": "Norfolk Island"
	},
	"KP": {
		"name": "North Korea"
	},
	"MP": {
		"name": "Northern Mariana Islands"
	},
	"NO": {
		"name": "Norway"
	},
	"OM": {
		"name": "Oman"
	},
	"PK": {
		"name": "Pakistan"
	},
	"PW": {
		"name": "Palau"
	},
	"PS": {
		"name": "Palestinian Territories"
	},
	"PA": {
		"name": "Panama"
	},
	"PG": {
		"name": "Papua New Guinea"
	},
	"PY": {
		"name": "Paraguay"
	},
	"PE": {
		"name": "Peru"
	},
	"PH": {
		"name": "Philippines"
	},
	"PN": {
		"name": "Pitcairn Islands"
	},
	"PL": {
		"name": "Poland"
	},
	"PT": {
		"name": "Portugal"
	},
	"PR": {
		"name": "Puerto Rico"
	},
	"QA": {
		"name": "Qatar"
	},
	"RE": {
		"name": "Réunion"
	},
	"RO": {
		"name": "Romania"
	},
	"RU": {
		"name": "Russia"
	},
	"RW": {
		"name": "Rwanda"
	},
	"WS": {
		"name": "Samoa"
	},
	"SM": {
		"name": "San Marino"
	},
	"ST": {
		"name": "São Tomé & Príncipe"
	},
	"SA": {
		"name": "Saudi Arabia"
	},
	"SN": {
		"name": "Senegal"
	},
	"RS": {
		"name": "Serbia"
	},
	"SC": {
		"name": "Seychelles"
	},
	"SL": {
		"name": "Sierra Leone"
	},
	"SG": {
		"name": "Singapore"
	},
	"SX": {
		"name": "Sint Maarten"
	},
	"SK": {
		"name": "Slovakia"
	},
	"SI": {
		"name": "Slovenia"
	},
	"SB": {
		"name": "Solomon Islands"
	},
	"SO": {
		"name": "Somalia"
	},
	"ZA": {
		"name": "South Africa"
	},
	"GS": {
		"name": "South Georgia & South Sandwich Islands"
	},
	"KR": {
		"name": "South Korea"
	},
	"SS": {
		"name": "South Sudan"
	},
	"ES": {
		"name": "Spain"
	},
	"LK": {
		"name": "Sri Lanka"
	},
	"BL": {
		"name": "St. Barthélemy"
	},
	"SH": {
		"name": "St. Helena"
	},
	"KN": {
		"name": "St. Kitts & Nevis"
	},
	"LC": {
		"name": "St. Lucia"
	},
	"MF": {
		"name": "St. Martin"
	},
	"PM": {
		"name": "St. Pierre & Miquelon"
	},
	"VC": {
		"name": "St. Vincent & Grenadines"
	},
	"SD": {
		"name": "Sudan"
	},
	"SR": {
		"name": "Suriname"
	},
	"SJ": {
		"name": "Svalbard & Jan Mayen"
	},
	"SZ": {
		"name": "Swaziland"
	},
	"SE": {
		"name": "Sweden"
	},
	"CH": {
		"name": "Switzerland"
	},
	"SY": {
		"name": "Syria"
	},
	"TW": {
		"name": "Taiwan"
	},
	"TJ": {
		"name": "Tajikistan"
	},
	"TZ": {
		"name": "Tanzania"
	},
	"TH": {
		"name": "Thailand"
	},
	"TL": {
		"name": "Timor-Leste"
	},
	"TG": {
		"name": "Togo"
	},
	"TK": {
		"name": "Tokelau"
	},
	"TO": {
		"name": "Tonga"
	},
	"TT": {
		"name": "Trinidad & Tobago"
	},
	"TA": {
		"name": "Tristan da Cunha"
	},
	"TN": {
		"name": "Tunisia"
	},
	"TR": {
		"name": "Turkey"
	},
	"TM": {
		"name": "Turkmenistan"
	},
	"TC": {
		"name": "Turks & Caicos Islands"
	},
	"TV": {
		"name": "Tuvalu"
	},
	"UM": {
		"name": "U.S. Outlying Islands"
	},
	"VI": {
		"name": "U.S. Virgin Islands"
	},
	"UG": {
		"name": "Uganda"
	},
	"UA": {
		"name": "Ukraine"
	},
	"AE": {
		"name": "United Arab Emirates"
	},
	"GB": {
		"name": "United Kingdom"
	},
	"US": {
		"name": "United States"
	},
	"UY": {
		"name": "Uruguay"
	},
	"UZ": {
		"name": "Uzbekistan"
	},
	"VU": {
		"name": "Vanuatu"
	},
	"VA": {
		"name": "Vatican City"
	},
	"VE": {
		"name": "Venezuela"
	},
	"VN": {
		"name": "Vietnam"
	},
	"WF": {
		"name": "Wallis & Futuna"
	},
	"EH": {
		"name": "Western Sahara"
	},
	"YE": {
		"name": "Yemen"
	},
	"ZM": {
		"name": "Zambia"
	},
	"ZW": {
		"name": "Zimbabwe"
	}
}