{
	"AT": {
		"name": "ଅଷ୍ଟ୍ରିଆ"
	},
	"AU": {
		"name": "ଅଷ୍ଟ୍ରେଲିଆ"
	},
	"CI": {
		"name": "ଆଇବରୀ କୋଷ୍ଟ"
	},
	"IM": {
		"name": "ଆଇଲ୍ ଅଫ୍ ମୈନ୍"
	},
	"IS": {
		"name": "ଆଇସଲ୍ୟାଣ୍ଡ"
	},
	"AI": {
		"name": "ଆଙ୍ଗୁଇଲ୍ଲା"
	},
	"AO": {
		"name": "ଆଙ୍ଗୋଲା"
	},
	"AZ": {
		"name": "ଆଜେରବାଇଜାନ୍"
	},
	"AG": {
		"name": "ଆଣ୍ଟିଗୁଆ ଏବଂ ବାରବୁଦା"
	},
	"AD": {
		"name": "ଆଣ୍ଡୋରା"
	},
	"AF": {
		"name": "ଆଫାଗାନିସ୍ତାନ୍"
	},
	"AS": {
		"name": "ଆମେରିକାନ୍ ସାମୋଆ"
	},
	"IE": {
		"name": "ଆୟରଲ୍ୟାଣ୍ଡ"
	},
	"AW": {
		"name": "ଆରୁବା"
	},
	"AR": {
		"name": "ଆର୍ଜେଣ୍ଟିନା"
	},
	"AQ": {
		"name": "ଆର୍ଣ୍ଟକଟିକା"
	},
	"AM": {
		"name": "ଆର୍ମେନିଆ"
	},
	"DZ": {
		"name": "ଆଲଜେରିଆ"
	},
	"AL": {
		"name": "ଆଲବାନିଆ"
	},
	"AX": {
		"name": "ଆଲାଣ୍ଡ ଆଇସଲ୍ୟାଣ୍ଡ"
	},
	"GQ": {
		"name": "ଇକ୍ବାଟେରିଆଲ୍ ଗୁଇନିଆ"
	},
	"EC": {
		"name": "ଇକ୍ୱାଡୋର୍"
	},
	"EG": {
		"name": "ଇଜିପ୍ଟ"
	},
	"IT": {
		"name": "ଇଟାଲୀ"
	},
	"ID": {
		"name": "ଇଣ୍ଡୋନେସିଆ"
	},
	"ET": {
		"name": "ଇଥିଓପିଆ"
	},
	"IQ": {
		"name": "ଇରାକ୍"
	},
	"IR": {
		"name": "ଇରାନ୍"
	},
	"ER": {
		"name": "ଇରିଟ୍ରିୟା"
	},
	"IL": {
		"name": "ଇସ୍ରାଏଲ୍"
	},
	"UG": {
		"name": "ଉଗାଣ୍ଡା"
	},
	"UZ": {
		"name": "ଉଜବେକିସ୍ଥାନ୍"
	},
	"KP": {
		"name": "ଉତ୍ତର କୋରିଆ"
	},
	"MP": {
		"name": "ଉତ୍ତର ମାରିଆନା ଦ୍ବୀପପୁଞ୍ଜ"
	},
	"UY": {
		"name": "ଉରୁଗୁଏ"
	},
	"SV": {
		"name": "ଏଲ୍ ସାଲଭାଡୋର୍"
	},
	"EE": {
		"name": "ଏସ୍ତୋନିଆ"
	},
	"OM": {
		"name": "ଓମାନ୍"
	},
	"CD": {
		"name": "କଙ୍ଗୋ-କିନସାସା"
	},
	"CG": {
		"name": "କଙ୍ଗୋ-ବ୍ରାଜିଭିଲ୍ଲେ"
	},
	"QA": {
		"name": "କତାର୍"
	},
	"KZ": {
		"name": "କାଜାକାସ୍ଥାନ୍"
	},
	"CA": {
		"name": "କାନାଡା"
	},
	"CM": {
		"name": "କାମେରୁନ୍"
	},
	"KM": {
		"name": "କାମୋରସ୍"
	},
	"KH": {
		"name": "କାମ୍ବୋଡିଆ"
	},
	"KI": {
		"name": "କିରିବାଟୀ"
	},
	"KG": {
		"name": "କିର୍ଗିଜିସ୍ଥାନ"
	},
	"KW": {
		"name": "କୁଏତ୍"
	},
	"CK": {
		"name": "କୁକ୍ ଆଇସଲ୍ୟାଣ୍ଡ"
	},
	"KE": {
		"name": "କେନିୟା"
	},
	"CV": {
		"name": "କେପ୍ ଭର୍ଦେ"
	},
	"KY": {
		"name": "କେମ୍ୟାନ୍ ଦ୍ବୀପପୁଞ୍ଜ"
	},
	"CC": {
		"name": "କୋକୋସ୍ ଆଇସଲ୍ୟାଣ୍ଡ"
	},
	"CO": {
		"name": "କୋଲମ୍ବିଆ"
	},
	"CR": {
		"name": "କୋଷ୍ଟା ରିକା"
	},
	"HR": {
		"name": "କ୍ରୋଆଟିଆ"
	},
	"CU": {
		"name": "କ୍ୱିବା"
	},
	"CX": {
		"name": "ଖ୍ରୀଷ୍ଟମାସ ଆଇଲ୍ୟାଣ୍ଡ"
	},
	"GA": {
		"name": "ଗାବୋନ୍"
	},
	"GM": {
		"name": "ଗାମ୍ବିଆ"
	},
	"GU": {
		"name": "ଗୁଆମ୍"
	},
	"GY": {
		"name": "ଗୁଇନା"
	},
	"GW": {
		"name": "ଗୁଇନିଆ-ବିସାଉ"
	},
	"GT": {
		"name": "ଗୁଏତମାଲା"
	},
	"GN": {
		"name": "ଗୁଏନେଆ"
	},
	"GG": {
		"name": "ଗୁଏରନେସି"
	},
	"GP": {
		"name": "ଗୌଡେଲୌପେ"
	},
	"GL": {
		"name": "ଗ୍ରୀନଲ୍ୟାଣ୍ଡ"
	},
	"GR": {
		"name": "ଗ୍ରୀସ୍"
	},
	"GD": {
		"name": "ଗ୍ରେନାଡା"
	},
	"GH": {
		"name": "ଘାନା"
	},
	"TD": {
		"name": "ଚାଦ୍"
	},
	"CN": {
		"name": "ଚିନ୍"
	},
	"CL": {
		"name": "ଚିଲ୍ଲୀ"
	},
	"CZ": {
		"name": "ଚେକ୍ ସାଧାରଣତନ୍ତ୍ର"
	},
	"GE": {
		"name": "ଜର୍ଜିଆ"
	},
	"DE": {
		"name": "ଜର୍ମାନୀ"
	},
	"JE": {
		"name": "ଜର୍ସି"
	},
	"JP": {
		"name": "ଜାପାନ୍"
	},
	"JM": {
		"name": "ଜାମାଇକା"
	},
	"ZM": {
		"name": "ଜାମ୍ବିଆ"
	},
	"GI": {
		"name": "ଜିବ୍ରାଲ୍ଟର୍"
	},
	"ZW": {
		"name": "ଜିମ୍ବାୱେ"
	},
	"JO": {
		"name": "ଜୋର୍ଡାନ୍"
	},
	"TV": {
		"name": "ଟୁଭାଲୁ"
	},
	"TK": {
		"name": "ଟୋକେଲାଉ"
	},
	"TG": {
		"name": "ଟୋଗୋ"
	},
	"TO": {
		"name": "ଟୋଙ୍ଗା"
	},
	"DJ": {
		"name": "ଡିବୌଟି"
	},
	"DK": {
		"name": "ଡେନମାର୍କ"
	},
	"DO": {
		"name": "ଡୋମିନକାନ୍ ପ୍ରଜାତନ୍ତ୍ର"
	},
	"DM": {
		"name": "ଡୋମିନାକା"
	},
	"TW": {
		"name": "ତାଇୱାନ୍"
	},
	"TJ": {
		"name": "ତାଜିକିସ୍ଥାନ୍"
	},
	"TZ": {
		"name": "ତାଞ୍ଜାନିଆ"
	},
	"TN": {
		"name": "ତୁନିସିଆ"
	},
	"TM": {
		"name": "ତୁର୍କମେନିସ୍ତାନ୍"
	},
	"TC": {
		"name": "ତୁର୍କସ୍ ଏବଂ ସାଇକସ୍ ଦ୍ବୀପପୁଞ୍ଜ"
	},
	"TR": {
		"name": "ତୁର୍କୀ"
	},
	"TT": {
		"name": "ତ୍ରିନିଦାଦ୍ ଏବଂ ଟୋବାଗୋ"
	},
	"TH": {
		"name": "ଥାଇଲାଣ୍ଡ"
	},
	"ZA": {
		"name": "ଦକ୍ଷିଣ ଆଫ୍ରିକା"
	},
	"KR": {
		"name": "ଦକ୍ଷିଣ କୋରିଆ"
	},
	"GS": {
		"name": "ଦକ୍ଷିଣ ଜର୍ଜିଆ ଏବଂ ଦକ୍ଷିଣ ସାଣ୍ଡୱିଚ୍ ଦ୍ବୀପପୁଞ୍ଜ"
	},
	"NF": {
		"name": "ନରଫ୍ଲକ୍ ଦ୍ବୀପ"
	},
	"NO": {
		"name": "ନରୱେ"
	},
	"NE": {
		"name": "ନାଇଜର୍"
	},
	"NG": {
		"name": "ନାଇଜେରିଆ"
	},
	"NR": {
		"name": "ନାଉରୁ"
	},
	"NA": {
		"name": "ନାମ୍ବିଆ"
	},
	"NU": {
		"name": "ନିଉ"
	},
	"NI": {
		"name": "ନିକାରାଗୁଆ"
	},
	"NC": {
		"name": "ନୂତନ କାଲେଡୋନିଆ"
	},
	"NL": {
		"name": "ନେଦରଲ୍ୟାଣ୍ଡ"
	},
	"NP": {
		"name": "ନେପାଳ"
	},
	"NZ": {
		"name": "ନ୍ୟୁଜିଲାଣ୍ଡ"
	},
	"PG": {
		"name": "ପପୁଆ ନ୍ୟୁ ଗୁଏନିଆ"
	},
	"PT": {
		"name": "ପର୍ତ୍ତୁଗାଲ୍"
	},
	"EH": {
		"name": "ପଶ୍ଚିମ ସାହାରା"
	},
	"PK": {
		"name": "ପାକିସ୍ତାନ"
	},
	"PA": {
		"name": "ପାନାମା"
	},
	"PY": {
		"name": "ପାରାଗୁଏ"
	},
	"PW": {
		"name": "ପାଲାଉ"
	},
	"PS": {
		"name": "ପାଲେସ୍ତେନିଆ"
	},
	"PN": {
		"name": "ପିଟକାଇରିନ୍"
	},
	"PR": {
		"name": "ପୁଏର୍ତ୍ତୋ ରିକୋ"
	},
	"TL": {
		"name": "ପୁର୍ବ ତିମୋର୍"
	},
	"PE": {
		"name": "ପେରୁ"
	},
	"PL": {
		"name": "ପୋଲାଣ୍ଡ"
	},
	"TF": {
		"name": "ଫରାସୀ ଦକ୍ଷିଣ କ୍ଷେତ୍ର"
	},
	"FK": {
		"name": "ଫଲ୍କଲ୍ୟାଣ୍ଡ ଦ୍ବୀପପୁଞ୍ଜ"
	},
	"FO": {
		"name": "ଫାରୋଇ ଦ୍ବୀପପୁଞ୍ଜ"
	},
	"FJ": {
		"name": "ଫିଜି"
	},
	"FI": {
		"name": "ଫିନଲ୍ୟାଣ୍ଡ"
	},
	"PH": {
		"name": "ଫିଲିପାଇନସ୍"
	},
	"FR": {
		"name": "ଫ୍ରାନ୍ସ"
	},
	"GF": {
		"name": "ଫ୍ରେଞ୍ଚ ଗୁଇନା"
	},
	"PF": {
		"name": "ଫ୍ରେଞ୍ଚ ପଲିନେସିଆ"
	},
	"BM": {
		"name": "ବରମୁଡା"
	},
	"BD": {
		"name": "ବାଙ୍ଗଲାଦେଶ୍"
	},
	"BB": {
		"name": "ବାରବାଡୋସ୍"
	},
	"BS": {
		"name": "ବାହାମାସ୍"
	},
	"BH": {
		"name": "ବାହାରିନ୍"
	},
	"BI": {
		"name": "ବୁରୁନ୍ଦି"
	},
	"BF": {
		"name": "ବୁର୍କିନୋ ଫାସୋ"
	},
	"BG": {
		"name": "ବୁଲଗେରିଆ"
	},
	"BJ": {
		"name": "ବେନିନ୍"
	},
	"BE": {
		"name": "ବେଲଜିୟମ୍"
	},
	"BY": {
		"name": "ବେଲାରୁଷ୍"
	},
	"BZ": {
		"name": "ବେଲିଜ୍"
	},
	"BW": {
		"name": "ବୋଟସ୍ବାନ୍"
	},
	"BO": {
		"name": "ବୋଲଭିଆ"
	},
	"BA": {
		"name": "ବୋସନିଆ ଏବଂ ହର୍ଜଗୋଭିନା"
	},
	"BR": {
		"name": "ବ୍ରାଜିଲ୍"
	},
	"VG": {
		"name": "ବ୍ରିଟିଶ୍ ଭର୍ଜିନ୍ ଦ୍ବୀପପୁଞ୍ଜ"
	},
	"IO": {
		"name": "ବ୍ରିଟିଶ୍ ଭାରତୀୟ ସାମୁଦ୍ରିକ କ୍ଷେତ୍ର"
	},
	"GB": {
		"name": "ବ୍ରିଟେନ୍"
	},
	"BN": {
		"name": "ବ୍ରୁନେଇ"
	},
	"VA": {
		"name": "ଭାଟିକାନ୍"
	},
	"VU": {
		"name": "ଭାନୁଆତୁ"
	},
	"IN": {
		"name": "ଭାରତ"
	},
	"VN": {
		"name": "ଭିଏତନାମ୍"
	},
	"BT": {
		"name": "ଭୁଟାନ୍"
	},
	"VE": {
		"name": "ଭେନଜୁଏଲା"
	},
	"MN": {
		"name": "ମଙ୍ଗୋଲିଆ"
	},
	"ME": {
		"name": "ମଣ୍ଟେଗ୍ରୋ"
	},
	"MS": {
		"name": "ମଣ୍ଟେସେରାଟ୍"
	},
	"CF": {
		"name": "ମଧ୍ୟ ଆଫ୍ରିକୀୟ ଗଣତନ୍ତ୍ର"
	},
	"FM": {
		"name": "ମାଇକ୍ରୋନେସିଆ"
	},
	"MR": {
		"name": "ମାଉରିଟାନିଆ"
	},
	"MO": {
		"name": "ମାକାଉ SAR ଚିନ୍"
	},
	"MG": {
		"name": "ମାଡାଗାସ୍କର୍"
	},
	"YT": {
		"name": "ମାୟୋଟେ"
	},
	"MQ": {
		"name": "ମାର୍ଟିନିକ୍ୟୁ"
	},
	"MH": {
		"name": "ମାର୍ଶଲ୍ ଦ୍ବୀପପୁଞ୍ଜ"
	},
	"MD": {
		"name": "ମାଲଡୋଭା"
	},
	"MW": {
		"name": "ମାଲୱି"
	},
	"MY": {
		"name": "ମାଲେସିଆ"
	},
	"MT": {
		"name": "ମାଲ୍ଟା"
	},
	"MV": {
		"name": "ମାଳଦ୍ବୀପ"
	},
	"ML": {
		"name": "ମାଳୀ"
	},
	"MK": {
		"name": "ମାସେଡୋନିଆ"
	},
	"MM": {
		"name": "ମିୟାମାର୍"
	},
	"MX": {
		"name": "ମେକ୍ସିକୋ"
	},
	"MZ": {
		"name": "ମୋଜାମ୍ବିକ୍ୟୁ"
	},
	"MC": {
		"name": "ମୋନାକୋ"
	},
	"MA": {
		"name": "ମୋରୋକ୍କୋ"
	},
	"MU": {
		"name": "ମୌରିସସ୍"
	},
	"VI": {
		"name": "ୟୁଏସ୍ ଭର୍ଜିନ୍ ଦ୍ବୀପପୁଞ୍ଜ"
	},
	"US": {
		"name": "ଯୁକ୍ତ ରାଷ୍ଟ୍ର ଆମେରିକା"
	},
	"UA": {
		"name": "ୟୁକ୍ରାଇନ୍"
	},
	"UM": {
		"name": "ୟୁନାଇଟେଡ୍ ଷ୍ଟେଟସ୍ ମାଇନର୍ ଆଉଟଲେଇଂ ଦ୍ବୀପପୁଞ୍ଜ"
	},
	"YE": {
		"name": "ୟେମେନ୍"
	},
	"RW": {
		"name": "ରାୱାଣ୍ଡା"
	},
	"RE": {
		"name": "ରିୟୁନିଅନ୍"
	},
	"RU": {
		"name": "ରୁଷିଆ"
	},
	"RO": {
		"name": "ରୋମାନିଆ"
	},
	"LU": {
		"name": "ଲକ୍ସେମବର୍ଗ"
	},
	"LA": {
		"name": "ଲାଓସ୍"
	},
	"LV": {
		"name": "ଲାଟଭିଆ"
	},
	"LI": {
		"name": "ଲିଚେସ୍ତିଆନାନ୍"
	},
	"LT": {
		"name": "ଲିଥାଆନିଆ"
	},
	"LY": {
		"name": "ଲିବିଆ"
	},
	"LR": {
		"name": "ଲିବେରିଆ"
	},
	"LB": {
		"name": "ଲେବାନନ୍"
	},
	"LS": {
		"name": "ଲେସୋଥୋ"
	},
	"WF": {
		"name": "ୱାଲିସ୍ ଏବଂ ଫୁତୁନା"
	},
	"LK": {
		"name": "ଶ୍ରୀଲଙ୍କା"
	},
	"AE": {
		"name": "ସଂଯୁକ୍ତ ଆରବ ଏମିରେଟସ୍"
	},
	"RS": {
		"name": "ସର୍ବିଆ"
	},
	"CY": {
		"name": "ସାଇପ୍ରସ୍"
	},
	"SA": {
		"name": "ସାଉଦି ଆରବିଆ"
	},
	"ST": {
		"name": "ସାଓ ଟୋମେ ଏବଂ ପ୍ରିନସିପି"
	},
	"SM": {
		"name": "ସାନ୍ ମାରିନୋ"
	},
	"WS": {
		"name": "ସାମୋଆ"
	},
	"SJ": {
		"name": "ସାଲ୍ଭାର୍ଡ ଏବଂ ଜାନ୍ ମାୟୋନ୍"
	},
	"SL": {
		"name": "ସିଓରା ଲିଓନ୍"
	},
	"SG": {
		"name": "ସିଙ୍ଗାପୁର୍"
	},
	"SY": {
		"name": "ସିରିଆ"
	},
	"SD": {
		"name": "ସୁଦାନ୍"
	},
	"SR": {
		"name": "ସୁରିନାମ"
	},
	"SC": {
		"name": "ସେଚେଲସ୍"
	},
	"KN": {
		"name": "ସେଣ୍ଟ କିଟସ୍ ଏଣ୍ଡ ନେଭିସ୍"
	},
	"PM": {
		"name": "ସେଣ୍ଟ ପିଏରେ ଏବଂ ମିକ୍ବାଲୋନ୍"
	},
	"BL": {
		"name": "ସେଣ୍ଟ ବାର୍ଥେଲେମି"
	},
	"VC": {
		"name": "ସେଣ୍ଟ ଭିନସେଣ୍ଟ ଏବଂ ଦି ଗ୍ରେନାଡିସ୍"
	},
	"MF": {
		"name": "ସେଣ୍ଟ ମାର୍ଟିନ୍"
	},
	"LC": {
		"name": "ସେଣ୍ଟ ଲୁସିଆ"
	},
	"SH": {
		"name": "ସେଣ୍ଟ ହେଲେନା"
	},
	"SN": {
		"name": "ସେନେଗାଲ୍"
	},
	"SO": {
		"name": "ସୋମାଲିଆ"
	},
	"SB": {
		"name": "ସୋଲୋମନ୍ ଦ୍ବୀପପୁଞ୍ଜ"
	},
	"ES": {
		"name": "ସ୍ପେନ୍"
	},
	"SZ": {
		"name": "ସ୍ବାଜିଲାଣ୍ଡ"
	},
	"CH": {
		"name": "ସ୍ବିଜରଲ୍ୟାଣ୍ଡ"
	},
	"SK": {
		"name": "ସ୍ଲୋଭାକିଆ"
	},
	"SI": {
		"name": "ସ୍ଲୋଭେନିଆ"
	},
	"SE": {
		"name": "ସ୍ୱେଡେନ୍"
	},
	"HK": {
		"name": "ହଂକଂ ବିଶେଷ ପ୍ରଶାସନିକ କ୍ଷେତ୍ର ଚୀନ୍"
	},
	"HU": {
		"name": "ହଙ୍ଗେରୀ"
	},
	"HT": {
		"name": "ହାଇତି"
	},
	"HN": {
		"name": "ହୋଣ୍ଡାରୁସ୍"
	},
	"AC": {
		"name": "Ascension Island"
	},
	"IC": {
		"name": "Canary Islands"
	},
	"BQ": {
		"name": "Caribbean Netherlands"
	},
	"EA": {
		"name": "Ceuta & Melilla"
	},
	"CW": {
		"name": "Curaçao"
	},
	"DG": {
		"name": "Diego Garcia"
	},
	"XK": {
		"name": "Kosovo"
	},
	"SX": {
		"name": "Sint Maarten"
	},
	"SS": {
		"name": "South Sudan"
	},
	"TA": {
		"name": "Tristan da Cunha"
	}
}