{
	"AF": {
		"name": "Afganistan"
	},
	"AL": {
		"name": "Albania"
	},
	"DZ": {
		"name": "Algieria"
	},
	"AD": {
		"name": "Andora"
	},
	"AO": {
		"name": "Angola"
	},
	"AI": {
		"name": "Anguilla"
	},
	"AQ": {
		"name": "Antarktyka"
	},
	"AG": {
		"name": "Antigua i Barbuda"
	},
	"SA": {
		"name": "Arabia Saudyjska"
	},
	"AR": {
		"name": "Argentyna"
	},
	"AM": {
		"name": "Armenia"
	},
	"AW": {
		"name": "Aruba"
	},
	"AU": {
		"name": "Australia"
	},
	"AT": {
		"name": "Austria"
	},
	"AZ": {
		"name": "Azerbejdżan"
	},
	"BS": {
		"name": "Bahamy"
	},
	"BH": {
		"name": "Bahrajn"
	},
	"BD": {
		"name": "Bangladesz"
	},
	"BB": {
		"name": "Barbados"
	},
	"BE": {
		"name": "Belgia"
	},
	"BZ": {
		"name": "Belize"
	},
	"BJ": {
		"name": "Benin"
	},
	"BM": {
		"name": "Bermudy"
	},
	"BT": {
		"name": "Bhutan"
	},
	"BY": {
		"name": "Białoruś"
	},
	"BO": {
		"name": "Boliwia"
	},
	"BA": {
		"name": "Bośnia i Hercegowina"
	},
	"BW": {
		"name": "Botswana"
	},
	"BR": {
		"name": "Brazylia"
	},
	"BN": {
		"name": "Brunei"
	},
	"IO": {
		"name": "Brytyjskie Terytorium Oceanu Indyjskiego"
	},
	"VG": {
		"name": "Brytyjskie Wyspy Dziewicze"
	},
	"BG": {
		"name": "Bułgaria"
	},
	"BF": {
		"name": "Burkina Faso"
	},
	"BI": {
		"name": "Burundi"
	},
	"EA": {
		"name": "Ceuta i Melilla"
	},
	"CL": {
		"name": "Chile"
	},
	"CN": {
		"name": "Chiny"
	},
	"HR": {
		"name": "Chorwacja"
	},
	"CI": {
		"name": "Côte d’Ivoire"
	},
	"CW": {
		"name": "Curaçao"
	},
	"CY": {
		"name": "Cypr"
	},
	"TD": {
		"name": "Czad"
	},
	"ME": {
		"name": "Czarnogóra"
	},
	"CZ": {
		"name": "Czechy"
	},
	"UM": {
		"name": "Dalekie Wyspy Mniejsze Stanów Zjednoczonych"
	},
	"DK": {
		"name": "Dania"
	},
	"CD": {
		"name": "Demokratyczna Republika Konga"
	},
	"DG": {
		"name": "Diego Garcia"
	},
	"DM": {
		"name": "Dominika"
	},
	"DO": {
		"name": "Dominikana"
	},
	"DJ": {
		"name": "Dżibuti"
	},
	"EG": {
		"name": "Egipt"
	},
	"EC": {
		"name": "Ekwador"
	},
	"ER": {
		"name": "Erytrea"
	},
	"EE": {
		"name": "Estonia"
	},
	"ET": {
		"name": "Etiopia"
	},
	"FK": {
		"name": "Falklandy"
	},
	"FJ": {
		"name": "Fidżi"
	},
	"PH": {
		"name": "Filipiny"
	},
	"FI": {
		"name": "Finlandia"
	},
	"FR": {
		"name": "Francja"
	},
	"TF": {
		"name": "Francuskie Terytoria Południowe i Antarktyczne"
	},
	"GA": {
		"name": "Gabon"
	},
	"GM": {
		"name": "Gambia"
	},
	"GS": {
		"name": "Georgia Południowa i Sandwich Południowy"
	},
	"GH": {
		"name": "Ghana"
	},
	"GI": {
		"name": "Gibraltar"
	},
	"GR": {
		"name": "Grecja"
	},
	"GD": {
		"name": "Grenada"
	},
	"GL": {
		"name": "Grenlandia"
	},
	"GE": {
		"name": "Gruzja"
	},
	"GU": {
		"name": "Guam"
	},
	"GG": {
		"name": "Guernsey"
	},
	"GY": {
		"name": "Gujana"
	},
	"GF": {
		"name": "Gujana Francuska"
	},
	"GP": {
		"name": "Gwadelupa"
	},
	"GT": {
		"name": "Gwatemala"
	},
	"GN": {
		"name": "Gwinea"
	},
	"GW": {
		"name": "Gwinea Bissau"
	},
	"GQ": {
		"name": "Gwinea Równikowa"
	},
	"HT": {
		"name": "Haiti"
	},
	"ES": {
		"name": "Hiszpania"
	},
	"NL": {
		"name": "Holandia"
	},
	"HN": {
		"name": "Honduras"
	},
	"IN": {
		"name": "Indie"
	},
	"ID": {
		"name": "Indonezja"
	},
	"IQ": {
		"name": "Irak"
	},
	"IR": {
		"name": "Iran"
	},
	"IE": {
		"name": "Irlandia"
	},
	"IS": {
		"name": "Islandia"
	},
	"IL": {
		"name": "Izrael"
	},
	"JM": {
		"name": "Jamajka"
	},
	"JP": {
		"name": "Japonia"
	},
	"YE": {
		"name": "Jemen"
	},
	"JE": {
		"name": "Jersey"
	},
	"JO": {
		"name": "Jordania"
	},
	"KY": {
		"name": "Kajmany"
	},
	"KH": {
		"name": "Kambodża"
	},
	"CM": {
		"name": "Kamerun"
	},
	"CA": {
		"name": "Kanada"
	},
	"QA": {
		"name": "Katar"
	},
	"KZ": {
		"name": "Kazachstan"
	},
	"KE": {
		"name": "Kenia"
	},
	"KG": {
		"name": "Kirgistan"
	},
	"KI": {
		"name": "Kiribati"
	},
	"CO": {
		"name": "Kolumbia"
	},
	"KM": {
		"name": "Komory"
	},
	"CG": {
		"name": "Kongo"
	},
	"KR": {
		"name": "Korea Południowa"
	},
	"KP": {
		"name": "Korea Północna"
	},
	"XK": {
		"name": "Kosowo"
	},
	"CR": {
		"name": "Kostaryka"
	},
	"CU": {
		"name": "Kuba"
	},
	"KW": {
		"name": "Kuwejt"
	},
	"LA": {
		"name": "Laos"
	},
	"LS": {
		"name": "Lesotho"
	},
	"LB": {
		"name": "Liban"
	},
	"LR": {
		"name": "Liberia"
	},
	"LY": {
		"name": "Libia"
	},
	"LI": {
		"name": "Liechtenstein"
	},
	"LT": {
		"name": "Litwa"
	},
	"LU": {
		"name": "Luksemburg"
	},
	"LV": {
		"name": "Łotwa"
	},
	"MK": {
		"name": "Macedonia"
	},
	"MG": {
		"name": "Madagaskar"
	},
	"YT": {
		"name": "Majotta"
	},
	"MW": {
		"name": "Malawi"
	},
	"MV": {
		"name": "Malediwy"
	},
	"MY": {
		"name": "Malezja"
	},
	"ML": {
		"name": "Mali"
	},
	"MT": {
		"name": "Malta"
	},
	"MP": {
		"name": "Mariany Północne"
	},
	"MA": {
		"name": "Maroko"
	},
	"MQ": {
		"name": "Martynika"
	},
	"MR": {
		"name": "Mauretania"
	},
	"MU": {
		"name": "Mauritius"
	},
	"MX": {
		"name": "Meksyk"
	},
	"FM": {
		"name": "Mikronezja"
	},
	"MM": {
		"name": "Mjanma (Birma)"
	},
	"MD": {
		"name": "Mołdawia"
	},
	"MC": {
		"name": "Monako"
	},
	"MN": {
		"name": "Mongolia"
	},
	"MS": {
		"name": "Montserrat"
	},
	"MZ": {
		"name": "Mozambik"
	},
	"NA": {
		"name": "Namibia"
	},
	"NR": {
		"name": "Nauru"
	},
	"NP": {
		"name": "Nepal"
	},
	"BQ": {
		"name": "Niderlandy Karaibskie"
	},
	"DE": {
		"name": "Niemcy"
	},
	"NE": {
		"name": "Niger"
	},
	"NG": {
		"name": "Nigeria"
	},
	"NI": {
		"name": "Nikaragua"
	},
	"NU": {
		"name": "Niue"
	},
	"NF": {
		"name": "Norfolk"
	},
	"NO": {
		"name": "Norwegia"
	},
	"NC": {
		"name": "Nowa Kaledonia"
	},
	"NZ": {
		"name": "Nowa Zelandia"
	},
	"OM": {
		"name": "Oman"
	},
	"PK": {
		"name": "Pakistan"
	},
	"PW": {
		"name": "Palau"
	},
	"PA": {
		"name": "Panama"
	},
	"PG": {
		"name": "Papua-Nowa Gwinea"
	},
	"PY": {
		"name": "Paragwaj"
	},
	"PE": {
		"name": "Peru"
	},
	"PN": {
		"name": "Pitcairn"
	},
	"PF": {
		"name": "Polinezja Francuska"
	},
	"PL": {
		"name": "Polska"
	},
	"PR": {
		"name": "Portoryko"
	},
	"PT": {
		"name": "Portugalia"
	},
	"ZA": {
		"name": "Republika Południowej Afryki"
	},
	"CF": {
		"name": "Republika Środkowoafrykańska"
	},
	"CV": {
		"name": "Republika Zielonego Przylądka"
	},
	"RE": {
		"name": "Reunion"
	},
	"RU": {
		"name": "Rosja"
	},
	"RO": {
		"name": "Rumunia"
	},
	"RW": {
		"name": "Rwanda"
	},
	"EH": {
		"name": "Sahara Zachodnia"
	},
	"KN": {
		"name": "Saint Kitts i Nevis"
	},
	"LC": {
		"name": "Saint Lucia"
	},
	"VC": {
		"name": "Saint Vincent i Grenadyny"
	},
	"BL": {
		"name": "Saint-Barthélemy"
	},
	"MF": {
		"name": "Saint-Martin"
	},
	"PM": {
		"name": "Saint-Pierre i Miquelon"
	},
	"SV": {
		"name": "Salwador"
	},
	"WS": {
		"name": "Samoa"
	},
	"AS": {
		"name": "Samoa Amerykańskie"
	},
	"SM": {
		"name": "San Marino"
	},
	"SN": {
		"name": "Senegal"
	},
	"RS": {
		"name": "Serbia"
	},
	"SC": {
		"name": "Seszele"
	},
	"SL": {
		"name": "Sierra Leone"
	},
	"SG": {
		"name": "Singapur"
	},
	"SX": {
		"name": "Sint Maarten"
	},
	"SK": {
		"name": "Słowacja"
	},
	"SI": {
		"name": "Słowenia"
	},
	"SO": {
		"name": "Somalia"
	},
	"HK": {
		"name": "SRA Hongkong (Chiny)"
	},
	"MO": {
		"name": "SRA Makau (Chiny)"
	},
	"LK": {
		"name": "Sri Lanka"
	},
	"US": {
		"name": "Stany Zjednoczone"
	},
	"SZ": {
		"name": "Suazi"
	},
	"SD": {
		"name": "Sudan"
	},
	"SS": {
		"name": "Sudan Południowy"
	},
	"SR": {
		"name": "Surinam"
	},
	"SJ": {
		"name": "Svalbard i Jan Mayen"
	},
	"SY": {
		"name": "Syria"
	},
	"CH": {
		"name": "Szwajcaria"
	},
	"SE": {
		"name": "Szwecja"
	},
	"TJ": {
		"name": "Tadżykistan"
	},
	"TH": {
		"name": "Tajlandia"
	},
	"TW": {
		"name": "Tajwan"
	},
	"TZ": {
		"name": "Tanzania"
	},
	"PS": {
		"name": "Terytoria Palestyńskie"
	},
	"TL": {
		"name": "Timor Wschodni"
	},
	"TG": {
		"name": "Togo"
	},
	"TK": {
		"name": "Tokelau"
	},
	"TO": {
		"name": "Tonga"
	},
	"TA": {
		"name": "Tristan da Cunha"
	},
	"TT": {
		"name": "Trynidad i Tobago"
	},
	"TN": {
		"name": "Tunezja"
	},
	"TR": {
		"name": "Turcja"
	},
	"TM": {
		"name": "Turkmenistan"
	},
	"TC": {
		"name": "Turks i Caicos"
	},
	"TV": {
		"name": "Tuvalu"
	},
	"UG": {
		"name": "Uganda"
	},
	"UA": {
		"name": "Ukraina"
	},
	"UY": {
		"name": "Urugwaj"
	},
	"UZ": {
		"name": "Uzbekistan"
	},
	"VU": {
		"name": "Vanuatu"
	},
	"WF": {
		"name": "Wallis i Futuna"
	},
	"VA": {
		"name": "Watykan"
	},
	"VE": {
		"name": "Wenezuela"
	},
	"HU": {
		"name": "Węgry"
	},
	"GB": {
		"name": "Wielka Brytania"
	},
	"VN": {
		"name": "Wietnam"
	},
	"IT": {
		"name": "Włochy"
	},
	"CX": {
		"name": "Wyspa Bożego Narodzenia"
	},
	"IM": {
		"name": "Wyspa Man"
	},
	"SH": {
		"name": "Wyspa Świętej Heleny"
	},
	"AC": {
		"name": "Wyspa Wniebowstąpienia"
	},
	"AX": {
		"name": "Wyspy Alandzkie"
	},
	"CK": {
		"name": "Wyspy Cooka"
	},
	"VI": {
		"name": "Wyspy Dziewicze Stanów Zjednoczonych"
	},
	"IC": {
		"name": "Wyspy Kanaryjskie"
	},
	"CC": {
		"name": "Wyspy Kokosowe"
	},
	"MH": {
		"name": "Wyspy Marshalla"
	},
	"FO": {
		"name": "Wyspy Owcze"
	},
	"SB": {
		"name": "Wyspy Salomona"
	},
	"ST": {
		"name": "Wyspy Świętego Tomasza i Książęca"
	},
	"ZM": {
		"name": "Zambia"
	},
	"ZW": {
		"name": "Zimbabwe"
	},
	"AE": {
		"name": "Zjednoczone Emiraty Arabskie"
	}
}