{
	"AF": {
		"name": "Afghanistan"
	},
	"AL": {
		"name": "Albánia"
	},
	"DZ": {
		"name": "Algeria"
	},
	"US": {
		"name": "Amerihká ovttastuvvan stáhtat"
	},
	"AS": {
		"name": "Amerihká Samoa"
	},
	"AD": {
		"name": "Andorra"
	},
	"AO": {
		"name": "Angola"
	},
	"AI": {
		"name": "Anguilla"
	},
	"AQ": {
		"name": "Antárktis"
	},
	"AG": {
		"name": "Antigua ja Barbuda"
	},
	"VI": {
		"name": "AOS Virgin-sullot"
	},
	"AR": {
		"name": "Argentina"
	},
	"AM": {
		"name": "Armenia"
	},
	"AW": {
		"name": "Aruba"
	},
	"AC": {
		"name": "Ascension"
	},
	"AZ": {
		"name": "Aserbaižan"
	},
	"AU": {
		"name": "Austrália"
	},
	"BS": {
		"name": "Bahamas"
	},
	"BH": {
		"name": "Bahrain"
	},
	"BD": {
		"name": "Bangladesh"
	},
	"BB": {
		"name": "Barbados"
	},
	"BE": {
		"name": "Belgia"
	},
	"BZ": {
		"name": "Belize"
	},
	"BJ": {
		"name": "Benin"
	},
	"BM": {
		"name": "Bermuda"
	},
	"BT": {
		"name": "Bhutan"
	},
	"BO": {
		"name": "Bolivia"
	},
	"BA": {
		"name": "Bosnia-Hercegovina"
	},
	"BW": {
		"name": "Botswana"
	},
	"BR": {
		"name": "Brasil"
	},
	"IO": {
		"name": "British Indian Ocean Territory"
	},
	"VG": {
		"name": "Brittania Virgin-sullot"
	},
	"BN": {
		"name": "Brunei"
	},
	"BG": {
		"name": "Bulgária"
	},
	"BF": {
		"name": "Burkina Faso"
	},
	"MM": {
		"name": "Burma"
	},
	"BI": {
		"name": "Burundi"
	},
	"BQ": {
		"name": "Caribbean Netherlands"
	},
	"KY": {
		"name": "Cayman-sullot"
	},
	"EA": {
		"name": "Ceuta ja Melilla"
	},
	"CC": {
		"name": "Cocos-sullot"
	},
	"CK": {
		"name": "Cook-sullot"
	},
	"CR": {
		"name": "Costa Rica"
	},
	"CW": {
		"name": "Curaçao"
	},
	"CZ": {
		"name": "Čeahkka"
	},
	"CL": {
		"name": "Čiile"
	},
	"KP": {
		"name": "Davvi-Korea"
	},
	"MP": {
		"name": "Davvi-Mariánat"
	},
	"SD": {
		"name": "Davvisudan"
	},
	"DK": {
		"name": "Dánmárku"
	},
	"DG": {
		"name": "Diego Garcia"
	},
	"DJ": {
		"name": "Djibouti"
	},
	"DM": {
		"name": "Dominica"
	},
	"DO": {
		"name": "Dominikána dásseváldi"
	},
	"DE": {
		"name": "Duiska"
	},
	"TR": {
		"name": "Durka"
	},
	"EC": {
		"name": "Ecuador"
	},
	"EG": {
		"name": "Egypta"
	},
	"GQ": {
		"name": "Ekvatoriála Guinea"
	},
	"SV": {
		"name": "El Salvador"
	},
	"CI": {
		"name": "Elfenbenariddu"
	},
	"ER": {
		"name": "Eritrea"
	},
	"EE": {
		"name": "Estlánda"
	},
	"ET": {
		"name": "Etiopia"
	},
	"FK": {
		"name": "Falklandsullot"
	},
	"FO": {
		"name": "Fearsullot"
	},
	"FJ": {
		"name": "Fijisullot"
	},
	"PH": {
		"name": "Filippiinnat"
	},
	"FR": {
		"name": "Frankriika"
	},
	"GF": {
		"name": "Frankriikka Guayana"
	},
	"PF": {
		"name": "Frankriikka Polynesia"
	},
	"MF": {
		"name": "Frankriikka Saint Martin"
	},
	"TF": {
		"name": "French Southern Territories"
	},
	"GA": {
		"name": "Gabon"
	},
	"CF": {
		"name": "Gaska-Afrihká dásseváldi"
	},
	"GM": {
		"name": "Gámbia"
	},
	"GE": {
		"name": "Georgia"
	},
	"GH": {
		"name": "Ghana"
	},
	"GI": {
		"name": "Gibraltar"
	},
	"GR": {
		"name": "Greika"
	},
	"GD": {
		"name": "Grenada"
	},
	"GP": {
		"name": "Guadeloupe"
	},
	"GU": {
		"name": "Guam"
	},
	"GT": {
		"name": "Guatemala"
	},
	"GG": {
		"name": "Guernsey"
	},
	"GN": {
		"name": "Guinea"
	},
	"GW": {
		"name": "Guinea-Bissau"
	},
	"GY": {
		"name": "Guyana"
	},
	"HT": {
		"name": "Haiti"
	},
	"HN": {
		"name": "Honduras"
	},
	"HK": {
		"name": "Hongkong"
	},
	"IN": {
		"name": "India"
	},
	"ID": {
		"name": "Indonesia"
	},
	"IQ": {
		"name": "Irak"
	},
	"IR": {
		"name": "Iran"
	},
	"IE": {
		"name": "Irlánda"
	},
	"IS": {
		"name": "Islánda"
	},
	"IL": {
		"name": "Israel"
	},
	"IT": {
		"name": "Itália"
	},
	"JM": {
		"name": "Jamaica"
	},
	"JP": {
		"name": "Japána"
	},
	"YE": {
		"name": "Jemen"
	},
	"JE": {
		"name": "Jersey"
	},
	"JO": {
		"name": "Jordánia"
	},
	"CX": {
		"name": "Juovllat-sullot"
	},
	"GL": {
		"name": "Kalaallit Nunaat"
	},
	"KH": {
		"name": "Kambodža"
	},
	"CM": {
		"name": "Kamerun"
	},
	"CA": {
		"name": "Kanáda"
	},
	"IC": {
		"name": "Kanáriasullot"
	},
	"CV": {
		"name": "Kap Verde"
	},
	"KZ": {
		"name": "Kasakstan"
	},
	"KE": {
		"name": "Kenia"
	},
	"CN": {
		"name": "Kiinná"
	},
	"KG": {
		"name": "Kirgisistan"
	},
	"KI": {
		"name": "Kiribati"
	},
	"CO": {
		"name": "Kolombia"
	},
	"KM": {
		"name": "Komoros"
	},
	"CG": {
		"name": "Kongo-Brazzaville"
	},
	"CD": {
		"name": "Kongo-Kinshasa"
	},
	"XK": {
		"name": "Kosovo"
	},
	"HR": {
		"name": "Kroátia"
	},
	"CU": {
		"name": "Kuba"
	},
	"KW": {
		"name": "Kuwait"
	},
	"CY": {
		"name": "Kypros"
	},
	"LA": {
		"name": "Laos"
	},
	"LV": {
		"name": "Látvia"
	},
	"LS": {
		"name": "Lesotho"
	},
	"LB": {
		"name": "Libanon"
	},
	"LR": {
		"name": "Liberia"
	},
	"LY": {
		"name": "Libya"
	},
	"LI": {
		"name": "Liechtenstein"
	},
	"LT": {
		"name": "Lietuva"
	},
	"GS": {
		"name": "Lulli Georgia ja Lulli Sandwich-sullot"
	},
	"LU": {
		"name": "Luxembourg"
	},
	"MG": {
		"name": "Madagaskar"
	},
	"MO": {
		"name": "Makáo"
	},
	"MK": {
		"name": "Makedonia"
	},
	"MW": {
		"name": "Malawi"
	},
	"MV": {
		"name": "Malediivvat"
	},
	"MY": {
		"name": "Malesia"
	},
	"ML": {
		"name": "Mali"
	},
	"IM": {
		"name": "Mann-sullot"
	},
	"MA": {
		"name": "Marokko"
	},
	"MH": {
		"name": "Marshallsullot"
	},
	"MQ": {
		"name": "Martinique"
	},
	"MR": {
		"name": "Mauretánia"
	},
	"MU": {
		"name": "Mauritius"
	},
	"YT": {
		"name": "Mayotte"
	},
	"MT": {
		"name": "Málta"
	},
	"ZA": {
		"name": "Mátta-Afrihká"
	},
	"KR": {
		"name": "Mátta-Korea"
	},
	"SS": {
		"name": "Máttasudan"
	},
	"MX": {
		"name": "Meksiko"
	},
	"FM": {
		"name": "Mikronesia"
	},
	"MD": {
		"name": "Moldávia"
	},
	"MC": {
		"name": "Monaco"
	},
	"MN": {
		"name": "Mongolia"
	},
	"ME": {
		"name": "Montenegro"
	},
	"MS": {
		"name": "Montserrat"
	},
	"MZ": {
		"name": "Mosambik"
	},
	"NA": {
		"name": "Namibia"
	},
	"NR": {
		"name": "Nauru"
	},
	"NP": {
		"name": "Nepal"
	},
	"NI": {
		"name": "Nicaragua"
	},
	"NE": {
		"name": "Niger"
	},
	"NG": {
		"name": "Nigeria"
	},
	"NU": {
		"name": "Niue"
	},
	"NF": {
		"name": "Norfolksullot"
	},
	"NO": {
		"name": "Norga"
	},
	"TL": {
		"name": "Nuorta-Timor"
	},
	"AT": {
		"name": "Nuortariika"
	},
	"EH": {
		"name": "Oarje-Sahára"
	},
	"NC": {
		"name": "Ođđa-Kaledonia"
	},
	"NZ": {
		"name": "Ođđa-Selánda"
	},
	"OM": {
		"name": "Oman"
	},
	"AE": {
		"name": "Ovttastuvvan Arábaemiráhtat"
	},
	"PK": {
		"name": "Pakistan"
	},
	"PW": {
		"name": "Palau"
	},
	"PS": {
		"name": "Palestina"
	},
	"PA": {
		"name": "Panama"
	},
	"PG": {
		"name": "Papua-Ođđa-Guinea"
	},
	"PY": {
		"name": "Paraguay"
	},
	"PE": {
		"name": "Peru"
	},
	"PN": {
		"name": "Pitcairn"
	},
	"PL": {
		"name": "Polen"
	},
	"PT": {
		"name": "Portugála"
	},
	"PR": {
		"name": "Puerto Rico"
	},
	"QA": {
		"name": "Qatar"
	},
	"RE": {
		"name": "Réunion"
	},
	"RO": {
		"name": "Románia"
	},
	"RU": {
		"name": "Ruošša"
	},
	"SE": {
		"name": "Ruoŧŧa"
	},
	"RW": {
		"name": "Rwanda"
	},
	"BL": {
		"name": "Saint Barthélemy"
	},
	"SH": {
		"name": "Saint Helena"
	},
	"KN": {
		"name": "Saint Kitts ja Nevis"
	},
	"LC": {
		"name": "Saint Lucia"
	},
	"PM": {
		"name": "Saint Pierre ja Miquelon"
	},
	"VC": {
		"name": "Saint Vincent ja Grenadine"
	},
	"SB": {
		"name": "Salomon-sullot"
	},
	"WS": {
		"name": "Samoa"
	},
	"SM": {
		"name": "San Marino"
	},
	"SA": {
		"name": "Saudi-Arábia"
	},
	"SN": {
		"name": "Senegal"
	},
	"RS": {
		"name": "Serbia"
	},
	"SC": {
		"name": "Seychellsullot"
	},
	"SL": {
		"name": "Sierra Leone"
	},
	"SG": {
		"name": "Singapore"
	},
	"SK": {
		"name": "Slovákia"
	},
	"SI": {
		"name": "Slovenia"
	},
	"SO": {
		"name": "Somália"
	},
	"ES": {
		"name": "Spánia"
	},
	"LK": {
		"name": "Sri Lanka"
	},
	"GB": {
		"name": "Stuorra-Británnia"
	},
	"FI": {
		"name": "Suopma"
	},
	"SR": {
		"name": "Surinam"
	},
	"SJ": {
		"name": "Svalbárda ja Jan Mayen"
	},
	"SZ": {
		"name": "Svazieana"
	},
	"SY": {
		"name": "Syria"
	},
	"ST": {
		"name": "São Tomé ja Príncipe"
	},
	"CH": {
		"name": "Šveica"
	},
	"TW": {
		"name": "Taiwan"
	},
	"TZ": {
		"name": "Tanzánia"
	},
	"TJ": {
		"name": "Tažikistan"
	},
	"TD": {
		"name": "Tčad"
	},
	"TH": {
		"name": "Thaieana"
	},
	"TG": {
		"name": "Togo"
	},
	"TK": {
		"name": "Tokelau"
	},
	"TO": {
		"name": "Tonga"
	},
	"TT": {
		"name": "Trinidad ja Tobago"
	},
	"TA": {
		"name": "Tristan da Cunha"
	},
	"TN": {
		"name": "Tunisia"
	},
	"TM": {
		"name": "Turkmenistan"
	},
	"TC": {
		"name": "Turks ja Caicos-sullot"
	},
	"TV": {
		"name": "Tuvalu"
	},
	"UM": {
		"name": "U.S. Outlying Islands"
	},
	"UG": {
		"name": "Uganda"
	},
	"UA": {
		"name": "Ukraina"
	},
	"HU": {
		"name": "Ungár"
	},
	"UY": {
		"name": "Uruguay"
	},
	"UZ": {
		"name": "Usbekistan"
	},
	"VU": {
		"name": "Vanuatu"
	},
	"VA": {
		"name": "Vatikána"
	},
	"VE": {
		"name": "Venezuela"
	},
	"VN": {
		"name": "Vietnam"
	},
	"BY": {
		"name": "Vilges-Ruošša"
	},
	"NL": {
		"name": "Vuolleeatnamat"
	},
	"SX": {
		"name": "Vuolleeatnamat Saint Martin"
	},
	"WF": {
		"name": "Wallis ja Futuna"
	},
	"ZM": {
		"name": "Zambia"
	},
	"ZW": {
		"name": "Zimbabwe"
	},
	"AX": {
		"name": "Ålánda"
	}
}