{
	"AZ": {
		"name": "adrabijan"
	},
	"GI": {
		"name": "adrar n ṭaṛiq"
	},
	"AF": {
		"name": "afɣanistan"
	},
	"ZA": {
		"name": "afriqya n iffus"
	},
	"PS": {
		"name": "agmmaḍ n tagut d ɣzza"
	},
	"AX": {
		"name": "Åland Islands"
	},
	"AL": {
		"name": "albanya"
	},
	"DE": {
		"name": "almanya"
	},
	"ID": {
		"name": "andunisya"
	},
	"AD": {
		"name": "andura"
	},
	"AI": {
		"name": "angila"
	},
	"AO": {
		"name": "angula"
	},
	"AQ": {
		"name": "Antarctica"
	},
	"AG": {
		"name": "antiga d brbuda"
	},
	"AR": {
		"name": "arjantin"
	},
	"AM": {
		"name": "arminya"
	},
	"AW": {
		"name": "aruba"
	},
	"AC": {
		"name": "Ascension Island"
	},
	"VA": {
		"name": "awank n fatikan"
	},
	"PG": {
		"name": "babwa ɣinya tamaynut"
	},
	"BS": {
		"name": "bahamas"
	},
	"PK": {
		"name": "bakistan"
	},
	"PW": {
		"name": "balaw"
	},
	"PA": {
		"name": "banama"
	},
	"BD": {
		"name": "bangladic"
	},
	"PY": {
		"name": "baragway"
	},
	"BB": {
		"name": "barbad"
	},
	"BH": {
		"name": "bḥrayn"
	},
	"BT": {
		"name": "bhutan"
	},
	"BY": {
		"name": "bilarusya"
	},
	"BZ": {
		"name": "biliz"
	},
	"BJ": {
		"name": "binin"
	},
	"PE": {
		"name": "biru"
	},
	"PN": {
		"name": "bitkayrn"
	},
	"BG": {
		"name": "blɣara"
	},
	"BE": {
		"name": "bljika"
	},
	"BR": {
		"name": "brazil"
	},
	"BM": {
		"name": "brmuda"
	},
	"PT": {
		"name": "bṛṭqiz"
	},
	"BN": {
		"name": "bruni"
	},
	"BO": {
		"name": "bulibya"
	},
	"PF": {
		"name": "bulinizya tafransist"
	},
	"PL": {
		"name": "bulunya"
	},
	"BF": {
		"name": "burkina fasu"
	},
	"PR": {
		"name": "burtu riku"
	},
	"BI": {
		"name": "burundi"
	},
	"BA": {
		"name": "busna d hirsik"
	},
	"BW": {
		"name": "butswana"
	},
	"IC": {
		"name": "Canary Islands"
	},
	"BQ": {
		"name": "Caribbean Netherlands"
	},
	"CL": {
		"name": "ccili"
	},
	"CN": {
		"name": "ccinwa"
	},
	"EA": {
		"name": "Ceuta & Melilla"
	},
	"CX": {
		"name": "Christmas Island"
	},
	"CC": {
		"name": "Cocos (Keeling) Islands"
	},
	"CO": {
		"name": "culumbya"
	},
	"KM": {
		"name": "cumur"
	},
	"CW": {
		"name": "Curaçao"
	},
	"DK": {
		"name": "danmark"
	},
	"DG": {
		"name": "Diego Garcia"
	},
	"DJ": {
		"name": "djibuti"
	},
	"DM": {
		"name": "duminik"
	},
	"DZ": {
		"name": "dzayr"
	},
	"OM": {
		"name": "ɛuman"
	},
	"VU": {
		"name": "fanwaṭu"
	},
	"FO": {
		"name": "Faroe Islands"
	},
	"FJ": {
		"name": "fidji"
	},
	"PH": {
		"name": "filibbin"
	},
	"FI": {
		"name": "fillanda"
	},
	"VE": {
		"name": "finzwila"
	},
	"VN": {
		"name": "fitnam"
	},
	"FR": {
		"name": "fransa"
	},
	"TF": {
		"name": "French Southern Territories"
	},
	"GA": {
		"name": "gabun"
	},
	"GM": {
		"name": "gambya"
	},
	"GL": {
		"name": "griland"
	},
	"GG": {
		"name": "Guernsey"
	},
	"GP": {
		"name": "gwadalub"
	},
	"GU": {
		"name": "gwam"
	},
	"GT": {
		"name": "gwatimala"
	},
	"GF": {
		"name": "gwiyan tafransist"
	},
	"GY": {
		"name": "gwiyana"
	},
	"GH": {
		"name": "ɣana"
	},
	"GN": {
		"name": "ɣinya"
	},
	"GW": {
		"name": "ɣinya bisaw"
	},
	"GQ": {
		"name": "ɣinya n ikwadur"
	},
	"GD": {
		"name": "ɣrnaṭa"
	},
	"HT": {
		"name": "hayti"
	},
	"HU": {
		"name": "hnɣarya"
	},
	"HK": {
		"name": "Hong Kong SAR China"
	},
	"NL": {
		"name": "hulanda"
	},
	"HN": {
		"name": "hunduras"
	},
	"EC": {
		"name": "ikwadur"
	},
	"IR": {
		"name": "iran"
	},
	"ER": {
		"name": "iritirya"
	},
	"IE": {
		"name": "irlanda"
	},
	"IS": {
		"name": "island"
	},
	"IM": {
		"name": "Isle of Man"
	},
	"IL": {
		"name": "israyil"
	},
	"EE": {
		"name": "istunya"
	},
	"IT": {
		"name": "iṭalya"
	},
	"ET": {
		"name": "ityubya"
	},
	"US": {
		"name": "iwunak munnin n mirikan"
	},
	"JM": {
		"name": "jamayka"
	},
	"JE": {
		"name": "Jersey"
	},
	"GE": {
		"name": "jurjya"
	},
	"NC": {
		"name": "kalidunya tamaynut"
	},
	"KH": {
		"name": "kambudya"
	},
	"CM": {
		"name": "kamirun"
	},
	"CA": {
		"name": "kanada"
	},
	"KZ": {
		"name": "kazaxstan"
	},
	"KE": {
		"name": "kinya"
	},
	"KG": {
		"name": "kirɣizistan"
	},
	"KI": {
		"name": "kiribati"
	},
	"XK": {
		"name": "Kosovo"
	},
	"HR": {
		"name": "krwatya"
	},
	"CU": {
		"name": "kuba"
	},
	"CG": {
		"name": "kungu"
	},
	"KR": {
		"name": "kurya n iffus"
	},
	"KP": {
		"name": "kurya n iẓẓlmḍ"
	},
	"CR": {
		"name": "kusta rika"
	},
	"CI": {
		"name": "kut difwar"
	},
	"LV": {
		"name": "latfya"
	},
	"LA": {
		"name": "laws"
	},
	"IQ": {
		"name": "lɛiraq"
	},
	"IN": {
		"name": "lhind"
	},
	"LR": {
		"name": "libirya"
	},
	"LY": {
		"name": "libya"
	},
	"LI": {
		"name": "likinctayn"
	},
	"AE": {
		"name": "limarat"
	},
	"LS": {
		"name": "liṣuṭu"
	},
	"LT": {
		"name": "litwanya"
	},
	"KW": {
		"name": "lkwit"
	},
	"MA": {
		"name": "lmɣrib"
	},
	"LB": {
		"name": "lubnan"
	},
	"LU": {
		"name": "luksanburg"
	},
	"JO": {
		"name": "lurdun"
	},
	"JP": {
		"name": "lyaban"
	},
	"GR": {
		"name": "lyunan"
	},
	"MO": {
		"name": "Macau SAR China"
	},
	"MG": {
		"name": "madaɣacqar"
	},
	"MW": {
		"name": "malawi"
	},
	"MV": {
		"name": "maldif"
	},
	"ML": {
		"name": "mali"
	},
	"MY": {
		"name": "malizya"
	},
	"MT": {
		"name": "malṭa"
	},
	"MQ": {
		"name": "martinik"
	},
	"MK": {
		"name": "masidunya"
	},
	"YT": {
		"name": "mayuṭ"
	},
	"FM": {
		"name": "mikrunizya"
	},
	"MX": {
		"name": "miksik"
	},
	"EG": {
		"name": "miṣṛ"
	},
	"MN": {
		"name": "mnɣulya"
	},
	"ME": {
		"name": "Montenegro"
	},
	"MD": {
		"name": "muldufya"
	},
	"MC": {
		"name": "munaku"
	},
	"MS": {
		"name": "munsirat"
	},
	"MU": {
		"name": "muris"
	},
	"MR": {
		"name": "muṛiṭanya"
	},
	"MZ": {
		"name": "muznbiq"
	},
	"MM": {
		"name": "myanmar"
	},
	"NA": {
		"name": "namibya"
	},
	"NR": {
		"name": "nawru"
	},
	"NP": {
		"name": "nibal"
	},
	"NG": {
		"name": "nijirya"
	},
	"NI": {
		"name": "nikaragwa"
	},
	"NU": {
		"name": "niwi"
	},
	"NE": {
		"name": "nnijir"
	},
	"AT": {
		"name": "nnmsa"
	},
	"NO": {
		"name": "nnrwij"
	},
	"NZ": {
		"name": "nyuzilanda"
	},
	"QA": {
		"name": "qatar"
	},
	"CY": {
		"name": "qubrus"
	},
	"RE": {
		"name": "riyunyun"
	},
	"RO": {
		"name": "rumanya"
	},
	"RU": {
		"name": "rusya"
	},
	"RW": {
		"name": "rwanda"
	},
	"SV": {
		"name": "salfadur"
	},
	"WS": {
		"name": "samwa"
	},
	"AS": {
		"name": "samwa tamirikanit"
	},
	"PM": {
		"name": "sanbyir d miklun"
	},
	"VC": {
		"name": "sanfansan d grinadin"
	},
	"KN": {
		"name": "sankris d nifis"
	},
	"SM": {
		"name": "sanmarinu"
	},
	"SH": {
		"name": "santilin"
	},
	"LC": {
		"name": "santlusi"
	},
	"ST": {
		"name": "sawṭumi d bransib"
	},
	"ES": {
		"name": "sbanya"
	},
	"RS": {
		"name": "Serbia"
	},
	"SX": {
		"name": "Sint Maarten"
	},
	"SK": {
		"name": "slufakya"
	},
	"SI": {
		"name": "slufinya"
	},
	"SG": {
		"name": "snɣafura"
	},
	"GS": {
		"name": "South Georgia & South Sandwich Islands"
	},
	"SS": {
		"name": "South Sudan"
	},
	"LK": {
		"name": "srilanka"
	},
	"SA": {
		"name": "ssaɛudiya"
	},
	"SC": {
		"name": "ssicil"
	},
	"SN": {
		"name": "ssinigal"
	},
	"SL": {
		"name": "ssiralyun"
	},
	"SD": {
		"name": "ssudan"
	},
	"SO": {
		"name": "ṣṣumal"
	},
	"SE": {
		"name": "sswid"
	},
	"BL": {
		"name": "St. Barthélemy"
	},
	"MF": {
		"name": "St. Martin"
	},
	"SR": {
		"name": "surinam"
	},
	"SY": {
		"name": "surya"
	},
	"SJ": {
		"name": "Svalbard & Jan Mayen"
	},
	"SZ": {
		"name": "swazilanda"
	},
	"CH": {
		"name": "swisra"
	},
	"TJ": {
		"name": "tadjakistan"
	},
	"CD": {
		"name": "tagdudant tadimukratit n Kongo"
	},
	"DO": {
		"name": "tagdudant taduminikt"
	},
	"CF": {
		"name": "tagdudant tanammast n ifriqya"
	},
	"CZ": {
		"name": "tagdudant tatcikit"
	},
	"GB": {
		"name": "tagldit imunn"
	},
	"IO": {
		"name": "tamnaḍt tanglizit n ugaru ahindi"
	},
	"TZ": {
		"name": "ṭanẓanya"
	},
	"TH": {
		"name": "ṭayland"
	},
	"TW": {
		"name": "ṭaywan"
	},
	"TD": {
		"name": "tcad"
	},
	"CV": {
		"name": "tigzirin n kabbirdi"
	},
	"KY": {
		"name": "tigzirin n kayman"
	},
	"CK": {
		"name": "tigzirin n kuk"
	},
	"FK": {
		"name": "tigzirin n malawi"
	},
	"MH": {
		"name": "tigzirin n marcal"
	},
	"MP": {
		"name": "tigzirin n maryan n iẓẓlmḍ"
	},
	"NF": {
		"name": "tigzirin n nurfulk"
	},
	"SB": {
		"name": "tigzirin n saluman"
	},
	"TC": {
		"name": "tigzirin n turkya d kayk"
	},
	"VI": {
		"name": "tigzirin timgad n iwunak munnin"
	},
	"VG": {
		"name": "tigzirin timgad n nngliz"
	},
	"TL": {
		"name": "timur n lqblt"
	},
	"TT": {
		"name": "trinidad d ṭubagu"
	},
	"TA": {
		"name": "Tristan da Cunha"
	},
	"TV": {
		"name": "tufalu"
	},
	"TG": {
		"name": "ṭugu"
	},
	"TK": {
		"name": "ṭuklaw"
	},
	"TO": {
		"name": "ṭunga"
	},
	"TN": {
		"name": "tuns"
	},
	"TM": {
		"name": "turkmanstan"
	},
	"TR": {
		"name": "turkya"
	},
	"UM": {
		"name": "U.S. Outlying Islands"
	},
	"UG": {
		"name": "uɣanda"
	},
	"UA": {
		"name": "ukranya"
	},
	"UY": {
		"name": "urugway"
	},
	"AU": {
		"name": "ustralya"
	},
	"UZ": {
		"name": "uzbakistan"
	},
	"WF": {
		"name": "walis d futuna"
	},
	"EH": {
		"name": "Western Sahara"
	},
	"YE": {
		"name": "yaman"
	},
	"ZM": {
		"name": "zambya"
	},
	"ZW": {
		"name": "zimbabwi"
	}
}