{
	"AF": {
		"name": "Afganistan"
	},
	"AL": {
		"name": "Albania"
	},
	"DZ": {
		"name": "Algeria"
	},
	"AS": {
		"name": "Amerika Samoa"
	},
	"AD": {
		"name": "Andorra"
	},
	"AO": {
		"name": "Angola"
	},
	"AI": {
		"name": "Anguilla"
	},
	"AQ": {
		"name": "Antarktis"
	},
	"AG": {
		"name": "Antigua já Barbuda"
	},
	"AE": {
		"name": "Arabiemirkodeh"
	},
	"AR": {
		"name": "Argentina"
	},
	"AM": {
		"name": "Armenia"
	},
	"AW": {
		"name": "Aruba"
	},
	"AC": {
		"name": "Ascension-suálui"
	},
	"AU": {
		"name": "Australia"
	},
	"AZ": {
		"name": "Azerbaidžan"
	},
	"BS": {
		"name": "Bahama"
	},
	"BH": {
		"name": "Bahrain"
	},
	"BD": {
		"name": "Bangladesh"
	},
	"BB": {
		"name": "Barbados"
	},
	"BE": {
		"name": "Belgia"
	},
	"BZ": {
		"name": "Belize"
	},
	"BJ": {
		"name": "Benin"
	},
	"BM": {
		"name": "Bermuda"
	},
	"BT": {
		"name": "Bhutan"
	},
	"BO": {
		"name": "Bolivia"
	},
	"BA": {
		"name": "Bosnia já Herzegovina"
	},
	"BW": {
		"name": "Botswana"
	},
	"BR": {
		"name": "Brasilia"
	},
	"IO": {
		"name": "Brittilâš India väldimeerâ kuávlu"
	},
	"VG": {
		"name": "Brittiliih Nieidâsuolluuh"
	},
	"BN": {
		"name": "Brunei"
	},
	"BG": {
		"name": "Bulgaria"
	},
	"BF": {
		"name": "Burkina Faso"
	},
	"BI": {
		"name": "Burundi"
	},
	"CV": {
		"name": "Cape Verde"
	},
	"BQ": {
		"name": "Caribbean Netherlands"
	},
	"KY": {
		"name": "Caymansuolluuh"
	},
	"EA": {
		"name": "Ceuta já Melilla"
	},
	"CL": {
		"name": "Chile"
	},
	"CG": {
		"name": "Congo - Brazzaville"
	},
	"CD": {
		"name": "Congo - Kinshasa"
	},
	"CK": {
		"name": "Cooksuolluuh"
	},
	"CR": {
		"name": "Costa Rica"
	},
	"CI": {
		"name": "Côte d’Ivoire"
	},
	"CW": {
		"name": "Curaçao"
	},
	"SJ": {
		"name": "Čokkeväärih já Jan Mayen"
	},
	"DG": {
		"name": "Diego Garcia"
	},
	"DJ": {
		"name": "Djibouti"
	},
	"DM": {
		"name": "Dominica"
	},
	"DO": {
		"name": "Dominikaanisâš täsiväldi"
	},
	"EC": {
		"name": "Ecuador"
	},
	"EE": {
		"name": "Eestieennâm"
	},
	"EG": {
		"name": "Egypti"
	},
	"SV": {
		"name": "El Salvador"
	},
	"ER": {
		"name": "Eritrea"
	},
	"ES": {
		"name": "Espanja"
	},
	"ET": {
		"name": "Etiopia"
	},
	"FK": {
		"name": "Falklandsuolluuh"
	},
	"FJ": {
		"name": "Fidži"
	},
	"PH": {
		"name": "Filipineh"
	},
	"FO": {
		"name": "Färsuolluuh"
	},
	"GA": {
		"name": "Gabon"
	},
	"GM": {
		"name": "Gambia"
	},
	"GE": {
		"name": "Georgia"
	},
	"GH": {
		"name": "Ghana"
	},
	"GI": {
		"name": "Gibraltar"
	},
	"GD": {
		"name": "Grenada"
	},
	"GL": {
		"name": "Grönland"
	},
	"GP": {
		"name": "Guadeloupe"
	},
	"GU": {
		"name": "Guam"
	},
	"GT": {
		"name": "Guatemala"
	},
	"GG": {
		"name": "Guernsey"
	},
	"GN": {
		"name": "Guinea"
	},
	"GW": {
		"name": "Guinea-Bissau"
	},
	"GY": {
		"name": "Guyana"
	},
	"HT": {
		"name": "Haiti"
	},
	"HN": {
		"name": "Honduras"
	},
	"HK": {
		"name": "Hongkong – Kiina e.h.k."
	},
	"IN": {
		"name": "India"
	},
	"ID": {
		"name": "Indonesia"
	},
	"IQ": {
		"name": "Irak"
	},
	"IR": {
		"name": "Iran"
	},
	"IE": {
		"name": "Irland"
	},
	"IS": {
		"name": "Island"
	},
	"IL": {
		"name": "Israel"
	},
	"IT": {
		"name": "Italia"
	},
	"JP": {
		"name": "Jaapaan"
	},
	"JM": {
		"name": "Jamaika"
	},
	"YE": {
		"name": "Jemen"
	},
	"JE": {
		"name": "Jersey"
	},
	"JO": {
		"name": "Jordan"
	},
	"CX": {
		"name": "Juovlâsuálui"
	},
	"KH": {
		"name": "Kambodža"
	},
	"CM": {
		"name": "Kamerun"
	},
	"CA": {
		"name": "Kanada"
	},
	"IC": {
		"name": "Kanariasuolluuh"
	},
	"KZ": {
		"name": "Kazakstan"
	},
	"KE": {
		"name": "Kenia"
	},
	"CN": {
		"name": "Kiina"
	},
	"KG": {
		"name": "Kirgisia"
	},
	"KI": {
		"name": "Kiribati"
	},
	"CO": {
		"name": "Kolumbia"
	},
	"KM": {
		"name": "Komoreh"
	},
	"CC": {
		"name": "Kookossuolluuh (Keelingsuolluuh)"
	},
	"CF": {
		"name": "Koskâ-Afrika täsiväldi"
	},
	"XK": {
		"name": "Kosovo"
	},
	"GR": {
		"name": "Kreikka"
	},
	"HR": {
		"name": "Kroatia"
	},
	"CU": {
		"name": "Kuuba"
	},
	"KW": {
		"name": "Kuwait"
	},
	"CY": {
		"name": "Kypros"
	},
	"LA": {
		"name": "Laos"
	},
	"LV": {
		"name": "Latvia"
	},
	"LS": {
		"name": "Lesotho"
	},
	"LB": {
		"name": "Libanon"
	},
	"LR": {
		"name": "Liberia"
	},
	"LY": {
		"name": "Libya"
	},
	"LI": {
		"name": "Liechtenstein"
	},
	"LT": {
		"name": "Liettua"
	},
	"LU": {
		"name": "Luxemburg"
	},
	"ZA": {
		"name": "Maadâ-Afrikka"
	},
	"GS": {
		"name": "Maadâ-Georgia já Máddááh Sandwichsuolluuh"
	},
	"KR": {
		"name": "Maadâ-Korea"
	},
	"SS": {
		"name": "Maadâ-Sudan"
	},
	"MO": {
		"name": "Macao - – Kiina e.h.k."
	},
	"MK": {
		"name": "Macedonia"
	},
	"MG": {
		"name": "Madagaskar"
	},
	"MW": {
		"name": "Malawi"
	},
	"MY": {
		"name": "Malaysia"
	},
	"MV": {
		"name": "Malediveh"
	},
	"ML": {
		"name": "Mali"
	},
	"MT": {
		"name": "Malta"
	},
	"IM": {
		"name": "Mansuálui"
	},
	"MA": {
		"name": "Marokko"
	},
	"MH": {
		"name": "Marshallsuolluuh"
	},
	"MQ": {
		"name": "Martinique"
	},
	"MR": {
		"name": "Mauritania"
	},
	"MU": {
		"name": "Mauritius"
	},
	"YT": {
		"name": "Mayotte"
	},
	"MX": {
		"name": "Meksiko"
	},
	"FM": {
		"name": "Mikronesia littoväldi"
	},
	"MD": {
		"name": "Moldova"
	},
	"MC": {
		"name": "Monaco"
	},
	"MN": {
		"name": "Mongolia"
	},
	"ME": {
		"name": "Montenegro"
	},
	"MS": {
		"name": "Montserrat"
	},
	"MZ": {
		"name": "Mosambik"
	},
	"MM": {
		"name": "Myanmar (Burma)"
	},
	"NA": {
		"name": "Namibia"
	},
	"NR": {
		"name": "Nauru"
	},
	"NP": {
		"name": "Nepal"
	},
	"NI": {
		"name": "Nicaragua"
	},
	"NE": {
		"name": "Niger"
	},
	"NG": {
		"name": "Nigeria"
	},
	"NU": {
		"name": "Niue"
	},
	"NF": {
		"name": "Norfolksuálui"
	},
	"AT": {
		"name": "Nuorttâriijkâ"
	},
	"OM": {
		"name": "Oman"
	},
	"GB": {
		"name": "Ovtâstum Kunâgâskodde"
	},
	"US": {
		"name": "Ovtâstum Staatah"
	},
	"VI": {
		"name": "Ovtâstum Staatâi Nieidâsuolluuh"
	},
	"UM": {
		"name": "Ovtâstum Staatâi sierânâssuolluuh"
	},
	"PK": {
		"name": "Pakistan"
	},
	"PW": {
		"name": "Palau"
	},
	"PS": {
		"name": "Palestinian Territories"
	},
	"PA": {
		"name": "Panama"
	},
	"PG": {
		"name": "Papua-Uđđâ-Guinea"
	},
	"PY": {
		"name": "Paraguay"
	},
	"GQ": {
		"name": "Peeivitäsideijee Guinea"
	},
	"PE": {
		"name": "Peru"
	},
	"PN": {
		"name": "Pitcairn"
	},
	"PT": {
		"name": "Portugal"
	},
	"PR": {
		"name": "Puerto Rico"
	},
	"PL": {
		"name": "Puola"
	},
	"QA": {
		"name": "Qatar"
	},
	"FR": {
		"name": "Ranska"
	},
	"GF": {
		"name": "Ranska Guyana"
	},
	"TF": {
		"name": "Ranska máddááh kuávluh"
	},
	"PF": {
		"name": "Ranska Polynesia"
	},
	"RE": {
		"name": "Réunion"
	},
	"RO": {
		"name": "Romania"
	},
	"RW": {
		"name": "Ruanda"
	},
	"RU": {
		"name": "Ruoššâ"
	},
	"SE": {
		"name": "Ruotâ"
	},
	"SH": {
		"name": "Saint Helena"
	},
	"DE": {
		"name": "Saksa"
	},
	"SB": {
		"name": "Salomosuolluuh"
	},
	"ZM": {
		"name": "Sambia"
	},
	"WS": {
		"name": "Samoa"
	},
	"SM": {
		"name": "San Marino"
	},
	"SA": {
		"name": "Saudi Arabia"
	},
	"SN": {
		"name": "Senegal"
	},
	"RS": {
		"name": "Serbia"
	},
	"SC": {
		"name": "Seychelleh"
	},
	"SL": {
		"name": "Sierra Leone"
	},
	"SG": {
		"name": "Singapore"
	},
	"SX": {
		"name": "Sint Maarten"
	},
	"SK": {
		"name": "Slovakia"
	},
	"SI": {
		"name": "Slovenia"
	},
	"SO": {
		"name": "Somalia"
	},
	"LK": {
		"name": "Sri Lanka"
	},
	"BL": {
		"name": "St. Barthélemy"
	},
	"KN": {
		"name": "St. Kitts já Nevis"
	},
	"LC": {
		"name": "St. Lucia"
	},
	"MF": {
		"name": "St. Martin"
	},
	"PM": {
		"name": "St. Pierre já Miquelon"
	},
	"VC": {
		"name": "St. Vincent já Grenadines"
	},
	"SD": {
		"name": "Sudan"
	},
	"FI": {
		"name": "Suomâ"
	},
	"SR": {
		"name": "Surinam"
	},
	"CH": {
		"name": "Sveitsi"
	},
	"SZ": {
		"name": "Swazieennâm"
	},
	"SY": {
		"name": "Syria"
	},
	"ST": {
		"name": "São Tomé já Príncipe"
	},
	"NO": {
		"name": "Taažâ"
	},
	"TJ": {
		"name": "Tadžikistan"
	},
	"TW": {
		"name": "Taiwan"
	},
	"TZ": {
		"name": "Tansania"
	},
	"DK": {
		"name": "Tanska"
	},
	"KP": {
		"name": "Tave-Korea"
	},
	"MP": {
		"name": "Tave-Marianeh"
	},
	"TH": {
		"name": "Thaieennâm"
	},
	"TL": {
		"name": "Timor-Leste"
	},
	"TG": {
		"name": "Togo"
	},
	"TK": {
		"name": "Tokelau"
	},
	"TO": {
		"name": "Tonga"
	},
	"TT": {
		"name": "Trinidad já Tobago"
	},
	"TA": {
		"name": "Tristan da Cunha"
	},
	"TD": {
		"name": "Tšad"
	},
	"CZ": {
		"name": "Tšekki"
	},
	"TN": {
		"name": "Tunisia"
	},
	"TR": {
		"name": "Turkki"
	},
	"TM": {
		"name": "Turkmenistan"
	},
	"TC": {
		"name": "Turks- já Caicossuolluuh"
	},
	"TV": {
		"name": "Tuvalu"
	},
	"NC": {
		"name": "Uđđâ-Kaledonia"
	},
	"NZ": {
		"name": "Uđđâ-Seeland"
	},
	"UG": {
		"name": "Uganda"
	},
	"UA": {
		"name": "Ukraina"
	},
	"HU": {
		"name": "Uŋgar"
	},
	"UY": {
		"name": "Uruguay"
	},
	"UZ": {
		"name": "Uzbekistan"
	},
	"VU": {
		"name": "Vanuatu"
	},
	"VA": {
		"name": "Vatikan"
	},
	"VE": {
		"name": "Venezuela"
	},
	"BY": {
		"name": "Vielgis-Ruoššâ"
	},
	"VN": {
		"name": "Vietnam"
	},
	"NL": {
		"name": "Vuáládâhenâmeh"
	},
	"AX": {
		"name": "Vuáskueennâm"
	},
	"WF": {
		"name": "Wallis já Futuna"
	},
	"EH": {
		"name": "Western Sahara"
	},
	"ZW": {
		"name": "Zimbabwe"
	}
}