{
	"AF": {
		"name": "Afgaanistaan"
	},
	"AX": {
		"name": "Åland Islands"
	},
	"AL": {
		"name": "Albaaniya"
	},
	"DZ": {
		"name": "Aljeeriya"
	},
	"AD": {
		"name": "Andora"
	},
	"AO": {
		"name": "Angoola"
	},
	"AI": {
		"name": "Anguilla"
	},
	"AQ": {
		"name": "Antarctica"
	},
	"AG": {
		"name": "Antigua iyo Barbuda"
	},
	"AR": {
		"name": "Arjantiin"
	},
	"AM": {
		"name": "Armeeniya"
	},
	"AW": {
		"name": "Aruba"
	},
	"AC": {
		"name": "Ascension Island"
	},
	"AU": {
		"name": "Awstaraaliya"
	},
	"AT": {
		"name": "Awsteriya"
	},
	"IE": {
		"name": "Ayrlaand"
	},
	"AZ": {
		"name": "Azerbajaan"
	},
	"BB": {
		"name": "Baarbadoos"
	},
	"BS": {
		"name": "Bahaamas"
	},
	"PK": {
		"name": "Bakistaan"
	},
	"BD": {
		"name": "Bangaaladheesh"
	},
	"BH": {
		"name": "Baxreyn"
	},
	"BY": {
		"name": "Belarus"
	},
	"BZ": {
		"name": "Belize"
	},
	"BM": {
		"name": "Bermuuda"
	},
	"BT": {
		"name": "Bhutan"
	},
	"BE": {
		"name": "Biljam"
	},
	"BJ": {
		"name": "Biniin"
	},
	"BO": {
		"name": "Boliifiya"
	},
	"PL": {
		"name": "Booland"
	},
	"PT": {
		"name": "Bortuqaal"
	},
	"BA": {
		"name": "Bosniya Hersigoviina"
	},
	"BW": {
		"name": "Botuswaana"
	},
	"BR": {
		"name": "Braasiil"
	},
	"IO": {
		"name": "British Indian Ocean Territory"
	},
	"VG": {
		"name": "British Virgin Islands"
	},
	"BG": {
		"name": "Bulgaariya"
	},
	"BF": {
		"name": "Burkiina Faaso"
	},
	"BI": {
		"name": "Burundi"
	},
	"BN": {
		"name": "Buruneeya"
	},
	"IC": {
		"name": "Canary Islands"
	},
	"CV": {
		"name": "Cape Verde Islands"
	},
	"BQ": {
		"name": "Caribbean Netherlands"
	},
	"KY": {
		"name": "Cayman Islands"
	},
	"EA": {
		"name": "Ceuta & Melilla"
	},
	"CX": {
		"name": "Christmas Island"
	},
	"IQ": {
		"name": "Ciraaq"
	},
	"CC": {
		"name": "Cocos (Keeling) Islands"
	},
	"OM": {
		"name": "Cumaan"
	},
	"CW": {
		"name": "Curaçao"
	},
	"DK": {
		"name": "Denmark"
	},
	"DG": {
		"name": "Diego Garcia"
	},
	"DM": {
		"name": "Domeenika"
	},
	"SV": {
		"name": "El Salvador"
	},
	"GQ": {
		"name": "Equatorial Guinea"
	},
	"ER": {
		"name": "Eretereeya"
	},
	"EE": {
		"name": "Estooniya"
	},
	"VA": {
		"name": "Faatikaan"
	},
	"PS": {
		"name": "Falastiin Daanka galbeed iyo Qasa"
	},
	"FR": {
		"name": "Faransiis"
	},
	"FO": {
		"name": "Faroe Islands"
	},
	"VE": {
		"name": "Fenisuweela"
	},
	"FJ": {
		"name": "Fiji"
	},
	"PH": {
		"name": "Filibiin"
	},
	"FI": {
		"name": "Finland"
	},
	"VN": {
		"name": "Fiyetnaam"
	},
	"GF": {
		"name": "French Guiana"
	},
	"PF": {
		"name": "French Polynesia"
	},
	"TF": {
		"name": "French Southern Territories"
	},
	"GA": {
		"name": "Gaaboon"
	},
	"GH": {
		"name": "Gaana"
	},
	"GM": {
		"name": "Gambiya"
	},
	"GI": {
		"name": "Gibraltar"
	},
	"GN": {
		"name": "Gini"
	},
	"GW": {
		"name": "Gini-Bisaaw"
	},
	"GR": {
		"name": "Giriig"
	},
	"GD": {
		"name": "Giriinaada"
	},
	"GL": {
		"name": "Greenland"
	},
	"GP": {
		"name": "Guadeloupe"
	},
	"GU": {
		"name": "Guam"
	},
	"GG": {
		"name": "Guernsey"
	},
	"GT": {
		"name": "Guwaatamaala"
	},
	"GY": {
		"name": "Guyana"
	},
	"HU": {
		"name": "Hangeri"
	},
	"HT": {
		"name": "Hayti"
	},
	"IN": {
		"name": "Hindiya"
	},
	"HN": {
		"name": "Honduras"
	},
	"HK": {
		"name": "Hong Kong SAR China"
	},
	"IR": {
		"name": "Iiraan"
	},
	"IS": {
		"name": "Iislaand"
	},
	"EC": {
		"name": "Ikuwadoor"
	},
	"AE": {
		"name": "Imaaraadka Carabta ee Midoobay"
	},
	"ID": {
		"name": "Indoneesiya"
	},
	"ES": {
		"name": "Isbeyn"
	},
	"IM": {
		"name": "Isle of Man"
	},
	"IL": {
		"name": "Israaʼiil"
	},
	"SZ": {
		"name": "Iswaasilaand"
	},
	"SE": {
		"name": "Iswidhan"
	},
	"ET": {
		"name": "Itoobiya"
	},
	"CI": {
		"name": "Ivory coast"
	},
	"TD": {
		"name": "Jaad"
	},
	"JP": {
		"name": "Jabaan"
	},
	"DJ": {
		"name": "Jabuuti"
	},
	"JM": {
		"name": "Jameyka"
	},
	"CF": {
		"name": "Jamhuuriyadda Afrikada Dhexe"
	},
	"CD": {
		"name": "Jamhuuriyadda Dimuquraadiga Kongo"
	},
	"DO": {
		"name": "Jamhuuriyadda Domeenika"
	},
	"CZ": {
		"name": "Jamhuuriyadda Jek"
	},
	"DE": {
		"name": "Jarmal"
	},
	"FK": {
		"name": "Jaziiradaha Fooklaan"
	},
	"CK": {
		"name": "Jaziiradda Cook"
	},
	"JE": {
		"name": "Jersey"
	},
	"CL": {
		"name": "Jili"
	},
	"GE": {
		"name": "Joorjiya"
	},
	"CM": {
		"name": "Kaameruun"
	},
	"KH": {
		"name": "Kamboodiya"
	},
	"CA": {
		"name": "Kanada"
	},
	"KZ": {
		"name": "Kasaakhistaan"
	},
	"KE": {
		"name": "Kiiniya"
	},
	"KG": {
		"name": "Kirgistaan"
	},
	"KI": {
		"name": "Kiribati"
	},
	"CO": {
		"name": "Kolombiya"
	},
	"KM": {
		"name": "Komooros"
	},
	"CG": {
		"name": "Kongo"
	},
	"ZA": {
		"name": "Koonfur Afrika"
	},
	"HR": {
		"name": "Korweeshiya"
	},
	"XK": {
		"name": "Kosovo"
	},
	"CR": {
		"name": "Kosta Riika"
	},
	"CU": {
		"name": "Kuuba"
	},
	"KR": {
		"name": "Kuuriyada Koonfureed"
	},
	"KP": {
		"name": "Kuuriyada Waqooyi"
	},
	"KW": {
		"name": "Kuwayt"
	},
	"LA": {
		"name": "Laos"
	},
	"LV": {
		"name": "Latfiya"
	},
	"LR": {
		"name": "Laybeeriya"
	},
	"LI": {
		"name": "Liechtenstein"
	},
	"LY": {
		"name": "Liibiya"
	},
	"LT": {
		"name": "Lituweeniya"
	},
	"LS": {
		"name": "Losooto"
	},
	"LB": {
		"name": "Lubnaan"
	},
	"LU": {
		"name": "Luksemboorg"
	},
	"MT": {
		"name": "Maalda"
	},
	"MV": {
		"name": "Maaldiqeen"
	},
	"ML": {
		"name": "Maali"
	},
	"MO": {
		"name": "Macau SAR China"
	},
	"MG": {
		"name": "Madagaskar"
	},
	"MK": {
		"name": "Makadooniya"
	},
	"MW": {
		"name": "Malaawi"
	},
	"MY": {
		"name": "Malaysia"
	},
	"US": {
		"name": "Maraykanka"
	},
	"MA": {
		"name": "Marooko"
	},
	"MH": {
		"name": "Marshall Islands"
	},
	"MQ": {
		"name": "Martinique"
	},
	"EG": {
		"name": "Masar"
	},
	"YT": {
		"name": "Mayotte"
	},
	"MX": {
		"name": "Meksiko"
	},
	"FM": {
		"name": "Micronesia"
	},
	"MM": {
		"name": "Miyanmar"
	},
	"MD": {
		"name": "Moldofa"
	},
	"MN": {
		"name": "Mongooliya"
	},
	"ME": {
		"name": "Montenegro"
	},
	"MS": {
		"name": "Montserrat"
	},
	"MC": {
		"name": "Moonako"
	},
	"MU": {
		"name": "Murishiyoos"
	},
	"MR": {
		"name": "Muritaaniya"
	},
	"MZ": {
		"name": "Musambiig"
	},
	"NA": {
		"name": "Namiibiya"
	},
	"NR": {
		"name": "Nauru"
	},
	"NG": {
		"name": "Nayjeeriya"
	},
	"NE": {
		"name": "Nayjer"
	},
	"NP": {
		"name": "Nebaal"
	},
	"NL": {
		"name": "Netherlands"
	},
	"NC": {
		"name": "New Caledonia"
	},
	"NZ": {
		"name": "Neyuusilaand"
	},
	"NI": {
		"name": "Nikaraaguwa"
	},
	"NU": {
		"name": "Niue"
	},
	"NO": {
		"name": "Noorweey"
	},
	"NF": {
		"name": "Norfolk Island"
	},
	"MP": {
		"name": "Northern Mariana Islands"
	},
	"PW": {
		"name": "Palau"
	},
	"PA": {
		"name": "Panama"
	},
	"PG": {
		"name": "Papua New Guinea"
	},
	"PY": {
		"name": "Paraguay"
	},
	"PE": {
		"name": "Peru"
	},
	"PN": {
		"name": "Pitcairn"
	},
	"PR": {
		"name": "Puerto Rico"
	},
	"QA": {
		"name": "Qadar"
	},
	"CY": {
		"name": "Qubrus"
	},
	"RE": {
		"name": "Réunion"
	},
	"RO": {
		"name": "Rumaaniya"
	},
	"RU": {
		"name": "Ruush"
	},
	"RW": {
		"name": "Ruwanda"
	},
	"ZM": {
		"name": "Saambiya"
	},
	"SA": {
		"name": "Sacuudi Carabiya"
	},
	"SH": {
		"name": "Saint Helena"
	},
	"KN": {
		"name": "Saint Kitts and Nevis"
	},
	"LC": {
		"name": "Saint Lucia"
	},
	"PM": {
		"name": "Saint Pierre and Miquelon"
	},
	"VC": {
		"name": "Saint Vincent and the Grenadines"
	},
	"WS": {
		"name": "Samoa"
	},
	"AS": {
		"name": "Samowa Ameerika"
	},
	"SM": {
		"name": "San Marino"
	},
	"ST": {
		"name": "São Tomé and Príncipe"
	},
	"RS": {
		"name": "Serbia"
	},
	"CN": {
		"name": "Shiinaha"
	},
	"ZW": {
		"name": "Simbaabwe"
	},
	"SG": {
		"name": "Singaboor"
	},
	"SN": {
		"name": "Sinigaal"
	},
	"SX": {
		"name": "Sint Maarten"
	},
	"SL": {
		"name": "Siraaliyoon"
	},
	"LK": {
		"name": "Sirilaanka"
	},
	"SC": {
		"name": "Sishelis"
	},
	"SK": {
		"name": "Slovakia"
	},
	"SI": {
		"name": "Slovenia"
	},
	"SB": {
		"name": "Solomon Islands"
	},
	"SO": {
		"name": "Soomaaliya"
	},
	"GS": {
		"name": "South Georgia & South Sandwich Islands"
	},
	"SS": {
		"name": "South Sudan"
	},
	"BL": {
		"name": "St. Barthélemy"
	},
	"MF": {
		"name": "St. Martin"
	},
	"SR": {
		"name": "Suriname"
	},
	"SD": {
		"name": "Suudaan"
	},
	"SY": {
		"name": "Suuriya"
	},
	"SJ": {
		"name": "Svalbard & Jan Mayen"
	},
	"CH": {
		"name": "Swiiserlaand"
	},
	"TJ": {
		"name": "Tajikistan"
	},
	"IT": {
		"name": "Talyaani"
	},
	"TZ": {
		"name": "Tansaaniya"
	},
	"TH": {
		"name": "Taylaand"
	},
	"TW": {
		"name": "Taywaan"
	},
	"TL": {
		"name": "Timorka bari"
	},
	"TK": {
		"name": "Tokelau"
	},
	"TO": {
		"name": "Tonga"
	},
	"TG": {
		"name": "Toogo"
	},
	"TT": {
		"name": "Trinidad and Tobago"
	},
	"TA": {
		"name": "Tristan da Cunha"
	},
	"TN": {
		"name": "Tuniisiya"
	},
	"TR": {
		"name": "Turki"
	},
	"TM": {
		"name": "Turkmenistan"
	},
	"TC": {
		"name": "Turks and Caicos Islands"
	},
	"TV": {
		"name": "Tuvalu"
	},
	"UM": {
		"name": "U.S. Outlying Islands"
	},
	"VI": {
		"name": "U.S. Virgin Islands"
	},
	"UG": {
		"name": "Ugaanda"
	},
	"UA": {
		"name": "Ukrayn"
	},
	"GB": {
		"name": "United Kingdom"
	},
	"JO": {
		"name": "Urdun"
	},
	"UY": {
		"name": "Uruguwaay"
	},
	"UZ": {
		"name": "Uusbakistaan"
	},
	"VU": {
		"name": "Vanuatu"
	},
	"WF": {
		"name": "Wallis and Futuna"
	},
	"EH": {
		"name": "Western Sahara"
	},
	"YE": {
		"name": "Yaman"
	}
}