{
	"AF": {
		"name": "Afganistan"
	},
	"ZA": {
		"name": "Afrika e Jugut"
	},
	"DZ": {
		"name": "Algjeri"
	},
	"AD": {
		"name": "Andorrë"
	},
	"AO": {
		"name": "Angolë"
	},
	"AI": {
		"name": "Anguilë"
	},
	"AQ": {
		"name": "Antarktikë"
	},
	"AG": {
		"name": "Antigua e Barbuda"
	},
	"SA": {
		"name": "Arabia Saudite"
	},
	"AR": {
		"name": "Argjentinë"
	},
	"AM": {
		"name": "Armeni"
	},
	"AW": {
		"name": "Arubë"
	},
	"AU": {
		"name": "Australi"
	},
	"AT": {
		"name": "Austri"
	},
	"AZ": {
		"name": "Azerbajxhan"
	},
	"BS": {
		"name": "Bahamas"
	},
	"BH": {
		"name": "Bahrejn"
	},
	"BD": {
		"name": "Bangladesh"
	},
	"BB": {
		"name": "Barbados"
	},
	"BE": {
		"name": "Belgjikë"
	},
	"BZ": {
		"name": "Belizë"
	},
	"BJ": {
		"name": "Benin"
	},
	"BM": {
		"name": "Bermudë"
	},
	"BY": {
		"name": "Bjellorusi"
	},
	"BO": {
		"name": "Bolivi"
	},
	"BA": {
		"name": "Bosnjë-Hercegovinë"
	},
	"BW": {
		"name": "Botsvanë"
	},
	"BR": {
		"name": "Brazil"
	},
	"BN": {
		"name": "Brunei"
	},
	"BG": {
		"name": "Bullgari"
	},
	"BF": {
		"name": "Burkina-Faso"
	},
	"BI": {
		"name": "Burundi"
	},
	"BT": {
		"name": "Butan"
	},
	"CI": {
		"name": "Côte d’Ivoire"
	},
	"TD": {
		"name": "Çad"
	},
	"DK": {
		"name": "Danimarkë"
	},
	"DG": {
		"name": "Diego-Garsia"
	},
	"DM": {
		"name": "Dominikë"
	},
	"EG": {
		"name": "Egjipt"
	},
	"EC": {
		"name": "Ekuador"
	},
	"AE": {
		"name": "Emiratet e Bashkuara Arabe"
	},
	"ER": {
		"name": "Eritre"
	},
	"EE": {
		"name": "Estoni"
	},
	"ET": {
		"name": "Etiopi"
	},
	"PH": {
		"name": "Filipine"
	},
	"FI": {
		"name": "Finlandë"
	},
	"FJ": {
		"name": "Fixhi"
	},
	"FR": {
		"name": "Francë"
	},
	"GA": {
		"name": "Gabon"
	},
	"GM": {
		"name": "Gambia"
	},
	"GH": {
		"name": "Ganë"
	},
	"GG": {
		"name": "Gernsej"
	},
	"GD": {
		"name": "Grenadë"
	},
	"GL": {
		"name": "Grenlandë"
	},
	"GR": {
		"name": "Greqi"
	},
	"GP": {
		"name": "Guadalupe"
	},
	"GF": {
		"name": "Guajana Franceze"
	},
	"GY": {
		"name": "Guajanë"
	},
	"GU": {
		"name": "Guam"
	},
	"GT": {
		"name": "Guatemalë"
	},
	"GN": {
		"name": "Guine"
	},
	"GW": {
		"name": "Guine-Bisau"
	},
	"GQ": {
		"name": "Guineja Ekuatoriale"
	},
	"GE": {
		"name": "Gjeorgji"
	},
	"DE": {
		"name": "Gjermani"
	},
	"GI": {
		"name": "Gjibraltar"
	},
	"HT": {
		"name": "Haiti"
	},
	"NL": {
		"name": "Holandë"
	},
	"HN": {
		"name": "Honduras"
	},
	"HU": {
		"name": "Hungari"
	},
	"IN": {
		"name": "Indi"
	},
	"ID": {
		"name": "Indonezi"
	},
	"IQ": {
		"name": "Irak"
	},
	"IR": {
		"name": "Iran"
	},
	"IE": {
		"name": "Irlandë"
	},
	"IS": {
		"name": "Islandë"
	},
	"AX": {
		"name": "Ishujt Alandë"
	},
	"MP": {
		"name": "Ishujt e Marianës Veriore"
	},
	"VI": {
		"name": "Ishujt e Virgjër Amerikanë"
	},
	"VG": {
		"name": "Ishujt e Virgjër Britanikë"
	},
	"FK": {
		"name": "Ishujt Falkland"
	},
	"FO": {
		"name": "Ishujt Faroe"
	},
	"KY": {
		"name": "Ishujt Kajman"
	},
	"IC": {
		"name": "Ishujt Kanarie"
	},
	"CC": {
		"name": "Ishujt Kokos"
	},
	"CK": {
		"name": "Ishujt Kuk"
	},
	"MH": {
		"name": "Ishujt Marshall"
	},
	"UM": {
		"name": "Ishujt periferikë të SHBA-së"
	},
	"PN": {
		"name": "Ishujt Pitkern"
	},
	"SB": {
		"name": "Ishujt Solomon"
	},
	"TC": {
		"name": "Ishujt Turks dhe Kaikos"
	},
	"AC": {
		"name": "Ishulli Asenshion"
	},
	"CX": {
		"name": "Ishulli i Krishtlindjes"
	},
	"IM": {
		"name": "Ishulli i Manit"
	},
	"NF": {
		"name": "Ishulli Norfolk"
	},
	"IT": {
		"name": "Itali"
	},
	"IL": {
		"name": "Izrael"
	},
	"JP": {
		"name": "Japoni"
	},
	"YE": {
		"name": "Jemen"
	},
	"JO": {
		"name": "Jordani"
	},
	"NC": {
		"name": "Kaledonia e Re"
	},
	"KH": {
		"name": "Kamboxhia"
	},
	"CM": {
		"name": "Kamerun"
	},
	"CA": {
		"name": "Kanada"
	},
	"BQ": {
		"name": "Karaibet holandeze"
	},
	"QA": {
		"name": "Katar"
	},
	"KZ": {
		"name": "Kazakistan"
	},
	"KE": {
		"name": "Kenia"
	},
	"CV": {
		"name": "Kepi i Gjelbër"
	},
	"CL": {
		"name": "Kili"
	},
	"CN": {
		"name": "Kinë"
	},
	"KG": {
		"name": "Kirgistan"
	},
	"KI": {
		"name": "Kiribati"
	},
	"CO": {
		"name": "Kolumbi"
	},
	"KM": {
		"name": "Komore"
	},
	"CG": {
		"name": "Kongo-Brazavilë"
	},
	"CD": {
		"name": "Kongo-Kinshasa"
	},
	"KR": {
		"name": "Koreja e Jugut"
	},
	"KP": {
		"name": "Koreja e Veriut"
	},
	"XK": {
		"name": "Kosovë"
	},
	"CR": {
		"name": "Kosta-Rikë"
	},
	"HR": {
		"name": "Kroaci"
	},
	"CU": {
		"name": "Kubë"
	},
	"CW": {
		"name": "Kuraçao"
	},
	"KW": {
		"name": "Kuvajt"
	},
	"LA": {
		"name": "Laos"
	},
	"LS": {
		"name": "Lesoto"
	},
	"LV": {
		"name": "Letoni"
	},
	"LB": {
		"name": "Liban"
	},
	"LR": {
		"name": "Liberi"
	},
	"LY": {
		"name": "Libi"
	},
	"LI": {
		"name": "Lihtenshtajn"
	},
	"LT": {
		"name": "Lituani"
	},
	"LU": {
		"name": "Luksemburg"
	},
	"MG": {
		"name": "Madagaskar"
	},
	"YT": {
		"name": "Majotë"
	},
	"ME": {
		"name": "Mal i Zi"
	},
	"MY": {
		"name": "Malajzi"
	},
	"MW": {
		"name": "Malavi"
	},
	"MV": {
		"name": "Maldive"
	},
	"ML": {
		"name": "Mali"
	},
	"MT": {
		"name": "Maltë"
	},
	"MK": {
		"name": "Maqedoni"
	},
	"MA": {
		"name": "Marok"
	},
	"MQ": {
		"name": "Martinikë"
	},
	"MR": {
		"name": "Mauritani"
	},
	"MU": {
		"name": "Mauritius"
	},
	"GB": {
		"name": "Mbretëria e Bashkuar"
	},
	"MX": {
		"name": "Meksikë"
	},
	"MM": {
		"name": "Mianmar (Burma)"
	},
	"FM": {
		"name": "Mikronezi"
	},
	"MD": {
		"name": "Moldavi"
	},
	"MC": {
		"name": "Monako"
	},
	"MN": {
		"name": "Mongoli"
	},
	"MS": {
		"name": "Montserat"
	},
	"MZ": {
		"name": "Mozambik"
	},
	"NA": {
		"name": "Namibi"
	},
	"NR": {
		"name": "Nauru"
	},
	"NP": {
		"name": "Nepal"
	},
	"NE": {
		"name": "Niger"
	},
	"NG": {
		"name": "Nigeri"
	},
	"NI": {
		"name": "Nikaragua"
	},
	"NU": {
		"name": "Niue"
	},
	"NO": {
		"name": "Norvegji"
	},
	"OM": {
		"name": "Oman"
	},
	"PK": {
		"name": "Pakistan"
	},
	"PW": {
		"name": "Palau"
	},
	"PA": {
		"name": "Panama"
	},
	"PG": {
		"name": "Papua Guineja e Re"
	},
	"PY": {
		"name": "Paraguai"
	},
	"PE": {
		"name": "Peru"
	},
	"PF": {
		"name": "Polinezia Franceze"
	},
	"PL": {
		"name": "Poloni"
	},
	"PR": {
		"name": "Porto-Riko"
	},
	"PT": {
		"name": "Portugali"
	},
	"CY": {
		"name": "Qipro"
	},
	"CF": {
		"name": "Repubika e Afrikës Qendrore"
	},
	"CZ": {
		"name": "Republika Çeke"
	},
	"DO": {
		"name": "Republika Dominikane"
	},
	"RE": {
		"name": "Reunion"
	},
	"RW": {
		"name": "Ruandë"
	},
	"RO": {
		"name": "Rumani"
	},
	"RU": {
		"name": "Rusi"
	},
	"HK": {
		"name": "RVAK i Hong Kongut"
	},
	"MO": {
		"name": "RVAK i Makaos"
	},
	"EH": {
		"name": "Saharaja Perëndimore"
	},
	"SV": {
		"name": "Salvador"
	},
	"WS": {
		"name": "Samoa"
	},
	"AS": {
		"name": "Samoa Amerikane"
	},
	"SM": {
		"name": "San-Marino"
	},
	"ST": {
		"name": "Sao-Tome e Prinsipe"
	},
	"SC": {
		"name": "Sejshelle"
	},
	"SN": {
		"name": "Senegal"
	},
	"RS": {
		"name": "Serbi"
	},
	"SL": {
		"name": "Siera-Leone"
	},
	"SG": {
		"name": "Singapor"
	},
	"SX": {
		"name": "Sint Marten"
	},
	"SY": {
		"name": "Siri"
	},
	"SK": {
		"name": "Sllovaki"
	},
	"SI": {
		"name": "Slloveni"
	},
	"SO": {
		"name": "Somali"
	},
	"ES": {
		"name": "Spanjë"
	},
	"LK": {
		"name": "Sri-Lankë"
	},
	"SD": {
		"name": "Sudan"
	},
	"SS": {
		"name": "Sudani i Jugut"
	},
	"SE": {
		"name": "Suedi"
	},
	"SR": {
		"name": "Surinami"
	},
	"SJ": {
		"name": "Svalbard e Jan-Majen"
	},
	"SZ": {
		"name": "Svazilandë"
	},
	"BL": {
		"name": "Shën Bartolomeu"
	},
	"KN": {
		"name": "Shën Kits dhe Nevis"
	},
	"PM": {
		"name": "Shën Pier dhe Mikelon"
	},
	"VC": {
		"name": "Shën Vincent dhe Grenadine"
	},
	"SH": {
		"name": "Shën-Helenë"
	},
	"LC": {
		"name": "Shën-Luçia"
	},
	"MF": {
		"name": "Shën-Martin"
	},
	"AL": {
		"name": "Shqipëri"
	},
	"US": {
		"name": "Shtetet e Bashkuara të Amerikës"
	},
	"TH": {
		"name": "Tajlandë"
	},
	"TW": {
		"name": "Tajvan"
	},
	"TZ": {
		"name": "Tanzani"
	},
	"TJ": {
		"name": "Taxhikistan"
	},
	"TF": {
		"name": "Territoret Jugore Franceze"
	},
	"PS": {
		"name": "Territoret Palestineze"
	},
	"IO": {
		"name": "Territori Britanik i Oqeanit Indian"
	},
	"TL": {
		"name": "Timor-Leste"
	},
	"TG": {
		"name": "Togo"
	},
	"TK": {
		"name": "Tokelau"
	},
	"TO": {
		"name": "Tonga"
	},
	"TT": {
		"name": "Trinidad e Tobago"
	},
	"TA": {
		"name": "Tristan-da-Kuna"
	},
	"TN": {
		"name": "Tunizi"
	},
	"TM": {
		"name": "Turkmenistan"
	},
	"TR": {
		"name": "Turqi"
	},
	"TV": {
		"name": "Tuvalu"
	},
	"EA": {
		"name": "Theuta e Melila"
	},
	"UG": {
		"name": "Ugandë"
	},
	"UA": {
		"name": "Ukrainë"
	},
	"WF": {
		"name": "Uollis e Futuna"
	},
	"UY": {
		"name": "Uruguai"
	},
	"UZ": {
		"name": "Uzbekistan"
	},
	"VU": {
		"name": "Vanuatu"
	},
	"VA": {
		"name": "Vatikan"
	},
	"VE": {
		"name": "Venezuelë"
	},
	"VN": {
		"name": "Vietnam"
	},
	"JM": {
		"name": "Xhamajkë"
	},
	"JE": {
		"name": "Xhersej"
	},
	"DJ": {
		"name": "Xhibuti"
	},
	"GS": {
		"name": "Xhorxha Jugore dhe Ishujt Senduiçë të Jugut"
	},
	"ZM": {
		"name": "Zambia"
	},
	"NZ": {
		"name": "Zelandë e Re"
	},
	"ZW": {
		"name": "Zimbabve"
	},
	"CH": {
		"name": "Zvicër"
	}
}