{
	"AL": {
		"name": "Albanija"
	},
	"DZ": {
		"name": "Alžir"
	},
	"VI": {
		"name": "Američka Devičanska Ostrva"
	},
	"AS": {
		"name": "Američka Samoa"
	},
	"AD": {
		"name": "Andora"
	},
	"AO": {
		"name": "Angola"
	},
	"AI": {
		"name": "Angvila"
	},
	"AQ": {
		"name": "Antarktik"
	},
	"AG": {
		"name": "Antigva i Barbuda"
	},
	"AR": {
		"name": "Argentina"
	},
	"AW": {
		"name": "Aruba"
	},
	"AU": {
		"name": "Australija"
	},
	"AT": {
		"name": "Austrija"
	},
	"AF": {
		"name": "Avganistan"
	},
	"AZ": {
		"name": "Azerbejdžan"
	},
	"BS": {
		"name": "Bahami"
	},
	"BH": {
		"name": "Bahrein"
	},
	"BD": {
		"name": "Bangladeš"
	},
	"BB": {
		"name": "Barbados"
	},
	"BE": {
		"name": "Belgija"
	},
	"BZ": {
		"name": "Belize"
	},
	"BY": {
		"name": "Belorusija"
	},
	"BJ": {
		"name": "Benin"
	},
	"BM": {
		"name": "Bermuda"
	},
	"BW": {
		"name": "Bocvana"
	},
	"BO": {
		"name": "Bolivija"
	},
	"BA": {
		"name": "Bosna i Hercegovina"
	},
	"CX": {
		"name": "Božićno Ostrvo"
	},
	"BR": {
		"name": "Brazil"
	},
	"VG": {
		"name": "Britanska Devičanska Ostrva"
	},
	"IO": {
		"name": "Britanska teritorija Indijskog okeana"
	},
	"BN": {
		"name": "Brunej"
	},
	"BG": {
		"name": "Bugarska"
	},
	"BF": {
		"name": "Burkina Faso"
	},
	"BI": {
		"name": "Burundi"
	},
	"BT": {
		"name": "Butan"
	},
	"CF": {
		"name": "Centralnoafrička Republika"
	},
	"ME": {
		"name": "Crna Gora"
	},
	"TD": {
		"name": "Čad"
	},
	"CZ": {
		"name": "Češka"
	},
	"CL": {
		"name": "Čile"
	},
	"DK": {
		"name": "Danska"
	},
	"DG": {
		"name": "Dijego Garsija"
	},
	"DM": {
		"name": "Dominika"
	},
	"DO": {
		"name": "Dominikanska Republika"
	},
	"JE": {
		"name": "Džerzi"
	},
	"DJ": {
		"name": "Džibuti"
	},
	"EG": {
		"name": "Egipat"
	},
	"EC": {
		"name": "Ekvador"
	},
	"GQ": {
		"name": "Ekvatorijalna Gvineja"
	},
	"ER": {
		"name": "Eritreja"
	},
	"EE": {
		"name": "Estonija"
	},
	"ET": {
		"name": "Etiopija"
	},
	"FO": {
		"name": "Farska Ostrva"
	},
	"FJ": {
		"name": "Fidži"
	},
	"PH": {
		"name": "Filipini"
	},
	"FI": {
		"name": "Finska"
	},
	"FK": {
		"name": "Foklandska Ostrva"
	},
	"FR": {
		"name": "Francuska"
	},
	"GF": {
		"name": "Francuska Gvajana"
	},
	"PF": {
		"name": "Francuska Polinezija"
	},
	"TF": {
		"name": "Francuske Južne Teritorije"
	},
	"GA": {
		"name": "Gabon"
	},
	"GM": {
		"name": "Gambija"
	},
	"GH": {
		"name": "Gana"
	},
	"GG": {
		"name": "Gernzi"
	},
	"GI": {
		"name": "Gibraltar"
	},
	"GR": {
		"name": "Grčka"
	},
	"GD": {
		"name": "Grenada"
	},
	"GL": {
		"name": "Grenland"
	},
	"GE": {
		"name": "Gruzija"
	},
	"GU": {
		"name": "Guam"
	},
	"GP": {
		"name": "Gvadelup"
	},
	"GY": {
		"name": "Gvajana"
	},
	"GT": {
		"name": "Gvatemala"
	},
	"GN": {
		"name": "Gvineja"
	},
	"GW": {
		"name": "Gvineja-Bisao"
	},
	"HT": {
		"name": "Haiti"
	},
	"NL": {
		"name": "Holandija"
	},
	"HN": {
		"name": "Honduras"
	},
	"HR": {
		"name": "Hrvatska"
	},
	"IN": {
		"name": "Indija"
	},
	"ID": {
		"name": "Indonezija"
	},
	"IQ": {
		"name": "Irak"
	},
	"IR": {
		"name": "Iran"
	},
	"IE": {
		"name": "Irska"
	},
	"IS": {
		"name": "Island"
	},
	"TL": {
		"name": "Istočni Timor"
	},
	"IT": {
		"name": "Italija"
	},
	"IL": {
		"name": "Izrael"
	},
	"JM": {
		"name": "Jamajka"
	},
	"JP": {
		"name": "Japan"
	},
	"YE": {
		"name": "Jemen"
	},
	"AM": {
		"name": "Jermenija"
	},
	"JO": {
		"name": "Jordan"
	},
	"GS": {
		"name": "Južna Džordžija i Južna Sendvička Ostrva"
	},
	"KR": {
		"name": "Južna Koreja"
	},
	"SS": {
		"name": "Južni Sudan"
	},
	"ZA": {
		"name": "Južnoafrička Republika"
	},
	"KY": {
		"name": "Kajmanska Ostrva"
	},
	"KH": {
		"name": "Kambodža"
	},
	"CM": {
		"name": "Kamerun"
	},
	"CA": {
		"name": "Kanada"
	},
	"IC": {
		"name": "Kanarska Ostrva"
	},
	"BQ": {
		"name": "Karipska Holandija"
	},
	"QA": {
		"name": "Katar"
	},
	"KZ": {
		"name": "Kazahstan"
	},
	"KE": {
		"name": "Kenija"
	},
	"CN": {
		"name": "Kina"
	},
	"CY": {
		"name": "Kipar"
	},
	"KG": {
		"name": "Kirgistan"
	},
	"KI": {
		"name": "Kiribati"
	},
	"CC": {
		"name": "Kokosova (Kilingova) Ostrva"
	},
	"CO": {
		"name": "Kolumbija"
	},
	"KM": {
		"name": "Komorska Ostrva"
	},
	"CG": {
		"name": "Kongo - Brazavil"
	},
	"CD": {
		"name": "Kongo - Kinšasa"
	},
	"XK": {
		"name": "Kosovo"
	},
	"CR": {
		"name": "Kostarika"
	},
	"CU": {
		"name": "Kuba"
	},
	"CK": {
		"name": "Kukova Ostrva"
	},
	"CW": {
		"name": "Kurasao"
	},
	"KW": {
		"name": "Kuvajt"
	},
	"LA": {
		"name": "Laos"
	},
	"LS": {
		"name": "Lesoto"
	},
	"LV": {
		"name": "Letonija"
	},
	"LB": {
		"name": "Liban"
	},
	"LR": {
		"name": "Liberija"
	},
	"LY": {
		"name": "Libija"
	},
	"LI": {
		"name": "Lihtenštajn"
	},
	"LT": {
		"name": "Litvanija"
	},
	"LU": {
		"name": "Luksemburg"
	},
	"MG": {
		"name": "Madagaskar"
	},
	"HU": {
		"name": "Mađarska"
	},
	"YT": {
		"name": "Majot"
	},
	"MK": {
		"name": "Makedonija"
	},
	"MW": {
		"name": "Malavi"
	},
	"MV": {
		"name": "Maldivi"
	},
	"MY": {
		"name": "Malezija"
	},
	"ML": {
		"name": "Mali"
	},
	"MT": {
		"name": "Malta"
	},
	"MA": {
		"name": "Maroko"
	},
	"MH": {
		"name": "Maršalska Ostrva"
	},
	"MQ": {
		"name": "Martinik"
	},
	"MU": {
		"name": "Mauricijus"
	},
	"MR": {
		"name": "Mauritanija"
	},
	"MX": {
		"name": "Meksiko"
	},
	"MM": {
		"name": "Mijanmar (Burma)"
	},
	"FM": {
		"name": "Mikronezija"
	},
	"MD": {
		"name": "Moldavija"
	},
	"MC": {
		"name": "Monako"
	},
	"MN": {
		"name": "Mongolija"
	},
	"MS": {
		"name": "Monserat"
	},
	"MZ": {
		"name": "Mozambik"
	},
	"NA": {
		"name": "Namibija"
	},
	"NR": {
		"name": "Nauru"
	},
	"DE": {
		"name": "Nemačka"
	},
	"NP": {
		"name": "Nepal"
	},
	"NE": {
		"name": "Niger"
	},
	"NG": {
		"name": "Nigerija"
	},
	"NI": {
		"name": "Nikaragva"
	},
	"NU": {
		"name": "Niue"
	},
	"NO": {
		"name": "Norveška"
	},
	"NC": {
		"name": "Nova Kaledonija"
	},
	"NZ": {
		"name": "Novi Zeland"
	},
	"CI": {
		"name": "Obala Slonovače"
	},
	"AX": {
		"name": "Olandska Ostrva"
	},
	"OM": {
		"name": "Oman"
	},
	"TC": {
		"name": "Ostrva Turks i Kaikos"
	},
	"AC": {
		"name": "Ostrvo Asension"
	},
	"IM": {
		"name": "Ostrvo Man"
	},
	"NF": {
		"name": "Ostrvo Norfok"
	},
	"PK": {
		"name": "Pakistan"
	},
	"PW": {
		"name": "Palau"
	},
	"PS": {
		"name": "Palestinske teritorije"
	},
	"PA": {
		"name": "Panama"
	},
	"PG": {
		"name": "Papua Nova Gvineja"
	},
	"PY": {
		"name": "Paragvaj"
	},
	"PE": {
		"name": "Peru"
	},
	"PN": {
		"name": "Pitkern"
	},
	"PL": {
		"name": "Poljska"
	},
	"PR": {
		"name": "Portoriko"
	},
	"PT": {
		"name": "Portugalija"
	},
	"RE": {
		"name": "Reinion"
	},
	"RW": {
		"name": "Ruanda"
	},
	"RO": {
		"name": "Rumunija"
	},
	"RU": {
		"name": "Rusija"
	},
	"SV": {
		"name": "Salvador"
	},
	"WS": {
		"name": "Samoa"
	},
	"SM": {
		"name": "San Marino"
	},
	"ST": {
		"name": "Sao Tome i Principe"
	},
	"HK": {
		"name": "SAR Hongkong (Kina)"
	},
	"MO": {
		"name": "SAR Makao (Kina)"
	},
	"SA": {
		"name": "Saudijska Arabija"
	},
	"SC": {
		"name": "Sejšeli"
	},
	"BL": {
		"name": "Sen Bartelemi"
	},
	"PM": {
		"name": "Sen Pjer i Mikelon"
	},
	"SN": {
		"name": "Senegal"
	},
	"KN": {
		"name": "Sent Kits i Nevis"
	},
	"VC": {
		"name": "Sent Vinsent i Grenadini"
	},
	"EA": {
		"name": "Seuta i Melilja"
	},
	"KP": {
		"name": "Severna Koreja"
	},
	"MP": {
		"name": "Severna Marijanska Ostrva"
	},
	"SL": {
		"name": "Sijera Leone"
	},
	"SG": {
		"name": "Singapur"
	},
	"SY": {
		"name": "Sirija"
	},
	"US": {
		"name": "Sjedinjene Države"
	},
	"SK": {
		"name": "Slovačka"
	},
	"SI": {
		"name": "Slovenija"
	},
	"SB": {
		"name": "Solomonska Ostrva"
	},
	"SO": {
		"name": "Somalija"
	},
	"RS": {
		"name": "Srbija"
	},
	"SD": {
		"name": "Sudan"
	},
	"SR": {
		"name": "Surinam"
	},
	"SJ": {
		"name": "Svalbard i Jan Majen"
	},
	"SZ": {
		"name": "Svazilend"
	},
	"SH": {
		"name": "Sveta Jelena"
	},
	"LC": {
		"name": "Sveta Lucija"
	},
	"MF": {
		"name": "Sveti Martin (Francuska)"
	},
	"SX": {
		"name": "Sveti Martin (Holandija)"
	},
	"ES": {
		"name": "Španija"
	},
	"LK": {
		"name": "Šri Lanka"
	},
	"CH": {
		"name": "Švajcarska"
	},
	"SE": {
		"name": "Švedska"
	},
	"TJ": {
		"name": "Tadžikistan"
	},
	"TH": {
		"name": "Tajland"
	},
	"TW": {
		"name": "Tajvan"
	},
	"TZ": {
		"name": "Tanzanija"
	},
	"TG": {
		"name": "Togo"
	},
	"TK": {
		"name": "Tokelau"
	},
	"TO": {
		"name": "Tonga"
	},
	"TT": {
		"name": "Trinidad i Tobago"
	},
	"TA": {
		"name": "Tristan da Kunja"
	},
	"TN": {
		"name": "Tunis"
	},
	"TM": {
		"name": "Turkmenistan"
	},
	"TR": {
		"name": "Turska"
	},
	"TV": {
		"name": "Tuvalu"
	},
	"UM": {
		"name": "Udaljena ostrva SAD"
	},
	"UG": {
		"name": "Uganda"
	},
	"AE": {
		"name": "Ujedinjeni Arapski Emirati"
	},
	"GB": {
		"name": "Ujedinjeno Kraljevstvo"
	},
	"UA": {
		"name": "Ukrajina"
	},
	"UY": {
		"name": "Urugvaj"
	},
	"UZ": {
		"name": "Uzbekistan"
	},
	"WF": {
		"name": "Valis i Futuna"
	},
	"VU": {
		"name": "Vanuatu"
	},
	"VA": {
		"name": "Vatikan"
	},
	"VE": {
		"name": "Venecuela"
	},
	"VN": {
		"name": "Vijetnam"
	},
	"ZM": {
		"name": "Zambija"
	},
	"EH": {
		"name": "Zapadna Sahara"
	},
	"CV": {
		"name": "Zelenortska Ostrva"
	},
	"ZW": {
		"name": "Zimbabve"
	}
}