{
	"AO": {
		"name": "అంగోలా"
	},
	"AQ": {
		"name": "అంటార్కటికా"
	},
	"AD": {
		"name": "అండొర్రా"
	},
	"AZ": {
		"name": "అజర్బైజాన్"
	},
	"AS": {
		"name": "అమెరికన్ సమోవా"
	},
	"US": {
		"name": "అమెరికా సంయుక్త రాష్ట్రాలు"
	},
	"AW": {
		"name": "అరుబా"
	},
	"AR": {
		"name": "అర్జెంటీనా"
	},
	"DZ": {
		"name": "అల్జీరియా"
	},
	"AL": {
		"name": "అల్బేనియా"
	},
	"AI": {
		"name": "ఆంగవిల్లా"
	},
	"AG": {
		"name": "ఆంటిగ్వా మరియు బార్బుడా"
	},
	"AF": {
		"name": "ఆఫ్ఘనిస్తాన్"
	},
	"AM": {
		"name": "ఆర్మేనియా"
	},
	"AX": {
		"name": "ఆలేండ్ దీవులు"
	},
	"AT": {
		"name": "ఆస్ట్రియా"
	},
	"AU": {
		"name": "ఆస్ట్రేలియా"
	},
	"ID": {
		"name": "ఇండోనేషియా"
	},
	"IL": {
		"name": "ఇజ్రాయిల్"
	},
	"IT": {
		"name": "ఇటలీ"
	},
	"ET": {
		"name": "ఇథియోపియా"
	},
	"IQ": {
		"name": "ఇరాక్"
	},
	"IR": {
		"name": "ఇరాన్"
	},
	"GQ": {
		"name": "ఈక్వటోరియల్ గినియా"
	},
	"EC": {
		"name": "ఈక్వడార్"
	},
	"EG": {
		"name": "ఈజిప్ట్"
	},
	"UA": {
		"name": "ఉక్రెయిన్"
	},
	"UG": {
		"name": "ఉగాండా"
	},
	"UZ": {
		"name": "ఉజ్బెకిస్తాన్"
	},
	"KP": {
		"name": "ఉత్తర కొరియా"
	},
	"MP": {
		"name": "ఉత్తర మరియానా దీవులు"
	},
	"UY": {
		"name": "ఊరుగ్వే"
	},
	"ER": {
		"name": "ఎరిట్రియా"
	},
	"SV": {
		"name": "ఎల్ సాల్వడోర్"
	},
	"AC": {
		"name": "ఎసెషన్ దీవి"
	},
	"EE": {
		"name": "ఎస్టోనియా"
	},
	"IE": {
		"name": "ఐర్లాండ్"
	},
	"IM": {
		"name": "ఐల్ ఆఫ్ మాన్"
	},
	"IS": {
		"name": "ఐస్లాండ్"
	},
	"OM": {
		"name": "ఒమన్"
	},
	"KH": {
		"name": "కంబోడియా"
	},
	"KZ": {
		"name": "కజకస్తాన్"
	},
	"BQ": {
		"name": "కరీబియన్ నెదర్లాండ్స్"
	},
	"CD": {
		"name": "కాంగో- కిన్షాసా"
	},
	"CG": {
		"name": "కాంగో- బ్రాజావిల్లి"
	},
	"CM": {
		"name": "కామెరూన్"
	},
	"KI": {
		"name": "కిరిబాటి"
	},
	"KG": {
		"name": "కిర్గిజిస్తాన్"
	},
	"CK": {
		"name": "కుక్ దీవులు"
	},
	"CW": {
		"name": "కురాకవో"
	},
	"KW": {
		"name": "కువైట్"
	},
	"CA": {
		"name": "కెనడా"
	},
	"KE": {
		"name": "కెన్యా"
	},
	"IC": {
		"name": "కేనరీ దీవులు"
	},
	"CV": {
		"name": "కేప్ వెర్డే"
	},
	"KY": {
		"name": "కేమాన్ దీవులు"
	},
	"KM": {
		"name": "కొమొరోస్"
	},
	"CO": {
		"name": "కొలంబియా"
	},
	"XK": {
		"name": "కొసోవో"
	},
	"CC": {
		"name": "కోకోస్ (కీలింగ్) దీవులు"
	},
	"CI": {
		"name": "కోటెడ్ ఐవోయిర్"
	},
	"CR": {
		"name": "కోస్టా రికా"
	},
	"CU": {
		"name": "క్యూబా"
	},
	"CX": {
		"name": "క్రిస్మస్ దీవి"
	},
	"NC": {
		"name": "క్రొత్త కాలెడోనియా"
	},
	"HR": {
		"name": "క్రోయేషియా"
	},
	"QA": {
		"name": "ఖతర్"
	},
	"GY": {
		"name": "గయానా"
	},
	"GM": {
		"name": "గాంబియా"
	},
	"GA": {
		"name": "గాబన్"
	},
	"GN": {
		"name": "గినియా"
	},
	"GW": {
		"name": "గినియా-బిస్సావ్"
	},
	"GL": {
		"name": "గ్రీన్‌లాండ్"
	},
	"GR": {
		"name": "గ్రీస్"
	},
	"GD": {
		"name": "గ్రెనెడా"
	},
	"GT": {
		"name": "గ్వాటిమాల"
	},
	"GP": {
		"name": "గ్వాడేలోప్"
	},
	"GU": {
		"name": "గ్వామ్"
	},
	"GG": {
		"name": "గ్వేర్నసే"
	},
	"GH": {
		"name": "ఘనా"
	},
	"TD": {
		"name": "చాద్"
	},
	"CL": {
		"name": "చిలీ"
	},
	"CZ": {
		"name": "చెక్ రిపబ్లిక్"
	},
	"CN": {
		"name": "చైనా"
	},
	"JP": {
		"name": "జపాన్"
	},
	"JM": {
		"name": "జమైకా"
	},
	"DE": {
		"name": "జర్మనీ"
	},
	"ZM": {
		"name": "జాంబియా"
	},
	"GE": {
		"name": "జార్జియా"
	},
	"ZW": {
		"name": "జింబాబ్వే"
	},
	"DJ": {
		"name": "జిబౌటి"
	},
	"GI": {
		"name": "జిబ్రాల్టార్"
	},
	"JE": {
		"name": "జెర్సీ"
	},
	"JO": {
		"name": "జోర్డాన్"
	},
	"TR": {
		"name": "టర్కీ"
	},
	"TZ": {
		"name": "టాంజానియా"
	},
	"TL": {
		"name": "టిమోర్-లెస్టె"
	},
	"TV": {
		"name": "టువాలు"
	},
	"TO": {
		"name": "టోంగా"
	},
	"TK": {
		"name": "టోకేలావ్"
	},
	"TG": {
		"name": "టోగో"
	},
	"TN": {
		"name": "ట్యునీషియా"
	},
	"TT": {
		"name": "ట్రినిడాడ్ మరియు టొబాగో"
	},
	"TA": {
		"name": "ట్రిస్టన్ డ కన్హా"
	},
	"DG": {
		"name": "డియాగో గార్సియా"
	},
	"DK": {
		"name": "డెన్మార్క్"
	},
	"DO": {
		"name": "డొమెనికన్ రిపబ్లిక్"
	},
	"DM": {
		"name": "డొమెనికా"
	},
	"TJ": {
		"name": "తజికిస్తాన్"
	},
	"TM": {
		"name": "తుర్కమేనిస్తాన్"
	},
	"TC": {
		"name": "తుర్క్ మరియు కాలికోస్ దీవులు"
	},
	"TW": {
		"name": "తైవాన్"
	},
	"TH": {
		"name": "థాయిలాండ్"
	},
	"ZA": {
		"name": "దక్షిణ ఆఫ్రికా"
	},
	"KR": {
		"name": "దక్షిణ కొరియా"
	},
	"GS": {
		"name": "దక్షిణ జార్జియా & దక్షిణ శాండ్విచ్ దీవులు"
	},
	"SS": {
		"name": "దక్షిణ సూడాన్"
	},
	"NA": {
		"name": "నమీబియా"
	},
	"NF": {
		"name": "నార్ఫోక్ దీవి"
	},
	"NO": {
		"name": "నార్వే"
	},
	"NI": {
		"name": "నికరాగువా"
	},
	"NU": {
		"name": "నియు"
	},
	"NL": {
		"name": "నెదర్లాండ్స్"
	},
	"NP": {
		"name": "నేపాల్"
	},
	"NE": {
		"name": "నైజర్"
	},
	"NG": {
		"name": "నైజీరియా"
	},
	"NR": {
		"name": "నౌరు"
	},
	"NZ": {
		"name": "న్యూజిలాండ్"
	},
	"EH": {
		"name": "పడమటి సహారా"
	},
	"PA": {
		"name": "పనామా"
	},
	"PY": {
		"name": "పరాగ్వే"
	},
	"PW": {
		"name": "పలావు"
	},
	"PK": {
		"name": "పాకిస్తాన్"
	},
	"PG": {
		"name": "పాపువా న్యు గినియా"
	},
	"PS": {
		"name": "పాలస్తీనియన్ ప్రాంతాలు"
	},
	"PN": {
		"name": "పిట్‌కెయిర్న్ దీవులు"
	},
	"PE": {
		"name": "పెరూ"
	},
	"PT": {
		"name": "పోర్చుగల్"
	},
	"PL": {
		"name": "పోలాండ్"
	},
	"FK": {
		"name": "ఫాక్‌ల్యాండ్ దీవులు"
	},
	"FO": {
		"name": "ఫారో దీవులు"
	},
	"FJ": {
		"name": "ఫిజీ"
	},
	"FI": {
		"name": "ఫిన్లాండ్"
	},
	"PH": {
		"name": "ఫిలిప్పీన్స్"
	},
	"PR": {
		"name": "ఫ్యూర్టో రికో"
	},
	"FR": {
		"name": "ఫ్రాన్స్‌"
	},
	"GF": {
		"name": "ఫ్రెంచ్ గియానా"
	},
	"TF": {
		"name": "ఫ్రెంచ్ దక్షిణ ప్రాంతాలు"
	},
	"PF": {
		"name": "ఫ్రెంచ్ పోలినిషియా"
	},
	"BD": {
		"name": "బంగ్లాదేశ్"
	},
	"BG": {
		"name": "బల్గేరియా"
	},
	"BS": {
		"name": "బహామాస్"
	},
	"BH": {
		"name": "బహ్రెయిన్"
	},
	"BB": {
		"name": "బార్బడోస్"
	},
	"BI": {
		"name": "బురుండి"
	},
	"BF": {
		"name": "బుర్కినా ఫాసో"
	},
	"BJ": {
		"name": "బెనిన్"
	},
	"BM": {
		"name": "బెర్ముడా"
	},
	"BY": {
		"name": "బెలారస్"
	},
	"BZ": {
		"name": "బెలిజ్"
	},
	"BE": {
		"name": "బెల్జియం"
	},
	"BO": {
		"name": "బొలీవియా"
	},
	"BW": {
		"name": "బోట్స్వానా"
	},
	"BA": {
		"name": "బోస్నియా మరియు హెర్జెగొవీనా"
	},
	"VG": {
		"name": "బ్రిటిష్ వర్జిన్ దీవులు"
	},
	"IO": {
		"name": "బ్రిటీష్ భారతీయ సముద్రపు ప్రాంతం"
	},
	"BN": {
		"name": "బ్రూనై"
	},
	"BR": {
		"name": "బ్రెజిల్"
	},
	"IN": {
		"name": "భారత దేశం"
	},
	"BT": {
		"name": "భూటాన్"
	},
	"MN": {
		"name": "మంగోలియా"
	},
	"MO": {
		"name": "మకావు ఎస్ఏఆర్ చైనా"
	},
	"MG": {
		"name": "మడగాస్కర్"
	},
	"MM": {
		"name": "మయన్మార్ (బర్మా)"
	},
	"MY": {
		"name": "మలేషియా"
	},
	"YT": {
		"name": "మాయొట్టి"
	},
	"MU": {
		"name": "మారిషస్"
	},
	"MQ": {
		"name": "మార్టినిక్"
	},
	"MH": {
		"name": "మార్షల్ దీవులు"
	},
	"MW": {
		"name": "మాలావి"
	},
	"ML": {
		"name": "మాలి"
	},
	"MT": {
		"name": "మాల్టా"
	},
	"MV": {
		"name": "మాల్దీవులు"
	},
	"MX": {
		"name": "మెక్సికో"
	},
	"MK": {
		"name": "మేసిడోనియా"
	},
	"FM": {
		"name": "మైక్రోనేషియా"
	},
	"MZ": {
		"name": "మొజాంబిక్"
	},
	"MC": {
		"name": "మొనాకో"
	},
	"MA": {
		"name": "మొరాకో"
	},
	"ME": {
		"name": "మోంటేనేగ్రో"
	},
	"MS": {
		"name": "మోంట్సేర్రాట్"
	},
	"MD": {
		"name": "మోల్డోవా"
	},
	"MR": {
		"name": "మౌరిటేనియా"
	},
	"VI": {
		"name": "యు.ఎస్. వర్జిన్ దీవులు"
	},
	"AE": {
		"name": "యునైటెడ్ అరబ్ ఎమిరేట్స్"
	},
	"GB": {
		"name": "యునైటెడ్ కింగ్‌డమ్"
	},
	"YE": {
		"name": "యెమెన్"
	},
	"RU": {
		"name": "రష్యా"
	},
	"RE": {
		"name": "రియూనియన్"
	},
	"RW": {
		"name": "రువాండా"
	},
	"RO": {
		"name": "రోమానియా"
	},
	"LU": {
		"name": "లక్సంబర్గ్"
	},
	"LV": {
		"name": "లాత్వియా"
	},
	"LA": {
		"name": "లావోస్"
	},
	"LI": {
		"name": "లిక్టెస్టేన్"
	},
	"LT": {
		"name": "లిథువేనియా"
	},
	"LY": {
		"name": "లిబియా"
	},
	"LB": {
		"name": "లెబనాన్"
	},
	"LS": {
		"name": "లెసోతో"
	},
	"LR": {
		"name": "లైబీరియా"
	},
	"VU": {
		"name": "వనాటు"
	},
	"VA": {
		"name": "వాటికన్ నగరం"
	},
	"WF": {
		"name": "వాలిస్ & ఫ్యుత్యునా"
	},
	"VN": {
		"name": "వియత్నాం"
	},
	"VE": {
		"name": "వెనుజులా"
	},
	"LK": {
		"name": "శ్రీలంక"
	},
	"UM": {
		"name": "సంయుక్త రాజ్య అమెరికా బయట ఉన్న దీవులు"
	},
	"WS": {
		"name": "సమోవా"
	},
	"SM": {
		"name": "సాన్ మారినో"
	},
	"ST": {
		"name": "సావోటోమ్ & ప్రిన్సిపే"
	},
	"SG": {
		"name": "సింగపూర్"
	},
	"SX": {
		"name": "సింట్ మార్టెన్"
	},
	"SL": {
		"name": "సియెర్రా లియాన్"
	},
	"SY": {
		"name": "సిరియా"
	},
	"SC": {
		"name": "సీషెల్స్"
	},
	"SD": {
		"name": "సూడాన్"
	},
	"SR": {
		"name": "సూరినామ్"
	},
	"KN": {
		"name": "సెంట్ కిట్ట్స్ మరియు నెవిస్"
	},
	"PM": {
		"name": "సెంట్ పియెర్ మరియు మికెలాన్"
	},
	"BL": {
		"name": "సెంట్ బర్తేలెమీ"
	},
	"MF": {
		"name": "సెంట్ మార్టిన్"
	},
	"LC": {
		"name": "సెంట్ లూసియా"
	},
	"VC": {
		"name": "సెంట్ విన్సెంట్ మరియు గ్రెనడీన్స్"
	},
	"CF": {
		"name": "సెంట్రల్ ఆఫ్రికన్ రిపబ్లిక్"
	},
	"SN": {
		"name": "సెనెగల్"
	},
	"SH": {
		"name": "సెయింట్ హెలినా"
	},
	"RS": {
		"name": "సెర్బియా"
	},
	"CY": {
		"name": "సైప్రస్"
	},
	"SO": {
		"name": "సోమాలియా"
	},
	"SB": {
		"name": "సోలమన్ దీవులు"
	},
	"SA": {
		"name": "సౌదీ అరేబియా"
	},
	"ES": {
		"name": "స్పెయిన్"
	},
	"EA": {
		"name": "స్యూటా & మెలిల్లా"
	},
	"SK": {
		"name": "స్లోవేకియా"
	},
	"SI": {
		"name": "స్లోవేనియా"
	},
	"SZ": {
		"name": "స్వాజిల్యాండ్"
	},
	"SJ": {
		"name": "స్వాల్బార్డ్ మరియు యాన్ మాయేన్"
	},
	"CH": {
		"name": "స్విట్జర్లాండ్"
	},
	"SE": {
		"name": "స్వీడన్"
	},
	"HU": {
		"name": "హంగేరీ"
	},
	"HK": {
		"name": "హాంకాంగ్ ఎస్ఏఆర్ చైనా"
	},
	"HT": {
		"name": "హైటి"
	},
	"HN": {
		"name": "హోండురాస్"
	}
}