{
	"AI": {
		"name": "Anikuila"
	},
	"AG": {
		"name": "Anitikua mo Palaputa"
	},
	"FR": {
		"name": "Falanisē"
	},
	"PH": {
		"name": "Filipaini"
	},
	"FI": {
		"name": "Finilani"
	},
	"FJ": {
		"name": "Fisi"
	},
	"HT": {
		"name": "Haiti"
	},
	"WS": {
		"name": "Haʻamoa"
	},
	"AS": {
		"name": "Haʻamoa ʻAmelika"
	},
	"NL": {
		"name": "Hōlani"
	},
	"HN": {
		"name": "Honitulasi"
	},
	"HK": {
		"name": "Hongi Kongi SAR Siaina"
	},
	"HU": {
		"name": "Hungakalia"
	},
	"YE": {
		"name": "Iemeni"
	},
	"BQ": {
		"name": "Kalipiane fakahōlani"
	},
	"GR": {
		"name": "Kalisi"
	},
	"CM": {
		"name": "Kameluni"
	},
	"GM": {
		"name": "Kamipia"
	},
	"KH": {
		"name": "Kamipōtia"
	},
	"GH": {
		"name": "Kana"
	},
	"CA": {
		"name": "Kānata"
	},
	"GA": {
		"name": "Kaponi"
	},
	"KZ": {
		"name": "Kasakitani"
	},
	"QA": {
		"name": "Katā"
	},
	"GD": {
		"name": "Kelenatā"
	},
	"KE": {
		"name": "Keniā"
	},
	"KG": {
		"name": "Kīkisitani"
	},
	"KI": {
		"name": "Kilipasi"
	},
	"GN": {
		"name": "Kini"
	},
	"GW": {
		"name": "Kini-Pisau"
	},
	"CU": {
		"name": "Kiupa"
	},
	"KP": {
		"name": "Kōlea tokelau"
	},
	"KR": {
		"name": "Kōlea tonga"
	},
	"VA": {
		"name": "Kolo Vatikani"
	},
	"CO": {
		"name": "Kolomipia"
	},
	"KM": {
		"name": "Komolosi"
	},
	"CD": {
		"name": "Kongo - Kinisasa"
	},
	"CG": {
		"name": "Kongo - Palasavila"
	},
	"CR": {
		"name": "Kosita Lika"
	},
	"XK": {
		"name": "Kōsovo"
	},
	"GU": {
		"name": "Kuamu"
	},
	"GP": {
		"name": "Kuatalupe"
	},
	"GT": {
		"name": "Kuatamala"
	},
	"KW": {
		"name": "Kueiti"
	},
	"GG": {
		"name": "Kuenisī"
	},
	"GY": {
		"name": "Kuiana"
	},
	"GF": {
		"name": "Kuiana fakafalanisē"
	},
	"CW": {
		"name": "Kulasao"
	},
	"GL": {
		"name": "Kulinilani"
	},
	"HR": {
		"name": "Kuloisia"
	},
	"LR": {
		"name": "Laipelia"
	},
	"LU": {
		"name": "Lakisimipeki"
	},
	"LV": {
		"name": "Lativia"
	},
	"LA": {
		"name": "Lau"
	},
	"LB": {
		"name": "Lepanoni"
	},
	"LS": {
		"name": "Lesoto"
	},
	"RE": {
		"name": "Lēunioni"
	},
	"LI": {
		"name": "Likitenisiteini"
	},
	"CZ": {
		"name": "Lipapilika Seki"
	},
	"DO": {
		"name": "Lipapilika Tominika"
	},
	"CF": {
		"name": "Lipapilika ʻAfilika Lotoloto"
	},
	"LY": {
		"name": "Līpia"
	},
	"LT": {
		"name": "Lituania"
	},
	"RO": {
		"name": "Lomēnia"
	},
	"RW": {
		"name": "Luanitā"
	},
	"RU": {
		"name": "Lūsia"
	},
	"YT": {
		"name": "Maiote"
	},
	"MO": {
		"name": "Makau SAR Siaina"
	},
	"MV": {
		"name": "Malativisi"
	},
	"MW": {
		"name": "Malaui"
	},
	"MY": {
		"name": "Malēsia"
	},
	"ML": {
		"name": "Māli"
	},
	"MT": {
		"name": "Malita"
	},
	"MK": {
		"name": "Masetōnia"
	},
	"CI": {
		"name": "Matafonua ʻAivolī"
	},
	"MG": {
		"name": "Matakasika"
	},
	"MQ": {
		"name": "Māteniki"
	},
	"MR": {
		"name": "Maulitenia"
	},
	"MU": {
		"name": "Maulitiusi"
	},
	"MX": {
		"name": "Mekisikou"
	},
	"FM": {
		"name": "Mikolonīsia"
	},
	"MA": {
		"name": "Moloko"
	},
	"MD": {
		"name": "Molotova"
	},
	"MC": {
		"name": "Monako"
	},
	"ME": {
		"name": "Monitenikalo"
	},
	"MN": {
		"name": "Mongokōlia"
	},
	"MZ": {
		"name": "Mosēmipiki"
	},
	"CX": {
		"name": "Motu Kilisimasi"
	},
	"IM": {
		"name": "Motu Mani"
	},
	"NF": {
		"name": "Motu Nōfoliki"
	},
	"AC": {
		"name": "Motu ʻAsenisini"
	},
	"MS": {
		"name": "Moʻungaselati"
	},
	"CV": {
		"name": "Muiʻi Vēte"
	},
	"NG": {
		"name": "Naisilia"
	},
	"NA": {
		"name": "Namipia"
	},
	"NR": {
		"name": "Naulu"
	},
	"NP": {
		"name": "Nepali"
	},
	"NI": {
		"name": "Nikalakua"
	},
	"NE": {
		"name": "Nisia"
	},
	"NC": {
		"name": "Niu Kaletōnia"
	},
	"NU": {
		"name": "Niuē"
	},
	"NO": {
		"name": "Noauē"
	},
	"NZ": {
		"name": "Nuʻusila"
	},
	"BS": {
		"name": "Pahama"
	},
	"PK": {
		"name": "Pākisitani"
	},
	"PY": {
		"name": "Palakuai"
	},
	"BR": {
		"name": "Palāsili"
	},
	"PW": {
		"name": "Palau"
	},
	"BH": {
		"name": "Paleini"
	},
	"PA": {
		"name": "Panamā"
	},
	"BB": {
		"name": "Pāpeitosi"
	},
	"PG": {
		"name": "Papuaniukini"
	},
	"BF": {
		"name": "Pekano Faso"
	},
	"BY": {
		"name": "Pelalusi"
	},
	"BE": {
		"name": "Pelesiume"
	},
	"BZ": {
		"name": "Pelise"
	},
	"PE": {
		"name": "Pelū"
	},
	"MM": {
		"name": "Pema"
	},
	"BM": {
		"name": "Pēmuta"
	},
	"BJ": {
		"name": "Penini"
	},
	"BD": {
		"name": "Pengilātesi"
	},
	"GB": {
		"name": "Pilitānia"
	},
	"PL": {
		"name": "Polani"
	},
	"PF": {
		"name": "Polinisia fakafalanisē"
	},
	"BO": {
		"name": "Polīvia"
	},
	"BA": {
		"name": "Posinia mo Hesikōvina"
	},
	"BW": {
		"name": "Potisiuana"
	},
	"IO": {
		"name": "Potu fonua moana ʻInitia fakapilitānia"
	},
	"TF": {
		"name": "Potu fonua tonga fakafalanisē"
	},
	"PS": {
		"name": "Potu Palesitaine"
	},
	"PT": {
		"name": "Potukali"
	},
	"PR": {
		"name": "Puēto Liko"
	},
	"US": {
		"name": "Puleʻanga fakatahataha ʻAmelika"
	},
	"BG": {
		"name": "Pulukalia"
	},
	"BN": {
		"name": "Pulunei"
	},
	"BI": {
		"name": "Puluniti"
	},
	"BT": {
		"name": "Pūtani"
	},
	"SH": {
		"name": "Sā Helena"
	},
	"KN": {
		"name": "Sā Kitisi mo Nevisi"
	},
	"LC": {
		"name": "Sā Lūsia"
	},
	"SM": {
		"name": "Sā Malino"
	},
	"MF": {
		"name": "Sā Mātini (fakafalanisē)"
	},
	"SX": {
		"name": "Sā Mātini (fakahōlani)"
	},
	"BL": {
		"name": "Sā Patēlemi"
	},
	"PM": {
		"name": "Sā Piea mo Mikeloni"
	},
	"VC": {
		"name": "Sā Viniseni mo Kulenatini"
	},
	"EH": {
		"name": "Sahala fakahihifo"
	},
	"CY": {
		"name": "Saipalesi"
	},
	"JM": {
		"name": "Samaika"
	},
	"ST": {
		"name": "Sao Tomē mo Pilinisipe"
	},
	"TD": {
		"name": "Sāti"
	},
	"SA": {
		"name": "Saute ʻAlepea"
	},
	"JE": {
		"name": "Selusī"
	},
	"ZM": {
		"name": "Semipia"
	},
	"SN": {
		"name": "Senekalo"
	},
	"GE": {
		"name": "Seōsia"
	},
	"RS": {
		"name": "Sēpia"
	},
	"CN": {
		"name": "Siaina"
	},
	"DE": {
		"name": "Siamane"
	},
	"JP": {
		"name": "Siapani"
	},
	"SL": {
		"name": "Siela Leone"
	},
	"LK": {
		"name": "Sīlangikā"
	},
	"CL": {
		"name": "Sili"
	},
	"SY": {
		"name": "Sīlia"
	},
	"SK": {
		"name": "Silōvakia"
	},
	"SI": {
		"name": "Silōvenia"
	},
	"ZW": {
		"name": "Simipapuei"
	},
	"SG": {
		"name": "Singapoa"
	},
	"GI": {
		"name": "Sipalālitā"
	},
	"ES": {
		"name": "Sipeini"
	},
	"DJ": {
		"name": "Siputi"
	},
	"EA": {
		"name": "Siuta mo Melila"
	},
	"SJ": {
		"name": "Sivolopāti mo Sani Maieni"
	},
	"JO": {
		"name": "Soatane"
	},
	"SO": {
		"name": "Sōmalia"
	},
	"SZ": {
		"name": "Suasilani"
	},
	"SE": {
		"name": "Suēteni"
	},
	"CH": {
		"name": "Suisilani"
	},
	"SR": {
		"name": "Suliname"
	},
	"SS": {
		"name": "Sūtani fakatonga"
	},
	"SD": {
		"name": "Sūteni"
	},
	"TH": {
		"name": "Tailani"
	},
	"TW": {
		"name": "Taiuani"
	},
	"TJ": {
		"name": "Tasikitani"
	},
	"DK": {
		"name": "Tenimaʻake"
	},
	"TZ": {
		"name": "Tenisānia"
	},
	"DG": {
		"name": "Tieko Kāsia"
	},
	"TT": {
		"name": "Tilinitati mo Topako"
	},
	"TL": {
		"name": "Timoa hahake"
	},
	"TR": {
		"name": "Toake"
	},
	"TK": {
		"name": "Tokelau"
	},
	"TG": {
		"name": "Toko"
	},
	"DM": {
		"name": "Tominika"
	},
	"TO": {
		"name": "Tonga"
	},
	"TM": {
		"name": "Tūkimenisitani"
	},
	"TA": {
		"name": "Tulisitani ta Kunuha"
	},
	"TN": {
		"name": "Tunīsia"
	},
	"TV": {
		"name": "Tūvalu"
	},
	"VU": {
		"name": "Vanuatu"
	},
	"VE": {
		"name": "Venesuela"
	},
	"VN": {
		"name": "Vietinami"
	},
	"IE": {
		"name": "ʻAealani"
	},
	"AF": {
		"name": "ʻAfikānisitani"
	},
	"ZA": {
		"name": "ʻAfilika tonga"
	},
	"IS": {
		"name": "ʻAisilani"
	},
	"DZ": {
		"name": "ʻAisilia"
	},
	"AE": {
		"name": "ʻAlepea Fakatahataha"
	},
	"AL": {
		"name": "ʻAlipania"
	},
	"AW": {
		"name": "ʻAlupa"
	},
	"AM": {
		"name": "ʻĀmenia"
	},
	"AQ": {
		"name": "ʻAnitātika"
	},
	"AD": {
		"name": "ʻAnitola"
	},
	"AO": {
		"name": "ʻAngikola"
	},
	"AU": {
		"name": "ʻAositelēlia"
	},
	"AT": {
		"name": "ʻAositulia"
	},
	"AZ": {
		"name": "ʻAsapaisani"
	},
	"AR": {
		"name": "ʻAsenitina"
	},
	"GQ": {
		"name": "ʻEkueta Kini"
	},
	"EC": {
		"name": "ʻEkuetoa"
	},
	"SV": {
		"name": "ʻEle Salavatoa"
	},
	"ER": {
		"name": "ʻElitulia"
	},
	"EE": {
		"name": "ʻEsitōnia"
	},
	"IQ": {
		"name": "ʻIlaaki"
	},
	"IR": {
		"name": "ʻIlaani"
	},
	"IN": {
		"name": "ʻInitia"
	},
	"ID": {
		"name": "ʻInitonēsia"
	},
	"IL": {
		"name": "ʻIsileli"
	},
	"EG": {
		"name": "ʻIsipite"
	},
	"IT": {
		"name": "ʻĪtali"
	},
	"ET": {
		"name": "ʻĪtiōpia"
	},
	"UG": {
		"name": "ʻIukanitā"
	},
	"OM": {
		"name": "ʻOmani"
	},
	"FO": {
		"name": "ʻOtumotu Faloe"
	},
	"FK": {
		"name": "ʻOtumotu Fokulani"
	},
	"IC": {
		"name": "ʻOtumotu Kaneli"
	},
	"KY": {
		"name": "ʻOtumotu Keimeni"
	},
	"CC": {
		"name": "ʻOtumotu Koko"
	},
	"CK": {
		"name": "ʻOtumotu Kuki"
	},
	"MP": {
		"name": "ʻOtumotu Maliana tokelau"
	},
	"MH": {
		"name": "ʻOtumotu Māsolo"
	},
	"PN": {
		"name": "ʻOtumotu Pitikeni"
	},
	"SC": {
		"name": "ʻOtumotu Seiseli"
	},
	"GS": {
		"name": "ʻOtumotu Seōsia-tonga mo Saniuisi-tonga"
	},
	"UM": {
		"name": "ʻOtumotu siʻi ʻo ʻAmelika"
	},
	"SB": {
		"name": "ʻOtumotu Solomone"
	},
	"TC": {
		"name": "ʻOtumotu Tuki mo Kaikosi"
	},
	"VG": {
		"name": "ʻOtumotu Vilikini fakapilitānia"
	},
	"VI": {
		"name": "ʻOtumotu Vilikini fakaʻamelika"
	},
	"AX": {
		"name": "ʻOtumotu ʻAlani"
	},
	"UA": {
		"name": "ʻŪkalaʻine"
	},
	"UY": {
		"name": "ʻUlukuai"
	},
	"UZ": {
		"name": "ʻUsipekitani"
	},
	"WF": {
		"name": "ʻUvea mo Futuna"
	}
}