{
	"AF": {
		"name": "Afɣanistan"
	},
	"PS": {
		"name": "Agemmaḍ Ugut d Ɣazza Ifilisṭiniyen"
	},
	"AX": {
		"name": "Åland Islands"
	},
	"AL": {
		"name": "Albanya"
	},
	"DE": {
		"name": "Almanya"
	},
	"IO": {
		"name": "Amur n Agaraw Uhindi Ubṛiṭani"
	},
	"AD": {
		"name": "Anḍurra"
	},
	"AO": {
		"name": "Angula"
	},
	"AI": {
		"name": "Angwilla"
	},
	"AQ": {
		"name": "Antarctica"
	},
	"AG": {
		"name": "Antigwa d Barbuda"
	},
	"AR": {
		"name": "Arjuntin"
	},
	"AM": {
		"name": "Arminya"
	},
	"AW": {
		"name": "Aruba"
	},
	"AC": {
		"name": "Ascension Island"
	},
	"VA": {
		"name": "Awank iɣrem n Vatikan"
	},
	"AZ": {
		"name": "Azerbiǧan"
	},
	"BS": {
		"name": "Bahamas"
	},
	"BH": {
		"name": "Baḥrayn"
	},
	"BD": {
		"name": "Bangladic"
	},
	"BB": {
		"name": "Barbadus"
	},
	"BG": {
		"name": "Belɣarya"
	},
	"BE": {
		"name": "Beljika"
	},
	"BY": {
		"name": "Bilarusya"
	},
	"BZ": {
		"name": "Biliz"
	},
	"BJ": {
		"name": "Binin"
	},
	"BM": {
		"name": "Birmuda"
	},
	"BR": {
		"name": "Bṛazil"
	},
	"BN": {
		"name": "Brunay"
	},
	"BO": {
		"name": "Bulivya"
	},
	"BF": {
		"name": "Burkina Fasu"
	},
	"BI": {
		"name": "Burundi"
	},
	"BA": {
		"name": "Busna-d-Hirsik"
	},
	"BT": {
		"name": "Buṭan"
	},
	"BW": {
		"name": "Butswana"
	},
	"IC": {
		"name": "Canary Islands"
	},
	"BQ": {
		"name": "Caribbean Netherlands"
	},
	"CL": {
		"name": "Ccili"
	},
	"EA": {
		"name": "Ceuta & Melilla"
	},
	"CX": {
		"name": "Christmas Island"
	},
	"CC": {
		"name": "Cocos (Keeling) Islands"
	},
	"CW": {
		"name": "Curaçao"
	},
	"DK": {
		"name": "Danmark"
	},
	"DG": {
		"name": "Diego Garcia"
	},
	"DM": {
		"name": "Ḍuminika"
	},
	"DZ": {
		"name": "Dzayer"
	},
	"IQ": {
		"name": "Ɛiraq"
	},
	"OM": {
		"name": "Ɛumman"
	},
	"FO": {
		"name": "Faroe Islands"
	},
	"FJ": {
		"name": "Fiji"
	},
	"PH": {
		"name": "Filippin"
	},
	"FI": {
		"name": "Finlanḍa"
	},
	"FR": {
		"name": "Fṛansa"
	},
	"TF": {
		"name": "French Southern Territories"
	},
	"GA": {
		"name": "Gabun"
	},
	"GM": {
		"name": "Gambya"
	},
	"DJ": {
		"name": "Ǧibuti"
	},
	"GD": {
		"name": "Grinada"
	},
	"GL": {
		"name": "Grinlanḍa"
	},
	"GG": {
		"name": "Guernsey"
	},
	"GY": {
		"name": "Guyana"
	},
	"GF": {
		"name": "Guyana Tafransist"
	},
	"GP": {
		"name": "Gwadalup"
	},
	"GU": {
		"name": "Gwam"
	},
	"GT": {
		"name": "Gwatimala"
	},
	"GH": {
		"name": "Ɣana"
	},
	"GN": {
		"name": "Ɣinya"
	},
	"GQ": {
		"name": "Ɣinya Tikwaṭur it"
	},
	"GW": {
		"name": "Ɣinya-Bissaw"
	},
	"HT": {
		"name": "Hayti"
	},
	"HU": {
		"name": "Henɣarya"
	},
	"IN": {
		"name": "Hind"
	},
	"HN": {
		"name": "Hinduras"
	},
	"HK": {
		"name": "Hong Kong SAR China"
	},
	"NL": {
		"name": "Hulanḍa"
	},
	"EC": {
		"name": "Ikwaḍur"
	},
	"AE": {
		"name": "Imarat Tiεrabin Tidduklin"
	},
	"ID": {
		"name": "Indunizya"
	},
	"IR": {
		"name": "Iran"
	},
	"ER": {
		"name": "Iritrya"
	},
	"IE": {
		"name": "Irlanḍa"
	},
	"IS": {
		"name": "Islanḍa"
	},
	"IM": {
		"name": "Isle of Man"
	},
	"IL": {
		"name": "Israeil"
	},
	"EE": {
		"name": "Isṭunya"
	},
	"IT": {
		"name": "Iṭalya"
	},
	"ET": {
		"name": "Ityupya"
	},
	"US": {
		"name": "Iwunak Idduklen n Amirika"
	},
	"JM": {
		"name": "Jamayka"
	},
	"JE": {
		"name": "Jersey"
	},
	"GI": {
		"name": "Jibralṭar"
	},
	"JP": {
		"name": "Jjappun"
	},
	"GE": {
		"name": "Jyurjya"
	},
	"NC": {
		"name": "kalidunya Tamaynut"
	},
	"KH": {
		"name": "Kambudj"
	},
	"CM": {
		"name": "Kamerun"
	},
	"CA": {
		"name": "Kanada"
	},
	"KZ": {
		"name": "Kazaxistan"
	},
	"KE": {
		"name": "Kinya"
	},
	"KG": {
		"name": "Kirɣistan"
	},
	"KI": {
		"name": "Kiribati"
	},
	"XK": {
		"name": "Kosovo"
	},
	"HR": {
		"name": "Krwatya"
	},
	"CU": {
		"name": "kuba"
	},
	"CO": {
		"name": "Kulumbya"
	},
	"CG": {
		"name": "Kungu"
	},
	"KP": {
		"name": "Kurya Tugafat"
	},
	"KR": {
		"name": "Kurya Tunẓult"
	},
	"CR": {
		"name": "Kusṭa Rika"
	},
	"KW": {
		"name": "Kuwwayt"
	},
	"LA": {
		"name": "Laws"
	},
	"LR": {
		"name": "Libirya"
	},
	"LY": {
		"name": "Libya"
	},
	"LI": {
		"name": "Lictencṭayn"
	},
	"LU": {
		"name": "Liksumburg"
	},
	"LS": {
		"name": "Lisuṭu"
	},
	"LV": {
		"name": "Liṭṭunya"
	},
	"LT": {
		"name": "Litwanya"
	},
	"LB": {
		"name": "Lubnan"
	},
	"MO": {
		"name": "Macau SAR China"
	},
	"MG": {
		"name": "Madaɣacqar"
	},
	"MW": {
		"name": "Malawi"
	},
	"MV": {
		"name": "Maldiv"
	},
	"ML": {
		"name": "Mali"
	},
	"MY": {
		"name": "Malizya"
	},
	"MT": {
		"name": "Malṭa"
	},
	"MN": {
		"name": "Manɣulya"
	},
	"MK": {
		"name": "Maqdunya"
	},
	"MQ": {
		"name": "Martinik"
	},
	"YT": {
		"name": "Mayuṭ"
	},
	"MA": {
		"name": "Meṛṛuk"
	},
	"FM": {
		"name": "Mikrunizya"
	},
	"MX": {
		"name": "Miksik"
	},
	"EG": {
		"name": "Miṣr"
	},
	"ME": {
		"name": "Montenegro"
	},
	"MD": {
		"name": "Mulḍavya"
	},
	"MC": {
		"name": "Munaku"
	},
	"MS": {
		"name": "Muntsirra"
	},
	"MU": {
		"name": "Muris"
	},
	"MR": {
		"name": "Muritanya"
	},
	"MZ": {
		"name": "Muzambiq"
	},
	"MM": {
		"name": "Myanmar"
	},
	"NA": {
		"name": "Namibya"
	},
	"NR": {
		"name": "Nawru"
	},
	"NG": {
		"name": "Nijiria"
	},
	"NI": {
		"name": "Nikaragwa"
	},
	"NP": {
		"name": "Nippal"
	},
	"NU": {
		"name": "Niwi"
	},
	"NE": {
		"name": "Nnijer"
	},
	"NO": {
		"name": "Nnurwij"
	},
	"PK": {
		"name": "Pakistan"
	},
	"PW": {
		"name": "Palu"
	},
	"PA": {
		"name": "Panama"
	},
	"PG": {
		"name": "Papwa Ɣinya Tamaynut"
	},
	"PY": {
		"name": "Paragway"
	},
	"PE": {
		"name": "Piru"
	},
	"PN": {
		"name": "Pitkirn"
	},
	"PF": {
		"name": "Pulinizya Tafransist"
	},
	"PL": {
		"name": "Pulunya"
	},
	"PT": {
		"name": "Purtuɣal"
	},
	"PR": {
		"name": "Purturiku"
	},
	"QA": {
		"name": "Qaṭar"
	},
	"CY": {
		"name": "Qubrus"
	},
	"KM": {
		"name": "Qumur"
	},
	"RE": {
		"name": "Riyyunyun"
	},
	"RO": {
		"name": "Ṛumanya"
	},
	"RU": {
		"name": "Rusya"
	},
	"RW": {
		"name": "Ruwwanḍa"
	},
	"SV": {
		"name": "Salvaḍur"
	},
	"WS": {
		"name": "Samwa"
	},
	"AS": {
		"name": "Samwa Imirikaniyyin"
	},
	"SG": {
		"name": "Sanɣafura"
	},
	"SM": {
		"name": "Sanmarinu"
	},
	"SH": {
		"name": "Santehilin"
	},
	"KN": {
		"name": "Santekits d Nivis"
	},
	"LC": {
		"name": "Santelusya"
	},
	"PM": {
		"name": "Santepyir d Mikelun"
	},
	"VC": {
		"name": "Santevinsent d Grinadin"
	},
	"ST": {
		"name": "Sawṭumi d Prinsip"
	},
	"ES": {
		"name": "Sbanya"
	},
	"RS": {
		"name": "Serbia"
	},
	"SX": {
		"name": "Sint Maarten"
	},
	"SL": {
		"name": "Siralyun"
	},
	"SK": {
		"name": "Sluvakya"
	},
	"SI": {
		"name": "Sluvinya"
	},
	"GS": {
		"name": "South Georgia & South Sandwich Islands"
	},
	"SS": {
		"name": "South Sudan"
	},
	"LK": {
		"name": "Srilanka"
	},
	"SA": {
		"name": "Ssaεudiyya Taεrabt"
	},
	"SE": {
		"name": "Ssewwid"
	},
	"SC": {
		"name": "Ssicil"
	},
	"CN": {
		"name": "Ṣṣin"
	},
	"SN": {
		"name": "Ssiniɣal"
	},
	"SD": {
		"name": "Ssudan"
	},
	"SO": {
		"name": "Ṣṣumal"
	},
	"BL": {
		"name": "St. Barthélemy"
	},
	"MF": {
		"name": "St. Martin"
	},
	"SR": {
		"name": "Surinam"
	},
	"SY": {
		"name": "Surya"
	},
	"SJ": {
		"name": "Svalbard & Jan Mayen"
	},
	"SZ": {
		"name": "Swazilanḍa"
	},
	"CH": {
		"name": "Swisra"
	},
	"ZA": {
		"name": "Tafrikt Tunẓul"
	},
	"CF": {
		"name": "Tagduda n Afrika Wammas"
	},
	"CZ": {
		"name": "Tagduda n Čik"
	},
	"DO": {
		"name": "Tagduda n Ḍuminikan"
	},
	"CD": {
		"name": "Tagduda Tadimuqraṭit n Kungu"
	},
	"GB": {
		"name": "Tagelda Taddukelt"
	},
	"TJ": {
		"name": "Ṭaǧikistan"
	},
	"CI": {
		"name": "Taɣazut n Uszer"
	},
	"TZ": {
		"name": "Ṭanzanya"
	},
	"TH": {
		"name": "Ṭaylanḍa"
	},
	"TW": {
		"name": "Ṭaywan"
	},
	"TD": {
		"name": "Tcad"
	},
	"VG": {
		"name": "Tigzirin (Virgin) Tibṛiṭaniyin"
	},
	"FK": {
		"name": "Tigzirin n Falkland"
	},
	"CV": {
		"name": "Tigzirin n Iɣf Uzegzaw"
	},
	"KY": {
		"name": "Tigzirin n Kayman"
	},
	"CK": {
		"name": "Tigzirin n Kuk"
	},
	"MH": {
		"name": "Tigzirin n Marcal"
	},
	"MP": {
		"name": "Tigzirin n Maryana Tugafat"
	},
	"SB": {
		"name": "Tigzirin n Salumun"
	},
	"VI": {
		"name": "Tigzirin n Virjin n Iwunak Yedduklen"
	},
	"TC": {
		"name": "Tigzirin Turkiyyin d Tikaykusin"
	},
	"NF": {
		"name": "Tigzirt Nurfulk"
	},
	"TL": {
		"name": "Timur Tagmuṭ"
	},
	"TT": {
		"name": "Trinidad d Ṭubagu"
	},
	"TA": {
		"name": "Tristan da Cunha"
	},
	"TG": {
		"name": "Ṭṭugu"
	},
	"TK": {
		"name": "Tuklu"
	},
	"TN": {
		"name": "Tunes"
	},
	"TO": {
		"name": "Ṭunga"
	},
	"TM": {
		"name": "Turkmanistan"
	},
	"TR": {
		"name": "Turkya"
	},
	"TV": {
		"name": "Ṭuvalu"
	},
	"UM": {
		"name": "U.S. Outlying Islands"
	},
	"UG": {
		"name": "Uɣanda"
	},
	"UA": {
		"name": "Ukranya"
	},
	"JO": {
		"name": "Urḍun"
	},
	"UY": {
		"name": "Urugway"
	},
	"AU": {
		"name": "Usṭralya"
	},
	"AT": {
		"name": "Ustriyya"
	},
	"UZ": {
		"name": "Uzbakistan"
	},
	"VU": {
		"name": "Vanwatu"
	},
	"VE": {
		"name": "Vinzwilla"
	},
	"VN": {
		"name": "Viṭnam"
	},
	"WF": {
		"name": "Walis d Futuna"
	},
	"EH": {
		"name": "Western Sahara"
	},
	"YE": {
		"name": "Yaman"
	},
	"GR": {
		"name": "Yunan"
	},
	"ZM": {
		"name": "Zambya"
	},
	"NZ": {
		"name": "Zilanḍa Tamaynut"
	},
	"ZW": {
		"name": "Zimbabwi"
	}
}