{
	"UM": {
		"name": "ئا ق ش تاشقى ئاراللىرى"
	},
	"VI": {
		"name": "ئا ق ش ۋىرگىن ئاراللىرى"
	},
	"AR": {
		"name": "ئارگېنتىنا"
	},
	"AW": {
		"name": "ئارۇبا"
	},
	"AC": {
		"name": "ئاسسېنسىيون ئارىلى"
	},
	"AF": {
		"name": "ئافغانىستان"
	},
	"AX": {
		"name": "ئالاند ئاراللىرى"
	},
	"AL": {
		"name": "ئالبانىيە"
	},
	"DZ": {
		"name": "ئالجىرىيە"
	},
	"AS": {
		"name": "ئامېرىكا ساموئا"
	},
	"US": {
		"name": "ئامېرىكا قوشما ئىشتاتلىرى"
	},
	"AQ": {
		"name": "ئانتاركتىكا"
	},
	"AG": {
		"name": "ئانتىگۇئا ۋە باربۇدا"
	},
	"AD": {
		"name": "ئاندوررا"
	},
	"AO": {
		"name": "ئانگولا"
	},
	"AI": {
		"name": "ئانگۋىللا"
	},
	"AU": {
		"name": "ئاۋسترالىيە"
	},
	"MO": {
		"name": "ئاۋمېن ئالاھىدە مەمۇرىي رايونى"
	},
	"AT": {
		"name": "ئاۋىستىرىيە"
	},
	"AE": {
		"name": "ئەرەب بىرلەشمە خەلىپىلىكى"
	},
	"AM": {
		"name": "ئەرمېنىيە"
	},
	"AZ": {
		"name": "ئەزەربەيجان"
	},
	"VG": {
		"name": "ئەنگلىيە ۋىرگىن ئاراللىرى"
	},
	"IO": {
		"name": "ئەنگلىيەگە قاراشلىق ھىندى ئوكيان تېررىتورىيەسى"
	},
	"CF": {
		"name": "ئوتتۇرا ئافرىقا جۇمھۇرىيىتى"
	},
	"OM": {
		"name": "ئومان"
	},
	"UY": {
		"name": "ئۇرۇگۋاي"
	},
	"UA": {
		"name": "ئۇكرائىنا"
	},
	"UG": {
		"name": "ئۇگاندا"
	},
	"UZ": {
		"name": "ئۆزبېكىستان"
	},
	"ER": {
		"name": "ئېرىترىيە"
	},
	"EE": {
		"name": "ئېستونىيە"
	},
	"ET": {
		"name": "ئېفىيوپىيە"
	},
	"EC": {
		"name": "ئېكۋاتور"
	},
	"GQ": {
		"name": "ئېكۋاتور گىۋىنىيەسى"
	},
	"IT": {
		"name": "ئىتالىيە"
	},
	"IQ": {
		"name": "ئىراق"
	},
	"IR": {
		"name": "ئىران"
	},
	"IE": {
		"name": "ئىرېلاندىيە"
	},
	"ES": {
		"name": "ئىسپانىيە"
	},
	"IL": {
		"name": "ئىسرائىلىيە"
	},
	"IS": {
		"name": "ئىسلاندىيە"
	},
	"JO": {
		"name": "ئىيوردانىيە"
	},
	"BB": {
		"name": "باربادوس"
	},
	"BS": {
		"name": "باھاما"
	},
	"BH": {
		"name": "بەھرەين"
	},
	"BW": {
		"name": "بوتسۋانا"
	},
	"BA": {
		"name": "بوسىنىيە ۋە گېرتسېگوۋىنا"
	},
	"BO": {
		"name": "بولىۋىيە"
	},
	"BT": {
		"name": "بۇتان"
	},
	"BF": {
		"name": "بۇركىنا فاسو"
	},
	"BI": {
		"name": "بۇرۇندى"
	},
	"BG": {
		"name": "بۇلغارىيە"
	},
	"BM": {
		"name": "بېرمۇدا"
	},
	"BY": {
		"name": "بېلارۇسىيە"
	},
	"BE": {
		"name": "بېلگىيە"
	},
	"BZ": {
		"name": "بېلىز"
	},
	"BD": {
		"name": "بېنگال"
	},
	"BJ": {
		"name": "بېنىن"
	},
	"BR": {
		"name": "بىرازىلىيە"
	},
	"GB": {
		"name": "بىرلەشمە پادىشاھلىق"
	},
	"MM": {
		"name": "بىرما"
	},
	"BN": {
		"name": "بىرۇنېي"
	},
	"PG": {
		"name": "پاپۇئا يېڭى گىۋىنىيەسى"
	},
	"PY": {
		"name": "پاراگۋاي"
	},
	"PK": {
		"name": "پاكىستان"
	},
	"PW": {
		"name": "پالائۇ"
	},
	"PA": {
		"name": "پاناما"
	},
	"PS": {
		"name": "پەلەستىن زېمىنى"
	},
	"PT": {
		"name": "پورتۇگالىيە"
	},
	"PL": {
		"name": "پولشا"
	},
	"PR": {
		"name": "پۇئېرتو رىكو"
	},
	"PE": {
		"name": "پېرۇ"
	},
	"PN": {
		"name": "پىتكايرن ئاراللىرى"
	},
	"TJ": {
		"name": "تاجىكىستان"
	},
	"TZ": {
		"name": "تانزانىيە"
	},
	"TH": {
		"name": "تايلاند"
	},
	"TW": {
		"name": "تەيۋەن"
	},
	"TA": {
		"name": "ترىستان داكۇنھا"
	},
	"TK": {
		"name": "توكېلاۋ"
	},
	"TG": {
		"name": "توگو"
	},
	"TO": {
		"name": "تونگا"
	},
	"TC": {
		"name": "تۇركس ۋە كايكوس ئاراللىرى"
	},
	"TN": {
		"name": "تۇنىس"
	},
	"TV": {
		"name": "تۇۋالۇ"
	},
	"TM": {
		"name": "تۈركمەنىستان"
	},
	"TR": {
		"name": "تۈركىيە"
	},
	"TT": {
		"name": "تىرىنىداد ۋە توباگو"
	},
	"GI": {
		"name": "جەبىلتارىق"
	},
	"ZA": {
		"name": "جەنۇبىي ئافرىقا"
	},
	"GS": {
		"name": "جەنۇبىي جورجىيە ۋە جەنۇبىي ساندۋىچ ئاراللىرى"
	},
	"SS": {
		"name": "جەنۇبىي سۇدان"
	},
	"CN": {
		"name": "جۇڭگو"
	},
	"JE": {
		"name": "جېرسېي"
	},
	"DJ": {
		"name": "جىبۇتى"
	},
	"TD": {
		"name": "چاد"
	},
	"KP": {
		"name": "چاۋشيەن"
	},
	"CZ": {
		"name": "چېخ جۇمھۇرىيىتى"
	},
	"CL": {
		"name": "چىلى"
	},
	"DK": {
		"name": "دانىيە"
	},
	"DM": {
		"name": "دومىنىكا"
	},
	"DO": {
		"name": "دومىنىكا جۇمھۇرىيىتى"
	},
	"DG": {
		"name": "دېگو-گارشىيا"
	},
	"RO": {
		"name": "رومىنىيە"
	},
	"RU": {
		"name": "رۇسىيە"
	},
	"RE": {
		"name": "رېيۇنىيون"
	},
	"RW": {
		"name": "رىۋاندا"
	},
	"ZM": {
		"name": "زامبىيە"
	},
	"ZW": {
		"name": "زىمبابۋې"
	},
	"SV": {
		"name": "سالۋادور"
	},
	"WS": {
		"name": "ساموئا"
	},
	"ST": {
		"name": "سان تومې ۋە پرىنسىپې"
	},
	"SM": {
		"name": "سان مارىنو"
	},
	"BL": {
		"name": "ساينت بارتېلېمى"
	},
	"PM": {
		"name": "ساينت پىيېر ۋە مىكېلون ئاراللىرى"
	},
	"KN": {
		"name": "ساينت كىتىس ۋە نېۋىس"
	},
	"LC": {
		"name": "ساينت لۇسىيە"
	},
	"MF": {
		"name": "ساينت مارتىن"
	},
	"VC": {
		"name": "ساينت ۋىنسېنت ۋە گىرېنادىنېس"
	},
	"SH": {
		"name": "ساينىت ھېلېنا"
	},
	"SA": {
		"name": "سەئۇدىي ئەرەبىستان"
	},
	"SB": {
		"name": "سولومون ئاراللىرى"
	},
	"SO": {
		"name": "سومالى"
	},
	"SD": {
		"name": "سۇدان"
	},
	"SR": {
		"name": "سۇرىنام"
	},
	"SY": {
		"name": "سۇرىيە"
	},
	"RS": {
		"name": "سېربىيە"
	},
	"SL": {
		"name": "سېررالېئون"
	},
	"SN": {
		"name": "سېنېگال"
	},
	"EA": {
		"name": "سېيتا ۋە مېلىلا"
	},
	"SC": {
		"name": "سېيشېل"
	},
	"CY": {
		"name": "سىپرۇس"
	},
	"LK": {
		"name": "سىرىلانكا"
	},
	"SK": {
		"name": "سىلوۋاكىيە"
	},
	"SI": {
		"name": "سىلوۋېنىيە"
	},
	"SX": {
		"name": "سىنت مارتېن"
	},
	"SG": {
		"name": "سىنگاپور"
	},
	"SJ": {
		"name": "سىۋالبارد ۋە يان مايېن"
	},
	"SZ": {
		"name": "سىۋېزىلاند"
	},
	"TL": {
		"name": "شەرقىي تىمور"
	},
	"MP": {
		"name": "شىمالىي مارىيانا ئاراللىرى"
	},
	"CH": {
		"name": "شىۋېتسارىيە"
	},
	"SE": {
		"name": "شىۋېتسىيە"
	},
	"HK": {
		"name": "شياڭگاڭ ئالاھىدە مەمۇرىي رايونى (جۇڭگو)"
	},
	"EH": {
		"name": "غەربىي ساخارا"
	},
	"FO": {
		"name": "فارو ئاراللىرى"
	},
	"FK": {
		"name": "فالكلاند ئاراللىرى"
	},
	"FJ": {
		"name": "فىجى"
	},
	"FR": {
		"name": "فىرانسىيە"
	},
	"PF": {
		"name": "فىرانسىيەگە قاراشلىق پولىنېزىيە"
	},
	"GF": {
		"name": "فىرانسىيەگە قاراشلىق گىۋىيانا"
	},
	"TF": {
		"name": "فىرانسىيەنىڭ جەنۇبىي زېمىنى"
	},
	"PH": {
		"name": "فىلىپپىن"
	},
	"FI": {
		"name": "فىنلاندىيە"
	},
	"QA": {
		"name": "قاتار"
	},
	"ME": {
		"name": "قارا تاغ"
	},
	"KZ": {
		"name": "قازاقىستان"
	},
	"KG": {
		"name": "قىرغىزىستان"
	},
	"BQ": {
		"name": "كارىب دېڭىزى گوللاندىيە"
	},
	"KH": {
		"name": "كامبودژا"
	},
	"CM": {
		"name": "كامېرون"
	},
	"CA": {
		"name": "كانادا"
	},
	"IC": {
		"name": "كانارى ئاراللىرى"
	},
	"KY": {
		"name": "كايمان ئاراللىرى"
	},
	"CI": {
		"name": "كوتې دې ئىۋوئىر"
	},
	"KR": {
		"name": "كورېيە"
	},
	"CR": {
		"name": "كوستارىكا"
	},
	"XK": {
		"name": "كوسوۋو"
	},
	"CC": {
		"name": "كوكوس (كىلىڭ) ئاراللىرى"
	},
	"CO": {
		"name": "كولومبىيە"
	},
	"KM": {
		"name": "كومورو"
	},
	"CG": {
		"name": "كونگو - بىراززاۋىل"
	},
	"CD": {
		"name": "كونگو - كىنشاسا"
	},
	"CU": {
		"name": "كۇبا"
	},
	"CW": {
		"name": "كۇراچاۋ"
	},
	"CK": {
		"name": "كۇك ئاراللىرى"
	},
	"KW": {
		"name": "كۇۋەيت"
	},
	"KE": {
		"name": "كېنىيە"
	},
	"HR": {
		"name": "كىرودىيە"
	},
	"KI": {
		"name": "كىرىباتى"
	},
	"GA": {
		"name": "گابون"
	},
	"GM": {
		"name": "گامبىيە"
	},
	"GH": {
		"name": "گانا"
	},
	"NL": {
		"name": "گوللاندىيە"
	},
	"GU": {
		"name": "گۇئام"
	},
	"GG": {
		"name": "گۇرنسېي"
	},
	"DE": {
		"name": "گېرمانىيە"
	},
	"GE": {
		"name": "گىرۇزىيە"
	},
	"GR": {
		"name": "گىرېتسىيە"
	},
	"GD": {
		"name": "گىرېنادا"
	},
	"GL": {
		"name": "گىرېنلاندىيە"
	},
	"GT": {
		"name": "گىۋاتېمالا"
	},
	"GP": {
		"name": "گىۋادېلۇپ"
	},
	"GN": {
		"name": "گىۋىنىيە"
	},
	"GW": {
		"name": "گىۋىنىيە بىسسائۇ"
	},
	"GY": {
		"name": "گىۋىيانا"
	},
	"LA": {
		"name": "لائوس"
	},
	"LV": {
		"name": "لاتۋىيە"
	},
	"LS": {
		"name": "لېسوتو"
	},
	"LR": {
		"name": "لىبېرىيە"
	},
	"LT": {
		"name": "لىتۋانىيە"
	},
	"LI": {
		"name": "لىكتېنستېين"
	},
	"LB": {
		"name": "لىۋان"
	},
	"LY": {
		"name": "لىۋىيە"
	},
	"LU": {
		"name": "لىيۇكسېمبۇرگ"
	},
	"MG": {
		"name": "ماداغاسقار"
	},
	"MA": {
		"name": "ماراكەش"
	},
	"MQ": {
		"name": "مارتىنىكا"
	},
	"MH": {
		"name": "مارشال ئاراللىرى"
	},
	"MK": {
		"name": "ماكېدونىيە"
	},
	"MW": {
		"name": "مالاۋى"
	},
	"MY": {
		"name": "مالايسىيا"
	},
	"MT": {
		"name": "مالتا"
	},
	"MV": {
		"name": "مالدىۋې"
	},
	"ML": {
		"name": "مالى"
	},
	"IM": {
		"name": "مان ئارىلى"
	},
	"MR": {
		"name": "ماۋرىتانىيە"
	},
	"MU": {
		"name": "ماۋرىتىيۇس"
	},
	"YT": {
		"name": "مايوتى"
	},
	"MZ": {
		"name": "موزامبىك"
	},
	"MN": {
		"name": "موڭغۇلىيە"
	},
	"MD": {
		"name": "مولدوۋا"
	},
	"MC": {
		"name": "موناكو"
	},
	"MS": {
		"name": "مونتسېررات"
	},
	"MX": {
		"name": "مېكسىكا"
	},
	"EG": {
		"name": "مىسىر"
	},
	"FM": {
		"name": "مىكرونېزىيە"
	},
	"CX": {
		"name": "مىلاد ئارىلى"
	},
	"NA": {
		"name": "نامىبىيە"
	},
	"NR": {
		"name": "ناۋرۇ"
	},
	"NF": {
		"name": "نورفولك ئارىلى"
	},
	"NO": {
		"name": "نورۋېگىيە"
	},
	"NP": {
		"name": "نېپال"
	},
	"NI": {
		"name": "نىكاراگۇئا"
	},
	"NE": {
		"name": "نىگېر"
	},
	"NG": {
		"name": "نىگېرىيە"
	},
	"NU": {
		"name": "نيۇئې"
	},
	"HT": {
		"name": "ھايتى"
	},
	"HN": {
		"name": "ھوندۇراس"
	},
	"ID": {
		"name": "ھىندونېزىيە"
	},
	"IN": {
		"name": "ھىندىستان"
	},
	"VA": {
		"name": "ۋاتىكان"
	},
	"WF": {
		"name": "ۋاللىس ۋە فۇتۇنا"
	},
	"VU": {
		"name": "ۋانۇئاتۇ"
	},
	"HU": {
		"name": "ۋېنگىرىيە"
	},
	"VE": {
		"name": "ۋېنېسۇئېلا"
	},
	"VN": {
		"name": "ۋىيېتنام"
	},
	"JP": {
		"name": "ياپونىيە"
	},
	"JM": {
		"name": "يامايكا"
	},
	"YE": {
		"name": "يەمەن"
	},
	"CV": {
		"name": "يېشىل تۇمشۇق"
	},
	"NZ": {
		"name": "يېڭى زېلاندىيە"
	},
	"NC": {
		"name": "يېڭى كالېدونىيە"
	}
}