{
	"AU": {
		"name": "Австралия"
	},
	"AT": {
		"name": "Австрия"
	},
	"VI": {
		"name": "АҚШ Виргин ороллари"
	},
	"UM": {
		"name": "АҚШ ёндош ороллари"
	},
	"AX": {
		"name": "Аланд ороллари"
	},
	"AL": {
		"name": "Албания"
	},
	"US": {
		"name": "Америка Қўшма Штатлари"
	},
	"AS": {
		"name": "Америка Самоаси"
	},
	"AI": {
		"name": "Ангиля"
	},
	"AO": {
		"name": "Ангола"
	},
	"AD": {
		"name": "Андорра"
	},
	"AQ": {
		"name": "Антарктида"
	},
	"AG": {
		"name": "Антигуа ва Барбуда"
	},
	"AR": {
		"name": "Аргентина"
	},
	"AM": {
		"name": "Арманистон"
	},
	"AW": {
		"name": "Аруба"
	},
	"AF": {
		"name": "Афғонистон"
	},
	"BS": {
		"name": "Багама ороллари"
	},
	"BD": {
		"name": "Бангладеш"
	},
	"BB": {
		"name": "Барбадос"
	},
	"BH": {
		"name": "Баҳрайн"
	},
	"BZ": {
		"name": "Белиз"
	},
	"BY": {
		"name": "Белорусия"
	},
	"BE": {
		"name": "Бельгия"
	},
	"BJ": {
		"name": "Бенин"
	},
	"BM": {
		"name": "Бермуда"
	},
	"AE": {
		"name": "Бирлашган Араб Амирликлари"
	},
	"BG": {
		"name": "Болгария"
	},
	"BO": {
		"name": "Боливия"
	},
	"BQ": {
		"name": "Бонейр, Синт-Эстатиус ва Саба"
	},
	"BA": {
		"name": "Босния ва Герцеговина"
	},
	"BW": {
		"name": "Ботсванна"
	},
	"BR": {
		"name": "Бразилия"
	},
	"IO": {
		"name": "Британиянинг Ҳинд океанидаги ҳудуди"
	},
	"VG": {
		"name": "Бртания Виргин ороллари"
	},
	"BN": {
		"name": "Бруней"
	},
	"BF": {
		"name": "Буркина-Фасо"
	},
	"BI": {
		"name": "Бурунди"
	},
	"BT": {
		"name": "Бутан"
	},
	"GB": {
		"name": "Буюк Британия"
	},
	"VU": {
		"name": "Вануату"
	},
	"VA": {
		"name": "Ватикан"
	},
	"HU": {
		"name": "Венгрия"
	},
	"VE": {
		"name": "Венесуэла"
	},
	"VN": {
		"name": "Вьетнам"
	},
	"GA": {
		"name": "Габон"
	},
	"HT": {
		"name": "Гаити"
	},
	"GM": {
		"name": "Гамбия"
	},
	"GH": {
		"name": "Гана"
	},
	"GY": {
		"name": "Гаяна"
	},
	"GP": {
		"name": "Гваделупе"
	},
	"GT": {
		"name": "Гватемала"
	},
	"GN": {
		"name": "Гвинея"
	},
	"GW": {
		"name": "Гвинея-Бисау"
	},
	"DE": {
		"name": "Германия"
	},
	"GG": {
		"name": "Гернси"
	},
	"GI": {
		"name": "Гибралтар"
	},
	"HN": {
		"name": "Гондурас"
	},
	"HK": {
		"name": "Гонконг (Хитой ММҲ)"
	},
	"GD": {
		"name": "Гренада"
	},
	"GL": {
		"name": "Гренландия"
	},
	"GR": {
		"name": "Греция"
	},
	"GE": {
		"name": "Грузия"
	},
	"GU": {
		"name": "Гуам"
	},
	"EH": {
		"name": "Ғарбий Саҳрои Кабир"
	},
	"DK": {
		"name": "Дания"
	},
	"DG": {
		"name": "Диего-Гарсия"
	},
	"DM": {
		"name": "Доминика"
	},
	"DO": {
		"name": "Доминикан Республикаси"
	},
	"DZ": {
		"name": "Жазоир"
	},
	"ZA": {
		"name": "Жанубий Африка Республикаси"
	},
	"GS": {
		"name": "Жанубий Георгия ва Жанубий Сендвич ороллари"
	},
	"KR": {
		"name": "Жанубий Корея"
	},
	"SS": {
		"name": "Жанубий Судан"
	},
	"JE": {
		"name": "Жерси"
	},
	"DJ": {
		"name": "Жибути"
	},
	"ZM": {
		"name": "Замбия"
	},
	"ZW": {
		"name": "Зимбабве"
	},
	"ID": {
		"name": "Индонезия"
	},
	"JO": {
		"name": "Иордания"
	},
	"IE": {
		"name": "Ирландия"
	},
	"IQ": {
		"name": "Ироқ"
	},
	"IS": {
		"name": "Исландия"
	},
	"ES": {
		"name": "Испания"
	},
	"IL": {
		"name": "Исроил"
	},
	"IT": {
		"name": "Италия"
	},
	"CV": {
		"name": "Кабо-Верде"
	},
	"KY": {
		"name": "Кайман ороллари"
	},
	"KH": {
		"name": "Камбоджа"
	},
	"CM": {
		"name": "Камерун"
	},
	"CA": {
		"name": "Канада"
	},
	"IC": {
		"name": "Канар ороллари"
	},
	"KE": {
		"name": "Кения"
	},
	"CY": {
		"name": "Кипр"
	},
	"KI": {
		"name": "Кирибати"
	},
	"CC": {
		"name": "Кокос (Килинг) ороллари"
	},
	"CO": {
		"name": "Колумбия"
	},
	"KM": {
		"name": "Комор ороллари"
	},
	"CG": {
		"name": "Конго Браззавиль"
	},
	"CD": {
		"name": "Конго-Киншаса"
	},
	"XK": {
		"name": "Косово"
	},
	"CR": {
		"name": "Коста-Рика"
	},
	"CI": {
		"name": "Кот-д’Ивуар"
	},
	"CU": {
		"name": "Куба"
	},
	"CK": {
		"name": "Кук ороллари"
	},
	"CW": {
		"name": "Кюрасао"
	},
	"QA": {
		"name": "Қатар"
	},
	"KG": {
		"name": "Қирғизистон"
	},
	"KZ": {
		"name": "Қозоғистон"
	},
	"KW": {
		"name": "Қувайт"
	},
	"LA": {
		"name": "Лаос"
	},
	"LV": {
		"name": "Латвия"
	},
	"LS": {
		"name": "Лесото"
	},
	"LR": {
		"name": "Либерия"
	},
	"LB": {
		"name": "Ливан"
	},
	"LY": {
		"name": "Ливия"
	},
	"LT": {
		"name": "Литва"
	},
	"LI": {
		"name": "Лихтенштейн"
	},
	"LU": {
		"name": "Люксембург"
	},
	"MU": {
		"name": "Маврикий"
	},
	"MR": {
		"name": "Мавритания"
	},
	"MG": {
		"name": "Мадагаскар"
	},
	"YT": {
		"name": "Майотта"
	},
	"MO": {
		"name": "Макао (Хитой ММҲ)"
	},
	"MK": {
		"name": "Македония"
	},
	"MW": {
		"name": "Малави"
	},
	"MY": {
		"name": "Малайзия"
	},
	"ML": {
		"name": "Мали"
	},
	"MV": {
		"name": "Мальдив ороллари"
	},
	"MT": {
		"name": "Мальта"
	},
	"CF": {
		"name": "Марказий Африка Республикаси"
	},
	"MA": {
		"name": "Марокаш"
	},
	"MQ": {
		"name": "Мартиника"
	},
	"MH": {
		"name": "Маршал ороллари"
	},
	"MX": {
		"name": "Мексика"
	},
	"AC": {
		"name": "Меърож ороли"
	},
	"FM": {
		"name": "Микронезия"
	},
	"EG": {
		"name": "Миср"
	},
	"MZ": {
		"name": "Мозамбик"
	},
	"MD": {
		"name": "Молдова"
	},
	"MC": {
		"name": "Монако"
	},
	"MN": {
		"name": "Монголия"
	},
	"MS": {
		"name": "Монтсеррат"
	},
	"SH": {
		"name": "Муқаддас Елена ороли"
	},
	"MM": {
		"name": "Мьянма (Бирма)"
	},
	"IM": {
		"name": "Мэн ороли"
	},
	"NA": {
		"name": "Намибия"
	},
	"NR": {
		"name": "Науру"
	},
	"NP": {
		"name": "Непал"
	},
	"NE": {
		"name": "Нигер"
	},
	"NG": {
		"name": "Нигерия"
	},
	"NL": {
		"name": "Нидерландия"
	},
	"NI": {
		"name": "Никарагуа"
	},
	"NU": {
		"name": "Ниуэ"
	},
	"NO": {
		"name": "Норвегия"
	},
	"NF": {
		"name": "Норфолк ороллари"
	},
	"AZ": {
		"name": "Озарбайжон"
	},
	"PW": {
		"name": "Палау"
	},
	"PA": {
		"name": "Панама"
	},
	"PG": {
		"name": "Папуа - Янги Гвинея"
	},
	"PY": {
		"name": "Парагвай"
	},
	"PE": {
		"name": "Перу"
	},
	"PN": {
		"name": "Питкэрн ороллари"
	},
	"PK": {
		"name": "Покистон"
	},
	"PL": {
		"name": "Польша"
	},
	"PT": {
		"name": "Португалия"
	},
	"PR": {
		"name": "Пуэрто-Рико"
	},
	"RE": {
		"name": "Реюнион"
	},
	"CX": {
		"name": "Рождество ороли"
	},
	"RU": {
		"name": "Россия"
	},
	"RW": {
		"name": "Руанда"
	},
	"RO": {
		"name": "Руминия"
	},
	"SV": {
		"name": "Салвадор"
	},
	"WS": {
		"name": "Самоа"
	},
	"SM": {
		"name": "Сан-Марино"
	},
	"ST": {
		"name": "Сан-Томе ва Принсипи"
	},
	"SA": {
		"name": "Саудия Арабистони"
	},
	"SZ": {
		"name": "Свазиленд"
	},
	"SJ": {
		"name": "Свалбард ва Ян-Майен"
	},
	"SC": {
		"name": "Сейшел ороллари"
	},
	"BL": {
		"name": "Сен-Бартелеми"
	},
	"SN": {
		"name": "Сенегал"
	},
	"VC": {
		"name": "Сент-Винсент ва Гренадин"
	},
	"KN": {
		"name": "Сент-Китс ва Невис"
	},
	"LC": {
		"name": "Сент-Люсия"
	},
	"MF": {
		"name": "Сент-Мартин"
	},
	"PM": {
		"name": "Сент-Пьер ва Микелон"
	},
	"RS": {
		"name": "Сербия"
	},
	"SG": {
		"name": "Сингапур"
	},
	"SX": {
		"name": "Синт-Мартен"
	},
	"SK": {
		"name": "Словакия"
	},
	"SI": {
		"name": "Словения"
	},
	"SB": {
		"name": "Соломон ороллари"
	},
	"SO": {
		"name": "Сомали"
	},
	"SD": {
		"name": "Судан"
	},
	"SR": {
		"name": "Суринам"
	},
	"SY": {
		"name": "Сурия"
	},
	"SL": {
		"name": "Сьерра-Леоне"
	},
	"EA": {
		"name": "Сэута ва Мелилла"
	},
	"TH": {
		"name": "Таиланд"
	},
	"TW": {
		"name": "Тайван"
	},
	"TZ": {
		"name": "Танзания"
	},
	"TL": {
		"name": "Тимор-Лесте"
	},
	"TG": {
		"name": "Того"
	},
	"TJ": {
		"name": "Тожикистон"
	},
	"TK": {
		"name": "Токелау"
	},
	"TO": {
		"name": "Тонга"
	},
	"TT": {
		"name": "Тринидад ва Тобаго"
	},
	"TA": {
		"name": "Тристан-да-Куня"
	},
	"TV": {
		"name": "Тувалу"
	},
	"TN": {
		"name": "Тунис"
	},
	"TR": {
		"name": "Туркия"
	},
	"TM": {
		"name": "Туркманистон"
	},
	"TC": {
		"name": "Туркс ва Кайкос ороллари"
	},
	"UG": {
		"name": "Уганда"
	},
	"UZ": {
		"name": "Ўзбекистон"
	},
	"UA": {
		"name": "Украина"
	},
	"OM": {
		"name": "Уммон"
	},
	"WF": {
		"name": "Уоллис ва Футуна"
	},
	"UY": {
		"name": "Уругвай"
	},
	"PS": {
		"name": "Фаластин ҳудуди"
	},
	"FO": {
		"name": "Фарер ороллари"
	},
	"FJ": {
		"name": "Фижи"
	},
	"PH": {
		"name": "Филиппин"
	},
	"FI": {
		"name": "Финляндия"
	},
	"FK": {
		"name": "Фолкленд ороллари"
	},
	"FR": {
		"name": "Франция"
	},
	"GF": {
		"name": "Француз Гвианаси"
	},
	"TF": {
		"name": "Француз жанубий худудлари"
	},
	"PF": {
		"name": "Француз Полинезияси"
	},
	"CN": {
		"name": "Хитой"
	},
	"HR": {
		"name": "Хорватия"
	},
	"IN": {
		"name": "Ҳиндистон"
	},
	"TD": {
		"name": "Чад"
	},
	"ME": {
		"name": "Черногория"
	},
	"CZ": {
		"name": "Чехия Республикаси"
	},
	"CL": {
		"name": "Чили"
	},
	"CH": {
		"name": "Швейцария"
	},
	"SE": {
		"name": "Швеция"
	},
	"KP": {
		"name": "Шимолий Корея"
	},
	"MP": {
		"name": "Шимолий Марианна ороллари"
	},
	"LK": {
		"name": "Шри-Ланка"
	},
	"EC": {
		"name": "Эквадор"
	},
	"GQ": {
		"name": "Экваториал Гвинея"
	},
	"ER": {
		"name": "Эритрея"
	},
	"IR": {
		"name": "Эрон"
	},
	"EE": {
		"name": "Эстония"
	},
	"ET": {
		"name": "Эфиопия"
	},
	"JM": {
		"name": "Ямайка"
	},
	"YE": {
		"name": "Яман"
	},
	"NZ": {
		"name": "Янги Зеландия"
	},
	"NC": {
		"name": "Янги Каледония"
	},
	"JP": {
		"name": "Япония"
	}
}