{
	"AX": {
		"name": "Åland Islands"
	},
	"AQ": {
		"name": "Antarctica"
	},
	"AC": {
		"name": "Ascension Island"
	},
	"IC": {
		"name": "Canary Islands"
	},
	"BQ": {
		"name": "Caribbean Netherlands"
	},
	"EA": {
		"name": "Ceuta & Melilla"
	},
	"CX": {
		"name": "Christmas Island"
	},
	"CC": {
		"name": "Cocos (Keeling) Islands"
	},
	"CW": {
		"name": "Curaçao"
	},
	"DG": {
		"name": "Diego Garcia"
	},
	"FO": {
		"name": "Faroe Islands"
	},
	"TF": {
		"name": "French Southern Territories"
	},
	"GG": {
		"name": "Guernsey"
	},
	"HK": {
		"name": "Hong Kong SAR China"
	},
	"IM": {
		"name": "Isle of Man"
	},
	"JE": {
		"name": "Jersey"
	},
	"XK": {
		"name": "Kosovo"
	},
	"MO": {
		"name": "Macau SAR China"
	},
	"ME": {
		"name": "Montenegro"
	},
	"RS": {
		"name": "Serbia"
	},
	"SX": {
		"name": "Sint Maarten"
	},
	"GS": {
		"name": "South Georgia & South Sandwich Islands"
	},
	"SS": {
		"name": "South Sudan"
	},
	"BL": {
		"name": "St. Barthélemy"
	},
	"MF": {
		"name": "St. Martin"
	},
	"SJ": {
		"name": "Svalbard & Jan Mayen"
	},
	"TA": {
		"name": "Tristan da Cunha"
	},
	"UM": {
		"name": "U.S. Outlying Islands"
	},
	"VA": {
		"name": "Vatican City"
	},
	"EH": {
		"name": "Western Sahara"
	},
	"ER": {
		"name": "ꔀꔸꔳꕟ"
	},
	"BZ": {
		"name": "ꔆꔷꔘ"
	},
	"SL": {
		"name": "ꔋꕩ ꕒꕌꖺ ꕸꖃꔀ"
	},
	"TL": {
		"name": "ꔎꔒ ꗃ ꔳꗞꖻ"
	},
	"LY": {
		"name": "ꔒꔫꕩ"
	},
	"LB": {
		"name": "ꔒꕑꗟꘋ"
	},
	"RE": {
		"name": "ꔓꗠꖻ"
	},
	"SC": {
		"name": "ꔖꗼꔷ"
	},
	"CL": {
		"name": "ꔚꔷ"
	},
	"IO": {
		"name": "ꔛꔟꔻ ꔤꔺꕩ ꗛꔤꘂ ꕗꕴꔀ ꕮ"
	},
	"VG": {
		"name": "ꔛꔟꔻ ꗩꗡ ꗏ ꖷꖬ ꔳꘋꗣ"
	},
	"JP": {
		"name": "ꔛꗨꗢ"
	},
	"YE": {
		"name": "ꔝꘈꘋ"
	},
	"KY": {
		"name": "ꔞꔀꕮꘋ ꔳꘋꗣ"
	},
	"CV": {
		"name": "ꔞꔪ ꗲꔵ ꔳꘋꗣ"
	},
	"KE": {
		"name": "ꔞꕰ"
	},
	"ET": {
		"name": "ꔤꔳꖎꔪꕩ"
	},
	"IN": {
		"name": "ꔤꔺꕩ"
	},
	"IT": {
		"name": "ꔤꕚꔷ"
	},
	"IQ": {
		"name": "ꔤꕟꕃ"
	},
	"IR": {
		"name": "ꔤꕟꘋ"
	},
	"ID": {
		"name": "ꔤꖆꕇꔻꕩ"
	},
	"PN": {
		"name": "ꔪꔳꕪꕆ"
	},
	"PR": {
		"name": "ꔪꖳꕿ ꔸꖏ"
	},
	"PH": {
		"name": "ꔱꔒꔪꘋ"
	},
	"FJ": {
		"name": "ꔱꔤꕀ"
	},
	"FI": {
		"name": "ꔱꘋ ꖨꕮꕊ"
	},
	"LS": {
		"name": "ꔷꖇꕿ"
	},
	"LT": {
		"name": "ꔷꖤꔃꕇꕰ"
	},
	"LI": {
		"name": "ꔷꗿꘋꔻꗳꘋ"
	},
	"SN": {
		"name": "ꔻꕇꕭꕌ"
	},
	"SY": {
		"name": "ꔻꕩꘋ"
	},
	"SG": {
		"name": "ꔻꕬꕶꕱ"
	},
	"SI": {
		"name": "ꔻꖃꔍꕇꕰ"
	},
	"SK": {
		"name": "ꔻꖃꕙꕃꕩ"
	},
	"PM": {
		"name": "ꔻꘋ ꔪꘂ ꗪ ꕆꔞꗏꘋ"
	},
	"VC": {
		"name": "ꔻꘋ ꔲꘋꔻꘋ ꗪ ꖶꔓꕯꔵꘋ ꖸ"
	},
	"KN": {
		"name": "ꔻꘋ ꕃꔳꔻ ꗪ ꔕꔲꔻ"
	},
	"LC": {
		"name": "ꔻꘋ ꖨꔻꕩ"
	},
	"SH": {
		"name": "ꔻꘋ ꗥꔷꕯ"
	},
	"NZ": {
		"name": "ꔽꔤ ꖨꕮ ꕯꕮꕊ"
	},
	"ZW": {
		"name": "ꔽꕓꖜꔃ"
	},
	"DJ": {
		"name": "ꕀꖜꔳ"
	},
	"GI": {
		"name": "ꕀꖜꕟꕚ"
	},
	"KI": {
		"name": "ꕃꔸꕑꔳ"
	},
	"KG": {
		"name": "ꕃꕅꔻꕚꘋ"
	},
	"CU": {
		"name": "ꕃꖳꕑ"
	},
	"GN": {
		"name": "ꕅꔤꕇ"
	},
	"GW": {
		"name": "ꕅꔤꕇ ꔫꕢꕴ"
	},
	"EG": {
		"name": "ꕆꔖꕞ"
	},
	"MM": {
		"name": "ꕆꕩꘋꕮ"
	},
	"FM": {
		"name": "ꕆꖏꕇꔻꕩ"
	},
	"NP": {
		"name": "ꕇꕐꔷ"
	},
	"NI": {
		"name": "ꕇꕪꕟꖶꕎ"
	},
	"IE": {
		"name": "ꕉꔓ ꖨꕮꕊ"
	},
	"IS": {
		"name": "ꕉꔤꔻ ꖨꕮꕊ"
	},
	"ZA": {
		"name": "ꕉꔱꔸꕪ ꗛꔤ ꔒꘋꗣ ꗏ ꕸꖃꔀ"
	},
	"CF": {
		"name": "ꕉꔱꔸꕪ ꗳ ꗳ ꕸꖃꔀ"
	},
	"AF": {
		"name": "ꕉꔱꕭꔕꔻꕚꘋ"
	},
	"DZ": {
		"name": "ꕉꔷꔠꔸꕩ"
	},
	"AL": {
		"name": "ꕉꔷꕑꕇꕩ"
	},
	"AI": {
		"name": "ꕉꕄꕞ"
	},
	"AM": {
		"name": "ꕉꕆꕯ"
	},
	"AZ": {
		"name": "ꕉꕤꕑꔤꕧꘋ"
	},
	"AD": {
		"name": "ꕉꖆꕟ"
	},
	"AO": {
		"name": "ꕉꖐꕞ"
	},
	"AW": {
		"name": "ꕉꖩꕑ"
	},
	"AR": {
		"name": "ꕉꘀꘋꔳꕯ"
	},
	"AG": {
		"name": "ꕉꘋꔳꖶꕎ ꗪ ꕑꖜꕜ"
	},
	"HT": {
		"name": "ꕌꔤꔳ"
	},
	"WF": {
		"name": "ꕎꔷꔻ ꗪ ꖢꖤꕯ"
	},
	"PS": {
		"name": "ꕐꔒꔻꔳꕯ ꔎꔒ ꕀꔤ ꗛꔤ ꕞ ꗱ ꗪ ꕭꕌꕤ"
	},
	"PK": {
		"name": "ꕐꕃꔻꕚꘋ"
	},
	"PY": {
		"name": "ꕐꕟꗝꔀ"
	},
	"PA": {
		"name": "ꕐꕯꕮ"
	},
	"PW": {
		"name": "ꕐꖃ"
	},
	"PG": {
		"name": "ꕐꖛꕎ ꕅꔤꕇ ꕯꕮꕊ"
	},
	"ES": {
		"name": "ꕐꘊꔧ"
	},
	"BB": {
		"name": "ꕑꔆꖁꔻ"
	},
	"BD": {
		"name": "ꕑꕅꕞꗵꔼ"
	},
	"IL": {
		"name": "ꕑꕇꔻꕞꔤꕞ"
	},
	"BS": {
		"name": "ꕑꕌꕮꔻ"
	},
	"BH": {
		"name": "ꕑꗸꘋ"
	},
	"FK": {
		"name": "ꕘꔷꕃ ꖨꕮ ꔳꘋꗣ"
	},
	"VE": {
		"name": "ꕙꔳꕪꘋ ꕸꖃꔀ"
	},
	"VU": {
		"name": "ꕙꖸꕎꖤ"
	},
	"TH": {
		"name": "ꕚꔤ ꖨꕮꕊ"
	},
	"TW": {
		"name": "ꕚꔤꕎꘋ"
	},
	"TJ": {
		"name": "ꕚꕀꕃꔻꕚꘋ"
	},
	"TV": {
		"name": "ꕚꖣꖨ"
	},
	"TZ": {
		"name": "ꕚꘋꕤꕇꕰ"
	},
	"DK": {
		"name": "ꕜꕇꕮꕃ"
	},
	"LR": {
		"name": "ꕞꔤꔫꕩ"
	},
	"LV": {
		"name": "ꕞꔳꔲꕩ"
	},
	"SA": {
		"name": "ꕞꕌꖝ ꕸꖃꔀ"
	},
	"LA": {
		"name": "ꕞꕴꔻ"
	},
	"RW": {
		"name": "ꕟꖙꕡ"
	},
	"ST": {
		"name": "ꕢꕴ ꕿꔈ ꗪ ꕉ ꕮꔧ ꕗꕴꔀ"
	},
	"WS": {
		"name": "ꕢꕹꖙꕉ"
	},
	"CY": {
		"name": "ꕢꗡꖛꗐꔻ"
	},
	"ZM": {
		"name": "ꕤꔭꕩ"
	},
	"CN": {
		"name": "ꕦꔤꕯ"
	},
	"TD": {
		"name": "ꕦꔵ"
	},
	"GL": {
		"name": "ꕧꕓ ꖴꕎ ꖨꕮꕊ"
	},
	"DE": {
		"name": "ꕧꕮꔧ"
	},
	"JM": {
		"name": "ꕧꕮꔧꕪ"
	},
	"CM": {
		"name": "ꕪꔈꖩꘋ"
	},
	"NC": {
		"name": "ꕪꔷꖁꕇꕰ ꕯꕮꕊ"
	},
	"QA": {
		"name": "ꕪꕚꕌ"
	},
	"KZ": {
		"name": "ꕪꕤꔻꕚꘋ"
	},
	"CA": {
		"name": "ꕪꕯꕜ"
	},
	"KH": {
		"name": "ꕪꕹꔵꕩ"
	},
	"GM": {
		"name": "ꕭꔭꕩ"
	},
	"GH": {
		"name": "ꕭꕌꕯ"
	},
	"GA": {
		"name": "ꕭꕷꘋ"
	},
	"MY": {
		"name": "ꕮꔒꔻꕩ"
	},
	"MK": {
		"name": "ꕮꔖꖁꕇꕰ"
	},
	"MQ": {
		"name": "ꕮꔳꕇꕃ"
	},
	"ML": {
		"name": "ꕮꔷ"
	},
	"MV": {
		"name": "ꕮꔷꕜꔍ"
	},
	"SM": {
		"name": "ꕮꔸꖆ ꕢꘋ"
	},
	"MT": {
		"name": "ꕮꕊꕚ"
	},
	"MH": {
		"name": "ꕮꕊꕣ ꔳꘋꗣ"
	},
	"MG": {
		"name": "ꕮꕜꕭꔻꕪ"
	},
	"MW": {
		"name": "ꕮꕞꕌꔨ"
	},
	"YT": {
		"name": "ꕮꗚꔎ"
	},
	"NG": {
		"name": "ꕯꔤꕀꔸꕩ"
	},
	"NE": {
		"name": "ꕯꔤꕧ"
	},
	"NA": {
		"name": "ꕯꕆꔫꕩ"
	},
	"OM": {
		"name": "ꕱꕮꘋ"
	},
	"US": {
		"name": "ꕶꕱ"
	},
	"AS": {
		"name": "ꕶꕱ ꕢꕹꕎ"
	},
	"VI": {
		"name": "ꕶꕱ ꗩꗡ ꗏ ꖷꖬ ꔳꘋꗣ"
	},
	"PT": {
		"name": "ꕶꕿꕃꔤ ꕸꖃꔀ"
	},
	"PL": {
		"name": "ꕶꗷꘋ"
	},
	"BO": {
		"name": "ꕷꔷꔲꕩ"
	},
	"BA": {
		"name": "ꕷꔻꕇꕰ ꗪ ꗥꕤꖑꔲꕯ"
	},
	"BF": {
		"name": "ꕷꕃꕯ ꕘꖇ"
	},
	"BW": {
		"name": "ꕷꖬꕎꕯ"
	},
	"MZ": {
		"name": "ꕹꕤꔭꕃ"
	},
	"TK": {
		"name": "ꕿꔞꖃ"
	},
	"TG": {
		"name": "ꕿꖑ"
	},
	"DM": {
		"name": "ꖁꕆꕇꕪ"
	},
	"DO": {
		"name": "ꖁꕆꕇꕪꘋ ꕸꕱꔀ"
	},
	"RO": {
		"name": "ꖄꕆꕇꕰ"
	},
	"NR": {
		"name": "ꖆꖩ"
	},
	"SO": {
		"name": "ꖇꕮꔷꕩ"
	},
	"HR": {
		"name": "ꖏꔓꔻꕩ"
	},
	"CI": {
		"name": "ꖏꔳ ꕾꕎ"
	},
	"KR": {
		"name": "ꖏꔸꕩ ꗛꔤ ꔒꘋꗣ ꗏ"
	},
	"KP": {
		"name": "ꖏꔸꕩ ꗛꔤ ꕪꘋꗒ"
	},
	"CR": {
		"name": "ꖏꔻꕚ ꔸꕪ"
	},
	"CK": {
		"name": "ꖏꕃ ꔳꘋꗣ"
	},
	"KM": {
		"name": "ꖏꕹꖄꔻ"
	},
	"CG": {
		"name": "ꖏꖐ"
	},
	"CD": {
		"name": "ꖏꖐ ꗵꗞꖴꕟꔎ ꕸꖃꔀ"
	},
	"MD": {
		"name": "ꖒꔷꖁꕙ"
	},
	"GB": {
		"name": "ꖕꕯꔤꗳ"
	},
	"BT": {
		"name": "ꖜꕚꘋ"
	},
	"BR": {
		"name": "ꖜꕟꔘꔀ"
	},
	"BI": {
		"name": "ꖜꖩꔺ"
	},
	"BN": {
		"name": "ꖜꖩꘉꔧ"
	},
	"FR": {
		"name": "ꖢꕟꘋꔻ"
	},
	"TT": {
		"name": "ꖤꔸꔕꕜ ꗪ ꕿꔆꖑ"
	},
	"TN": {
		"name": "ꖤꕇꔻꕩ"
	},
	"GQ": {
		"name": "ꖦꕰꕊ ꗳ ꕅꔤꕇ"
	},
	"CH": {
		"name": "ꖬꔃꕤ ꖨꕮꕊ"
	},
	"SE": {
		"name": "ꖬꔨꗵꘋ"
	},
	"LK": {
		"name": "ꖬꔸ ꕞꘋꕪ"
	},
	"SR": {
		"name": "ꖬꔸꕯꔈ"
	},
	"SZ": {
		"name": "ꖬꕎꔽ ꖨꕮꕊ"
	},
	"SB": {
		"name": "ꖬꕞꔤꕮꕊꕯ ꔳꘋꗣ"
	},
	"SD": {
		"name": "ꖬꗵꘋ"
	},
	"UY": {
		"name": "ꖳꔓꗝꔀ"
	},
	"UG": {
		"name": "ꖳꕭꕡ"
	},
	"AE": {
		"name": "ꖳꕯꔤꗳ ꕉꕟꔬ ꗡꕆꔓꔻ"
	},
	"UA": {
		"name": "ꖳꖴꔓꘋ"
	},
	"UZ": {
		"name": "ꖳꗩꕃꔻꕚꘋ"
	},
	"KW": {
		"name": "ꖴꔃꔳ"
	},
	"GT": {
		"name": "ꖶꕎꔎꕮꕞ"
	},
	"GP": {
		"name": "ꖶꕎꔐꖨꔅ"
	},
	"GU": {
		"name": "ꖶꕎꕆ"
	},
	"GD": {
		"name": "ꖶꕟꕯꕜ"
	},
	"GY": {
		"name": "ꖶꕩꕯ"
	},
	"NU": {
		"name": "ꖸꔃꔤ"
	},
	"AT": {
		"name": "ꖺꔻꖤꕎ"
	},
	"AU": {
		"name": "ꖺꖬꖤꔃꔷꕩ"
	},
	"HN": {
		"name": "ꖽꖫꕟ"
	},
	"HU": {
		"name": "ꖽꘋꕭꔓ"
	},
	"BG": {
		"name": "ꗂꔠꔸꕩ"
	},
	"TO": {
		"name": "ꗋꕬ"
	},
	"TR": {
		"name": "ꗋꖺꕃ"
	},
	"TC": {
		"name": "ꗋꖺꕃꔻ ꗪ ꕪꔤꖏꔻ ꔳꘋꗣ"
	},
	"TM": {
		"name": "ꗋꖺꕃꕮꕇꔻꕚꘋ"
	},
	"LU": {
		"name": "ꗏꔻꘋꗂꖺ"
	},
	"RU": {
		"name": "ꗐꖺꔻꕩ"
	},
	"GE": {
		"name": "ꗘꖺꕀꕩ"
	},
	"JO": {
		"name": "ꗘꖺꗵꘋ"
	},
	"MP": {
		"name": "ꗛꔤ ꕪꘋꗒ ꕮꔸꕩꕯ ꔳꘋꗣ"
	},
	"CO": {
		"name": "ꗛꗏꔭꕩ"
	},
	"MR": {
		"name": "ꗞꔓꔎꕇꕰ"
	},
	"MU": {
		"name": "ꗞꔓꗔ"
	},
	"MA": {
		"name": "ꗞꕟꖏ"
	},
	"MC": {
		"name": "ꗞꕯꖏ"
	},
	"MN": {
		"name": "ꗞꖐꔷꕩ"
	},
	"MS": {
		"name": "ꗞꘋꔖꕟꔳ"
	},
	"NO": {
		"name": "ꗟꖺꔃ"
	},
	"NF": {
		"name": "ꗟꖺꗉ ꔳꘋꗣ"
	},
	"EE": {
		"name": "ꗡꔻꕿꕇꕰ"
	},
	"EC": {
		"name": "ꗡꖴꔃꗍ"
	},
	"SV": {
		"name": "ꗡꗷ ꕢꔍꗍꖺ"
	},
	"GR": {
		"name": "ꗥꗷꘋ"
	},
	"PE": {
		"name": "ꗨꗡꖩ"
	},
	"BE": {
		"name": "ꗩꕀꗚꘋ"
	},
	"BJ": {
		"name": "ꗩꕇꘋ"
	},
	"BY": {
		"name": "ꗩꕞꖩꔻ"
	},
	"BM": {
		"name": "ꗩꖷꕜ"
	},
	"PF": {
		"name": "ꗱꘋꔻ ꕶꔷꕇꔻꕩ"
	},
	"GF": {
		"name": "ꗱꘋꔻ ꖶꕎꕯ"
	},
	"VN": {
		"name": "ꗲꕇꖮꔃꕞ"
	},
	"CZ": {
		"name": "ꗿꕃ ꕸꖃꔀ"
	},
	"MX": {
		"name": "ꘈꔻꖏ"
	},
	"NL": {
		"name": "ꘉꕜ ꖨꕮꕊ"
	}
}