{
	"SA": {
		"name": "Ả Rập Xê-út"
	},
	"AF": {
		"name": "Afghanistan"
	},
	"EG": {
		"name": "Ai Cập"
	},
	"AL": {
		"name": "Albania"
	},
	"DZ": {
		"name": "Algeria"
	},
	"AD": {
		"name": "Andorra"
	},
	"AO": {
		"name": "Angola"
	},
	"AI": {
		"name": "Anguilla"
	},
	"AG": {
		"name": "Antigua và Barbuda"
	},
	"AT": {
		"name": "Áo"
	},
	"AR": {
		"name": "Argentina"
	},
	"AM": {
		"name": "Armenia"
	},
	"AW": {
		"name": "Aruba"
	},
	"AU": {
		"name": "Australia"
	},
	"AZ": {
		"name": "Azerbaijan"
	},
	"IN": {
		"name": "Ấn Độ"
	},
	"PL": {
		"name": "Ba Lan"
	},
	"BS": {
		"name": "Bahamas"
	},
	"BH": {
		"name": "Bahrain"
	},
	"BD": {
		"name": "Bangladesh"
	},
	"BB": {
		"name": "Barbados"
	},
	"BY": {
		"name": "Belarus"
	},
	"BZ": {
		"name": "Belize"
	},
	"BJ": {
		"name": "Benin"
	},
	"BM": {
		"name": "Bermuda"
	},
	"BT": {
		"name": "Bhutan"
	},
	"BE": {
		"name": "Bỉ"
	},
	"BO": {
		"name": "Bolivia"
	},
	"BA": {
		"name": "Bosnia và Herzegovina"
	},
	"BW": {
		"name": "Botswana"
	},
	"PT": {
		"name": "Bồ Đào Nha"
	},
	"BR": {
		"name": "Brazil"
	},
	"BN": {
		"name": "Brunei"
	},
	"BG": {
		"name": "Bulgaria"
	},
	"BF": {
		"name": "Burkina Faso"
	},
	"BI": {
		"name": "Burundi"
	},
	"BQ": {
		"name": "Ca-ri-bê Hà Lan"
	},
	"UM": {
		"name": "Các đảo xa thuộc Hoa Kỳ"
	},
	"AE": {
		"name": "Các Tiểu Vương quốc Ả Rập Thống nhất"
	},
	"CM": {
		"name": "Cameroon"
	},
	"KH": {
		"name": "Campuchia"
	},
	"CA": {
		"name": "Canada"
	},
	"CV": {
		"name": "Cape Verde"
	},
	"EA": {
		"name": "Ceuta và Melilla"
	},
	"TD": {
		"name": "Chad"
	},
	"CL": {
		"name": "Chile"
	},
	"CO": {
		"name": "Colombia"
	},
	"KM": {
		"name": "Comoros"
	},
	"CG": {
		"name": "Congo - Brazzaville"
	},
	"CD": {
		"name": "Congo - Kinshasa"
	},
	"CR": {
		"name": "Costa Rica"
	},
	"DO": {
		"name": "Cộng hòa Dominica"
	},
	"CZ": {
		"name": "Cộng hòa Séc"
	},
	"CF": {
		"name": "Cộng hòa Trung Phi"
	},
	"CI": {
		"name": "Côte d’Ivoire"
	},
	"HR": {
		"name": "Croatia"
	},
	"CU": {
		"name": "Cuba"
	},
	"CW": {
		"name": "Curaçao"
	},
	"DG": {
		"name": "Diego Garcia"
	},
	"DJ": {
		"name": "Djibouti"
	},
	"DM": {
		"name": "Dominica"
	},
	"TW": {
		"name": "Đài Loan"
	},
	"DK": {
		"name": "Đan Mạch"
	},
	"AC": {
		"name": "Đảo Ascension"
	},
	"CX": {
		"name": "Đảo Giáng Sinh"
	},
	"IM": {
		"name": "Đảo Man"
	},
	"NF": {
		"name": "Đảo Norfolk"
	},
	"AS": {
		"name": "Đảo Somoa thuộc Mỹ"
	},
	"DE": {
		"name": "Đức"
	},
	"EC": {
		"name": "Ecuador"
	},
	"SV": {
		"name": "El Salvador"
	},
	"ER": {
		"name": "Eritrea"
	},
	"EE": {
		"name": "Estonia"
	},
	"ET": {
		"name": "Ethiopia"
	},
	"FJ": {
		"name": "Fiji"
	},
	"GA": {
		"name": "Gabon"
	},
	"GM": {
		"name": "Gambia"
	},
	"GH": {
		"name": "Ghana"
	},
	"GI": {
		"name": "Gibraltar"
	},
	"GL": {
		"name": "Greenland"
	},
	"GD": {
		"name": "Grenada"
	},
	"GE": {
		"name": "Gruzia"
	},
	"GP": {
		"name": "Guadeloupe"
	},
	"GU": {
		"name": "Guam"
	},
	"GT": {
		"name": "Guatemala"
	},
	"GG": {
		"name": "Guernsey"
	},
	"GF": {
		"name": "Guiana thuộc Pháp"
	},
	"GN": {
		"name": "Guinea"
	},
	"GQ": {
		"name": "Guinea Xích Đạo"
	},
	"GW": {
		"name": "Guinea-Bissau"
	},
	"GY": {
		"name": "Guyana"
	},
	"NL": {
		"name": "Hà Lan"
	},
	"HT": {
		"name": "Haiti"
	},
	"KR": {
		"name": "Hàn Quốc"
	},
	"US": {
		"name": "Hoa Kỳ"
	},
	"HN": {
		"name": "Honduras"
	},
	"HK": {
		"name": "Hồng Kông, Trung Quốc"
	},
	"HU": {
		"name": "Hungary"
	},
	"GR": {
		"name": "Hy Lạp"
	},
	"IS": {
		"name": "Iceland"
	},
	"ID": {
		"name": "Indonesia"
	},
	"IR": {
		"name": "Iran"
	},
	"IQ": {
		"name": "Iraq"
	},
	"IE": {
		"name": "Ireland"
	},
	"IL": {
		"name": "Israel"
	},
	"JM": {
		"name": "Jamaica"
	},
	"JE": {
		"name": "Jersey"
	},
	"JO": {
		"name": "Jordan"
	},
	"KZ": {
		"name": "Kazakhstan"
	},
	"KE": {
		"name": "Kenya"
	},
	"KI": {
		"name": "Kiribati"
	},
	"XK": {
		"name": "Kosovo"
	},
	"KW": {
		"name": "Kuwait"
	},
	"KG": {
		"name": "Kyrgyzstan"
	},
	"IO": {
		"name": "Lãnh thổ Anh tại Ấn Độ Dương"
	},
	"PS": {
		"name": "Lãnh thổ Palestine"
	},
	"TF": {
		"name": "Lãnh thổ phía Nam Thuộc Pháp"
	},
	"LA": {
		"name": "Lào"
	},
	"LV": {
		"name": "Latvia"
	},
	"LS": {
		"name": "Lesotho"
	},
	"LB": {
		"name": "Li-băng"
	},
	"LR": {
		"name": "Liberia"
	},
	"LY": {
		"name": "Libya"
	},
	"LI": {
		"name": "Liechtenstein"
	},
	"LT": {
		"name": "Litva"
	},
	"LU": {
		"name": "Luxembourg"
	},
	"MA": {
		"name": "Ma-rốc"
	},
	"MO": {
		"name": "Macao, Trung Quốc"
	},
	"MK": {
		"name": "Macedonia"
	},
	"MG": {
		"name": "Madagascar"
	},
	"MW": {
		"name": "Malawi"
	},
	"MY": {
		"name": "Malaysia"
	},
	"MV": {
		"name": "Maldives"
	},
	"ML": {
		"name": "Mali"
	},
	"MT": {
		"name": "Malta"
	},
	"MQ": {
		"name": "Martinique"
	},
	"MR": {
		"name": "Mauritania"
	},
	"MU": {
		"name": "Mauritius"
	},
	"YT": {
		"name": "Mayotte"
	},
	"MX": {
		"name": "Mexico"
	},
	"FM": {
		"name": "Micronesia"
	},
	"MD": {
		"name": "Moldova"
	},
	"MC": {
		"name": "Monaco"
	},
	"ME": {
		"name": "Montenegro"
	},
	"MS": {
		"name": "Montserrat"
	},
	"MZ": {
		"name": "Mozambique"
	},
	"MN": {
		"name": "Mông Cổ"
	},
	"MM": {
		"name": "Myanmar (Miến Điện)"
	},
	"NO": {
		"name": "Na Uy"
	},
	"AQ": {
		"name": "Nam Cực"
	},
	"ZA": {
		"name": "Nam Phi"
	},
	"SS": {
		"name": "Nam Sudan"
	},
	"NA": {
		"name": "Namibia"
	},
	"NR": {
		"name": "Nauru"
	},
	"NP": {
		"name": "Nepal"
	},
	"NC": {
		"name": "New Caledonia"
	},
	"NZ": {
		"name": "New Zealand"
	},
	"RU": {
		"name": "Nga"
	},
	"JP": {
		"name": "Nhật Bản"
	},
	"NI": {
		"name": "Nicaragua"
	},
	"NE": {
		"name": "Niger"
	},
	"NG": {
		"name": "Nigeria"
	},
	"NU": {
		"name": "Niue"
	},
	"OM": {
		"name": "Oman"
	},
	"PK": {
		"name": "Pakistan"
	},
	"PW": {
		"name": "Palau"
	},
	"PA": {
		"name": "Panama"
	},
	"PG": {
		"name": "Papua New Guinea"
	},
	"PY": {
		"name": "Paraguay"
	},
	"PE": {
		"name": "Peru"
	},
	"FR": {
		"name": "Pháp"
	},
	"FI": {
		"name": "Phần Lan"
	},
	"PH": {
		"name": "Philippines"
	},
	"PF": {
		"name": "Polynesia thuộc Pháp"
	},
	"PR": {
		"name": "Puerto Rico"
	},
	"QA": {
		"name": "Qatar"
	},
	"AX": {
		"name": "Quần đảo Åland"
	},
	"MP": {
		"name": "Quần đảo Bắc Mariana"
	},
	"IC": {
		"name": "Quần đảo Canary"
	},
	"KY": {
		"name": "Quần đảo Cayman"
	},
	"CC": {
		"name": "Quần đảo Cocos (Keeling)"
	},
	"CK": {
		"name": "Quần đảo Cook"
	},
	"FK": {
		"name": "Quần đảo Falkland"
	},
	"FO": {
		"name": "Quần đảo Faroe"
	},
	"MH": {
		"name": "Quần đảo Marshall"
	},
	"GS": {
		"name": "Quần đảo Nam Georgia và Nam Sandwich"
	},
	"PN": {
		"name": "Quần đảo Pitcairn"
	},
	"SB": {
		"name": "Quần đảo Solomon"
	},
	"TC": {
		"name": "Quần đảo Turk và Caicos"
	},
	"VG": {
		"name": "Quần đảo Virgin thuộc Anh"
	},
	"VI": {
		"name": "Quần đảo Virgin thuộc Mỹ"
	},
	"RE": {
		"name": "Réunion"
	},
	"RO": {
		"name": "Romania"
	},
	"RW": {
		"name": "Rwanda"
	},
	"PM": {
		"name": "Saint Pierre và Miquelon"
	},
	"WS": {
		"name": "Samoa"
	},
	"SM": {
		"name": "San Marino"
	},
	"ST": {
		"name": "São Tomé và Príncipe"
	},
	"SN": {
		"name": "Senegal"
	},
	"RS": {
		"name": "Serbia"
	},
	"SC": {
		"name": "Seychelles"
	},
	"SL": {
		"name": "Sierra Leone"
	},
	"SG": {
		"name": "Singapore"
	},
	"SX": {
		"name": "Sint Maarten"
	},
	"CY": {
		"name": "Síp"
	},
	"SK": {
		"name": "Slovakia"
	},
	"SI": {
		"name": "Slovenia"
	},
	"SO": {
		"name": "Somalia"
	},
	"LK": {
		"name": "Sri Lanka"
	},
	"BL": {
		"name": "St. Barthélemy"
	},
	"SH": {
		"name": "St. Helena"
	},
	"KN": {
		"name": "St. Kitts và Nevis"
	},
	"LC": {
		"name": "St. Lucia"
	},
	"MF": {
		"name": "St. Martin"
	},
	"VC": {
		"name": "St. Vincent và Grenadines"
	},
	"SD": {
		"name": "Sudan"
	},
	"SR": {
		"name": "Suriname"
	},
	"SJ": {
		"name": "Svalbard và Jan Mayen"
	},
	"SZ": {
		"name": "Swaziland"
	},
	"SY": {
		"name": "Syria"
	},
	"TJ": {
		"name": "Tajikistan"
	},
	"TZ": {
		"name": "Tanzania"
	},
	"ES": {
		"name": "Tây Ban Nha"
	},
	"EH": {
		"name": "Tây Sahara"
	},
	"TH": {
		"name": "Thái Lan"
	},
	"VA": {
		"name": "Thành Vatican"
	},
	"TR": {
		"name": "Thổ Nhĩ Kỳ"
	},
	"SE": {
		"name": "Thụy Điển"
	},
	"CH": {
		"name": "Thụy Sĩ"
	},
	"TL": {
		"name": "Timor-Leste"
	},
	"TG": {
		"name": "Togo"
	},
	"TK": {
		"name": "Tokelau"
	},
	"TO": {
		"name": "Tonga"
	},
	"KP": {
		"name": "Triều Tiên"
	},
	"TT": {
		"name": "Trinidad và Tobago"
	},
	"TA": {
		"name": "Tristan da Cunha"
	},
	"CN": {
		"name": "Trung Quốc"
	},
	"TN": {
		"name": "Tunisia"
	},
	"TM": {
		"name": "Turkmenistan"
	},
	"TV": {
		"name": "Tuvalu"
	},
	"UG": {
		"name": "Uganda"
	},
	"UA": {
		"name": "Ukraina"
	},
	"UY": {
		"name": "Uruguay"
	},
	"UZ": {
		"name": "Uzbekistan"
	},
	"VU": {
		"name": "Vanuatu"
	},
	"VE": {
		"name": "Venezuela"
	},
	"VN": {
		"name": "Việt Nam"
	},
	"GB": {
		"name": "Vương quốc Anh"
	},
	"WF": {
		"name": "Wallis và Futuna"
	},
	"IT": {
		"name": "Ý"
	},
	"YE": {
		"name": "Yemen"
	},
	"ZM": {
		"name": "Zambia"
	},
	"ZW": {
		"name": "Zimbabwe"
	}
}