{
	"AF": {
		"name": "Afganištan"
	},
	"AX": {
		"name": "Alandinslä"
	},
	"AL": {
		"name": "Albanie"
	},
	"DZ": {
		"name": "Algerie"
	},
	"US": {
		"name": "Amerika"
	},
	"UM": {
		"name": "Amerikaniš Ozeanie"
	},
	"AS": {
		"name": "Amerikaniš Samoa"
	},
	"VI": {
		"name": "Amerikaniši Jungfröiwinslä"
	},
	"AD": {
		"name": "Andorra"
	},
	"AO": {
		"name": "Angola"
	},
	"AI": {
		"name": "Anguilla"
	},
	"AQ": {
		"name": "Antarktis"
	},
	"AG": {
		"name": "Antigua und Barbuda"
	},
	"AR": {
		"name": "Argentinie"
	},
	"AM": {
		"name": "Armenie"
	},
	"AW": {
		"name": "Aruba"
	},
	"AZ": {
		"name": "Aserbaidšan"
	},
	"AU": {
		"name": "Australie"
	},
	"BH": {
		"name": "Bačrain"
	},
	"BS": {
		"name": "Bahamas"
	},
	"BD": {
		"name": "Bangladeš"
	},
	"BB": {
		"name": "Barbados"
	},
	"BE": {
		"name": "Belgie"
	},
	"BZ": {
		"name": "Belize"
	},
	"BJ": {
		"name": "Benin"
	},
	"BM": {
		"name": "Bermuda"
	},
	"BT": {
		"name": "Bhutan"
	},
	"BO": {
		"name": "Boliwie"
	},
	"BA": {
		"name": "Bosnie und Herzegovina"
	},
	"BW": {
		"name": "Botswana"
	},
	"BR": {
		"name": "Brasilie"
	},
	"IO": {
		"name": "Britišes Territorium em indiše Ozean"
	},
	"VG": {
		"name": "Britiši Jungfröiwinslä"
	},
	"BN": {
		"name": "Brunei"
	},
	"BG": {
		"name": "Bulgarie"
	},
	"BF": {
		"name": "Burkina Faso"
	},
	"MM": {
		"name": "Burma"
	},
	"BI": {
		"name": "Burundi"
	},
	"BQ": {
		"name": "Caribbean Netherlands"
	},
	"EA": {
		"name": "Ceuta und Melilla"
	},
	"CN": {
		"name": "China"
	},
	"CK": {
		"name": "Cookinslä"
	},
	"CR": {
		"name": "Costa Rica"
	},
	"CW": {
		"name": "Curaçao"
	},
	"DK": {
		"name": "Dänemark"
	},
	"DG": {
		"name": "Diego Garcia"
	},
	"DO": {
		"name": "Dominikaniši Rebublik"
	},
	"DM": {
		"name": "Doninica"
	},
	"DJ": {
		"name": "Dšibuti"
	},
	"EC": {
		"name": "Ecuador"
	},
	"EG": {
		"name": "Egypte"
	},
	"SV": {
		"name": "El Salvador"
	},
	"CI": {
		"name": "Elfebeiküšta"
	},
	"GB": {
		"name": "England"
	},
	"GQ": {
		"name": "Equatorialginea"
	},
	"ER": {
		"name": "Eritrea"
	},
	"EE": {
		"name": "Eštland"
	},
	"ET": {
		"name": "Ethiopie"
	},
	"FK": {
		"name": "Falklandinslä"
	},
	"FO": {
		"name": "Färöe"
	},
	"FJ": {
		"name": "Fidši"
	},
	"FI": {
		"name": "Finnland"
	},
	"FR": {
		"name": "Frankrič"
	},
	"GF": {
		"name": "Französiš Guiana"
	},
	"PF": {
		"name": "Französiš Polinesie"
	},
	"TF": {
		"name": "Französiši Süd- und Antarktisgebiet"
	},
	"GA": {
		"name": "Gabon"
	},
	"GM": {
		"name": "Gambia"
	},
	"GH": {
		"name": "Gana"
	},
	"GE": {
		"name": "Georgie"
	},
	"GI": {
		"name": "Gibraltar"
	},
	"GN": {
		"name": "Ginea"
	},
	"GW": {
		"name": "Ginea Bissau"
	},
	"GD": {
		"name": "Grenada"
	},
	"GR": {
		"name": "Gričeland"
	},
	"GL": {
		"name": "Grönland"
	},
	"GP": {
		"name": "Guadeloupe"
	},
	"GU": {
		"name": "Guam"
	},
	"GT": {
		"name": "Guatemala"
	},
	"GG": {
		"name": "Guernsey"
	},
	"GY": {
		"name": "Guyana"
	},
	"HT": {
		"name": "Haiti"
	},
	"AC": {
		"name": "Himmelfártsinsla"
	},
	"NL": {
		"name": "Holand"
	},
	"HN": {
		"name": "Honduras"
	},
	"IN": {
		"name": "Indie"
	},
	"ID": {
		"name": "Indonesie"
	},
	"IQ": {
		"name": "Irak"
	},
	"IR": {
		"name": "Iran"
	},
	"IE": {
		"name": "Irland"
	},
	"IS": {
		"name": "Island"
	},
	"IM": {
		"name": "Isle of Man"
	},
	"IL": {
		"name": "Israel"
	},
	"IT": {
		"name": "Italie"
	},
	"JM": {
		"name": "Jamaika"
	},
	"JP": {
		"name": "Japan"
	},
	"YE": {
		"name": "Jéme"
	},
	"JE": {
		"name": "Jersey"
	},
	"JO": {
		"name": "Jordanie"
	},
	"KY": {
		"name": "Kaimaninslä"
	},
	"KH": {
		"name": "Kambodša"
	},
	"CM": {
		"name": "Kamerun"
	},
	"CA": {
		"name": "Kanada"
	},
	"IC": {
		"name": "Kanariše Inslä"
	},
	"CV": {
		"name": "Kap Verde"
	},
	"KZ": {
		"name": "Kasačstan"
	},
	"QA": {
		"name": "Katar"
	},
	"KE": {
		"name": "Kenya"
	},
	"KG": {
		"name": "Kirgištan"
	},
	"KI": {
		"name": "Kiribati"
	},
	"CC": {
		"name": "Kokosinslä"
	},
	"CO": {
		"name": "Kolumbie"
	},
	"KM": {
		"name": "Komore"
	},
	"CG": {
		"name": "Kongo Brazzaville"
	},
	"CD": {
		"name": "Kongo-Kinshasa"
	},
	"XK": {
		"name": "Kosovo"
	},
	"HR": {
		"name": "Kroatie"
	},
	"CU": {
		"name": "Kuba"
	},
	"KW": {
		"name": "Kuweit"
	},
	"LA": {
		"name": "Laos"
	},
	"LS": {
		"name": "Lesotho"
	},
	"LV": {
		"name": "Lettland"
	},
	"LB": {
		"name": "Libanon"
	},
	"LR": {
		"name": "Liberia"
	},
	"LI": {
		"name": "Liečteštei"
	},
	"LT": {
		"name": "Litaue"
	},
	"LY": {
		"name": "Lübie"
	},
	"LU": {
		"name": "Luxeburg"
	},
	"MG": {
		"name": "Madagaskar"
	},
	"MW": {
		"name": "Malawi"
	},
	"MY": {
		"name": "Malaysia"
	},
	"MV": {
		"name": "Malediwe"
	},
	"ML": {
		"name": "Mali"
	},
	"MT": {
		"name": "Malta"
	},
	"MA": {
		"name": "Maroko"
	},
	"MH": {
		"name": "Maršalinslä"
	},
	"MQ": {
		"name": "Martinique"
	},
	"MR": {
		"name": "Mauretanie"
	},
	"MU": {
		"name": "Mauritius"
	},
	"MK": {
		"name": "Mazedonie"
	},
	"MX": {
		"name": "Mexiko"
	},
	"FM": {
		"name": "Mikronesie"
	},
	"MD": {
		"name": "Moldau"
	},
	"MC": {
		"name": "Monago"
	},
	"MN": {
		"name": "Mongolei"
	},
	"MS": {
		"name": "Monserrat"
	},
	"ME": {
		"name": "Montenegro"
	},
	"MZ": {
		"name": "Mosambik"
	},
	"YT": {
		"name": "Moyette"
	},
	"NA": {
		"name": "Namibia"
	},
	"NR": {
		"name": "Nauru"
	},
	"NP": {
		"name": "Nepal"
	},
	"NI": {
		"name": "Nicaragua"
	},
	"NE": {
		"name": "Niger"
	},
	"NG": {
		"name": "Nigeria"
	},
	"NU": {
		"name": "Niue"
	},
	"NC": {
		"name": "Niwkaledonie"
	},
	"NZ": {
		"name": "Niwséland"
	},
	"KP": {
		"name": "Nordkorea"
	},
	"MP": {
		"name": "Nördliči Mariane"
	},
	"NF": {
		"name": "Norfolkinsla"
	},
	"NO": {
		"name": "Norwäge"
	},
	"OM": {
		"name": "Oman"
	},
	"AT": {
		"name": "Öštrič"
	},
	"TL": {
		"name": "Ošttimor"
	},
	"PK": {
		"name": "Pakištan"
	},
	"PW": {
		"name": "Palau"
	},
	"PS": {
		"name": "Paleština"
	},
	"PA": {
		"name": "Panama"
	},
	"PG": {
		"name": "Papua Niwginea"
	},
	"PY": {
		"name": "Paraguai"
	},
	"PE": {
		"name": "Peru"
	},
	"PH": {
		"name": "Philippine"
	},
	"PN": {
		"name": "Pitcairn"
	},
	"PL": {
		"name": "Pole"
	},
	"PT": {
		"name": "Portugal"
	},
	"PR": {
		"name": "Puerto Rico"
	},
	"RE": {
		"name": "Réunion"
	},
	"RW": {
		"name": "Ruanda"
	},
	"RO": {
		"name": "Rumänie"
	},
	"RU": {
		"name": "Russland"
	},
	"SB": {
		"name": "Salomone"
	},
	"ZM": {
		"name": "Sambia"
	},
	"WS": {
		"name": "Samoa"
	},
	"SM": {
		"name": "San Marino"
	},
	"ST": {
		"name": "São Tomé and Príncipe"
	},
	"SA": {
		"name": "Saudi Arabie"
	},
	"ES": {
		"name": "Schpanie"
	},
	"SE": {
		"name": "Schwede"
	},
	"CH": {
		"name": "Schwiz"
	},
	"SC": {
		"name": "Sečelle"
	},
	"SN": {
		"name": "Senegal"
	},
	"RS": {
		"name": "Serbie"
	},
	"SL": {
		"name": "Sierra Leone"
	},
	"ZW": {
		"name": "Simbabwe"
	},
	"SG": {
		"name": "Singapur"
	},
	"SX": {
		"name": "Sint Maarten"
	},
	"SK": {
		"name": "Slowakei"
	},
	"SI": {
		"name": "Slowenie"
	},
	"SO": {
		"name": "Somalia"
	},
	"HK": {
		"name": "Sonderverwaltigszona Hongkong"
	},
	"MO": {
		"name": "Sonderverwaltigszona Makau"
	},
	"SS": {
		"name": "South Sudan"
	},
	"LK": {
		"name": "Sri Lanka"
	},
	"BL": {
		"name": "St. Bartholomäus-Insla"
	},
	"SH": {
		"name": "St. Helena"
	},
	"KN": {
		"name": "St. Kitts und Nevis"
	},
	"LC": {
		"name": "St. Lucia"
	},
	"MF": {
		"name": "St. Martin"
	},
	"PM": {
		"name": "St. Pierre und Miquelon"
	},
	"VC": {
		"name": "St. Vincent und d’Grenadine"
	},
	"ZA": {
		"name": "Südafrika"
	},
	"SD": {
		"name": "Sudan"
	},
	"GS": {
		"name": "Südgeorgie und d’südliče Senwičinslä"
	},
	"KR": {
		"name": "Südkorea"
	},
	"SY": {
		"name": "Sürie"
	},
	"SR": {
		"name": "Suriname"
	},
	"SJ": {
		"name": "Svalbard und Jan Mayen"
	},
	"SZ": {
		"name": "Swasiland"
	},
	"TJ": {
		"name": "Tadšikistan"
	},
	"TW": {
		"name": "Taiwan"
	},
	"TZ": {
		"name": "Tansania"
	},
	"TH": {
		"name": "Thailand"
	},
	"DE": {
		"name": "Titšland"
	},
	"TG": {
		"name": "Togo"
	},
	"TK": {
		"name": "Tokelau"
	},
	"TO": {
		"name": "Tonga"
	},
	"TT": {
		"name": "Trinidad und Tobago"
	},
	"TA": {
		"name": "Tristan da Cunha"
	},
	"TD": {
		"name": "Tšad"
	},
	"CZ": {
		"name": "Tšečie"
	},
	"CL": {
		"name": "Tšile"
	},
	"TN": {
		"name": "Tunesie"
	},
	"TR": {
		"name": "Türkei"
	},
	"TM": {
		"name": "Turkmeništan"
	},
	"TC": {
		"name": "Turks- und Caicosinslä"
	},
	"TV": {
		"name": "Tuvalu"
	},
	"UG": {
		"name": "Uganda"
	},
	"UA": {
		"name": "Ukraine"
	},
	"HU": {
		"name": "Ungare"
	},
	"UY": {
		"name": "Urugauy"
	},
	"UZ": {
		"name": "Usbekištan"
	},
	"VU": {
		"name": "Vanuatu"
	},
	"VA": {
		"name": "Vatikan"
	},
	"VE": {
		"name": "Venezuela"
	},
	"AE": {
		"name": "Vereinigti Arabiše Emirat"
	},
	"VN": {
		"name": "Vietnam"
	},
	"WF": {
		"name": "Wallis und Futuna"
	},
	"EH": {
		"name": "Weštsahara"
	},
	"CX": {
		"name": "Wienäčtsinslä"
	},
	"BY": {
		"name": "Wísrussland"
	},
	"CF": {
		"name": "Zentralafrikaniši Rebublik"
	},
	"CY": {
		"name": "Zypre"
	}
}