{
	"AF": {
		"name": "Afaganisitani"
	},
	"AX": {
		"name": "Åland Islands"
	},
	"AL": {
		"name": "Alibaniya"
	},
	"DZ": {
		"name": "Aligerya"
	},
	"US": {
		"name": "Amerika"
	},
	"AD": {
		"name": "Andora"
	},
	"AO": {
		"name": "Angola"
	},
	"AI": {
		"name": "Angwila"
	},
	"AQ": {
		"name": "Antarctica"
	},
	"AG": {
		"name": "Antigwa ni Barabuda"
	},
	"AM": {
		"name": "Arameniya"
	},
	"AR": {
		"name": "Arigentina"
	},
	"AW": {
		"name": "Aruba"
	},
	"AC": {
		"name": "Ascension Island"
	},
	"AU": {
		"name": "Awusitureliya"
	},
	"AT": {
		"name": "Awusituriya"
	},
	"IE": {
		"name": "Ayalandi"
	},
	"IS": {
		"name": "Ayisirandi"
	},
	"AZ": {
		"name": "Azerebayijaani"
	},
	"BH": {
		"name": "Baareeni"
	},
	"BS": {
		"name": "Bahamasi"
	},
	"BD": {
		"name": "Bangaladesi"
	},
	"BB": {
		"name": "Barabadosi"
	},
	"BY": {
		"name": "Belarusi"
	},
	"BZ": {
		"name": "Belize"
	},
	"BJ": {
		"name": "Benini"
	},
	"BM": {
		"name": "Beremuda"
	},
	"MH": {
		"name": "Bizinga bya Mariso"
	},
	"MP": {
		"name": "Bizinga bya Mariyana ebyamumambuka"
	},
	"BO": {
		"name": "Boliviya"
	},
	"BW": {
		"name": "Botiswana"
	},
	"BA": {
		"name": "Boziniya Hezegovina"
	},
	"BE": {
		"name": "Bubirigi"
	},
	"DE": {
		"name": "Budaaki"
	},
	"FR": {
		"name": "Bufalansa"
	},
	"BG": {
		"name": "Bulugariya"
	},
	"GB": {
		"name": "Bungereza"
	},
	"BR": {
		"name": "Buraziiri"
	},
	"BF": {
		"name": "Burukina Faso"
	},
	"BN": {
		"name": "Burunayi"
	},
	"BI": {
		"name": "Burundi"
	},
	"BT": {
		"name": "Butaani"
	},
	"IN": {
		"name": "Buyindi"
	},
	"GR": {
		"name": "Buyonaani"
	},
	"TD": {
		"name": "Caadi"
	},
	"IC": {
		"name": "Canary Islands"
	},
	"BQ": {
		"name": "Caribbean Netherlands"
	},
	"CN": {
		"name": "Cayina"
	},
	"EA": {
		"name": "Ceuta & Melilla"
	},
	"CX": {
		"name": "Christmas Island"
	},
	"CL": {
		"name": "Cile"
	},
	"CC": {
		"name": "Cocos (Keeling) Islands"
	},
	"CU": {
		"name": "Cuba"
	},
	"CW": {
		"name": "Curaçao"
	},
	"DK": {
		"name": "Denimaaka"
	},
	"DG": {
		"name": "Diego Garcia"
	},
	"DM": {
		"name": "Dominika"
	},
	"FK": {
		"name": "Ebiizinga bya Falikalandi"
	},
	"SB": {
		"name": "Ebizanga bya Solomooni"
	},
	"IO": {
		"name": "Ebizinga bya Cago"
	},
	"PH": {
		"name": "Ebizinga bya Firipino"
	},
	"KY": {
		"name": "Ebizinga bya Kayimaani"
	},
	"CV": {
		"name": "Ebizinga bya Kepu Veredi"
	},
	"CK": {
		"name": "Ebizinga bya Kkuki"
	},
	"KM": {
		"name": "Ebizinga bya Komoro"
	},
	"MV": {
		"name": "Ebizinga bya Malidive"
	},
	"TC": {
		"name": "Ebizinga bya Taaka ni Kayikosi"
	},
	"VG": {
		"name": "Ebizinga bya Virigini ebitwalibwa Bungereza"
	},
	"VI": {
		"name": "Ebizinga bya Virigini eby’Amerika"
	},
	"EC": {
		"name": "Ekwado"
	},
	"SV": {
		"name": "El salivado"
	},
	"AE": {
		"name": "Emireeti"
	},
	"ER": {
		"name": "Eritureya"
	},
	"EE": {
		"name": "Esitoniya"
	},
	"ET": {
		"name": "Esyopya"
	},
	"FO": {
		"name": "Faroe Islands"
	},
	"FJ": {
		"name": "Fiji"
	},
	"FI": {
		"name": "Finilandi"
	},
	"TF": {
		"name": "French Southern Territories"
	},
	"GA": {
		"name": "Gaboni"
	},
	"GM": {
		"name": "Gambya"
	},
	"GH": {
		"name": "Gana"
	},
	"GY": {
		"name": "Gayana"
	},
	"GQ": {
		"name": "Gayana yaku ekweta"
	},
	"GI": {
		"name": "Giburalita"
	},
	"GN": {
		"name": "Gini"
	},
	"GW": {
		"name": "Gini-Bisawu"
	},
	"GG": {
		"name": "Guernsey"
	},
	"GD": {
		"name": "Gurenada"
	},
	"GL": {
		"name": "Gurenelandi"
	},
	"GF": {
		"name": "Guyana enfalansa"
	},
	"GP": {
		"name": "Gwadalupe"
	},
	"GU": {
		"name": "Gwamu"
	},
	"GT": {
		"name": "Gwatemala"
	},
	"GE": {
		"name": "Gyogya"
	},
	"HU": {
		"name": "Hangare"
	},
	"HT": {
		"name": "Hayiti"
	},
	"NL": {
		"name": "Holandi"
	},
	"HK": {
		"name": "Hong Kong SAR China"
	},
	"HN": {
		"name": "Hundurasi"
	},
	"IM": {
		"name": "Isle of Man"
	},
	"JM": {
		"name": "Jamayika"
	},
	"JP": {
		"name": "Japani"
	},
	"JE": {
		"name": "Jersey"
	},
	"DJ": {
		"name": "Jjibuti"
	},
	"NC": {
		"name": "Kaledonya mupya"
	},
	"KH": {
		"name": "Kambodya"
	},
	"CM": {
		"name": "Kameruuni"
	},
	"CA": {
		"name": "Kanada"
	},
	"QA": {
		"name": "Kataa"
	},
	"KZ": {
		"name": "Kazakisitaani"
	},
	"KE": {
		"name": "Kenya"
	},
	"KI": {
		"name": "Kiribati"
	},
	"KG": {
		"name": "Kirigizisitaani"
	},
	"NF": {
		"name": "Kizinga ky’eNorofoko"
	},
	"CO": {
		"name": "Kolombya"
	},
	"CG": {
		"name": "Kongo"
	},
	"CD": {
		"name": "Kongo - Zayire"
	},
	"KP": {
		"name": "Koreya eya mumambuka"
	},
	"KR": {
		"name": "Koreya eya mumaserengeta"
	},
	"CR": {
		"name": "Kosita Rika"
	},
	"XK": {
		"name": "Kosovo"
	},
	"CI": {
		"name": "Kote Divwa"
	},
	"HR": {
		"name": "Kurowesya"
	},
	"KW": {
		"name": "Kuweti"
	},
	"RU": {
		"name": "Lasa"
	},
	"LV": {
		"name": "Lativya"
	},
	"LA": {
		"name": "Lawosi"
	},
	"LB": {
		"name": "Lebanoni"
	},
	"LS": {
		"name": "Lesoso"
	},
	"RE": {
		"name": "Leyunyoni"
	},
	"LR": {
		"name": "Liberya"
	},
	"LY": {
		"name": "Libya"
	},
	"LI": {
		"name": "Licitensitayini"
	},
	"CZ": {
		"name": "Lipabulika ya Ceeka"
	},
	"DO": {
		"name": "Lipabulika ya Dominika"
	},
	"CF": {
		"name": "Lipabulika ya Senturafiriki"
	},
	"LT": {
		"name": "Lisuwenya"
	},
	"RO": {
		"name": "Lomaniya"
	},
	"LU": {
		"name": "Lukisembaaga"
	},
	"MO": {
		"name": "Macau SAR China"
	},
	"MG": {
		"name": "Madagasika"
	},
	"MW": {
		"name": "Malawi"
	},
	"MY": {
		"name": "Malezya"
	},
	"ML": {
		"name": "Mali"
	},
	"MT": {
		"name": "Malita"
	},
	"MQ": {
		"name": "Maritiniiki"
	},
	"MK": {
		"name": "Masedoniya"
	},
	"MU": {
		"name": "Mawulisyasi"
	},
	"MR": {
		"name": "Mawulitenya"
	},
	"YT": {
		"name": "Mayotte"
	},
	"MX": {
		"name": "Mekisiko"
	},
	"FM": {
		"name": "Mikuronezya"
	},
	"EG": {
		"name": "Misiri"
	},
	"MD": {
		"name": "Molodova"
	},
	"MC": {
		"name": "Monako"
	},
	"MN": {
		"name": "Mongoliya"
	},
	"ME": {
		"name": "Montenegro"
	},
	"MS": {
		"name": "Monteseraati"
	},
	"MA": {
		"name": "Moroko"
	},
	"MZ": {
		"name": "Mozambiiki"
	},
	"MM": {
		"name": "Myanima"
	},
	"NA": {
		"name": "Namibiya"
	},
	"NR": {
		"name": "Nawuru"
	},
	"NG": {
		"name": "Nayijerya"
	},
	"NP": {
		"name": "Nepalo"
	},
	"NE": {
		"name": "Nije"
	},
	"NI": {
		"name": "Nikaraguwa"
	},
	"NU": {
		"name": "Niyuwe"
	},
	"NZ": {
		"name": "Niyuziirandi"
	},
	"NO": {
		"name": "Nowe"
	},
	"OM": {
		"name": "Omaani"
	},
	"PK": {
		"name": "Pakisitaani"
	},
	"PW": {
		"name": "Palawu"
	},
	"PS": {
		"name": "Palesitayini ni Gaza"
	},
	"PA": {
		"name": "Panama"
	},
	"PG": {
		"name": "Papwa Nyugini"
	},
	"PY": {
		"name": "Paragwayi"
	},
	"PE": {
		"name": "Peru"
	},
	"PN": {
		"name": "Pitikeeni"
	},
	"PL": {
		"name": "Polandi"
	},
	"PF": {
		"name": "Polinesiya enfalansa"
	},
	"PR": {
		"name": "Potoriko"
	},
	"PT": {
		"name": "Potugaali"
	},
	"RW": {
		"name": "Rwanda"
	},
	"WS": {
		"name": "Samowa"
	},
	"AS": {
		"name": "Samowa omumerika"
	},
	"SM": {
		"name": "Sanimarino"
	},
	"ST": {
		"name": "Sanitome ni Purincipe"
	},
	"SA": {
		"name": "Sawudarebya"
	},
	"ZA": {
		"name": "Sawusafirika"
	},
	"SN": {
		"name": "Senegaalo"
	},
	"SH": {
		"name": "Senti Herena"
	},
	"KN": {
		"name": "Senti Kitisi ne Nevisi"
	},
	"LC": {
		"name": "Senti Luciya"
	},
	"PM": {
		"name": "Senti Piyere ni Mikeloni"
	},
	"VC": {
		"name": "Senti Vinsenti ni Gurendadiini"
	},
	"RS": {
		"name": "Serbia"
	},
	"SC": {
		"name": "Sesere"
	},
	"SG": {
		"name": "Singapowa"
	},
	"SX": {
		"name": "Sint Maarten"
	},
	"ES": {
		"name": "Sipeyini"
	},
	"CY": {
		"name": "Sipuriya"
	},
	"LK": {
		"name": "Sirilanka"
	},
	"SY": {
		"name": "Siriya"
	},
	"SK": {
		"name": "Sirovakya"
	},
	"SI": {
		"name": "Sirovenya"
	},
	"SL": {
		"name": "Siyeralewone"
	},
	"SO": {
		"name": "Somaliya"
	},
	"GS": {
		"name": "South Georgia & South Sandwich Islands"
	},
	"SS": {
		"name": "South Sudan"
	},
	"BL": {
		"name": "St. Barthélemy"
	},
	"MF": {
		"name": "St. Martin"
	},
	"SD": {
		"name": "Sudaani"
	},
	"SR": {
		"name": "Surinaamu"
	},
	"SJ": {
		"name": "Svalbard & Jan Mayen"
	},
	"SZ": {
		"name": "Swazirandi"
	},
	"SE": {
		"name": "Swideni"
	},
	"CH": {
		"name": "Switizirandi"
	},
	"TJ": {
		"name": "Tajikisitaani"
	},
	"TM": {
		"name": "Takimenesitaani"
	},
	"TZ": {
		"name": "Tanzania"
	},
	"TH": {
		"name": "Tayirandi"
	},
	"TW": {
		"name": "Tayiwani"
	},
	"TL": {
		"name": "Timowa"
	},
	"TG": {
		"name": "Togo"
	},
	"TK": {
		"name": "Tokelawu"
	},
	"TO": {
		"name": "Tonga"
	},
	"TA": {
		"name": "Tristan da Cunha"
	},
	"TR": {
		"name": "Ttake"
	},
	"TN": {
		"name": "Tunisya"
	},
	"TT": {
		"name": "Turindaadi ni Tobago"
	},
	"TV": {
		"name": "Tuvalu"
	},
	"UM": {
		"name": "U.S. Outlying Islands"
	},
	"VU": {
		"name": "Vanawuwatu"
	},
	"VA": {
		"name": "Vatikaani"
	},
	"VE": {
		"name": "Venzwera"
	},
	"VN": {
		"name": "Vyetinaamu"
	},
	"WF": {
		"name": "Walisi ni Futuna"
	},
	"EH": {
		"name": "Western Sahara"
	},
	"UY": {
		"name": "Wurugwayi"
	},
	"UZ": {
		"name": "Wuzibekisitaani"
	},
	"YE": {
		"name": "Yemeni"
	},
	"ID": {
		"name": "Yindonezya"
	},
	"IQ": {
		"name": "Yiraaka"
	},
	"IR": {
		"name": "Yiraani"
	},
	"IL": {
		"name": "Yisirayeri"
	},
	"IT": {
		"name": "Yitale"
	},
	"JO": {
		"name": "Yorodani"
	},
	"UG": {
		"name": "Yuganda"
	},
	"UA": {
		"name": "Yukurayine"
	},
	"ZM": {
		"name": "Zambya"
	},
	"ZW": {
		"name": "Zimbabwe"
	}
}