{
	"ZA": {
		"name": "afilí mbátɛ́"
	},
	"AF": {
		"name": "Afkanistáŋ"
	},
	"AX": {
		"name": "Åland Islands"
	},
	"SA": {
		"name": "alapísawutíit"
	},
	"AM": {
		"name": "Almanía"
	},
	"AL": {
		"name": "Alpaní"
	},
	"AR": {
		"name": "Alsaŋtín"
	},
	"DZ": {
		"name": "Alselí"
	},
	"AW": {
		"name": "Alúpa"
	},
	"US": {
		"name": "amálíka"
	},
	"AQ": {
		"name": "Antarctica"
	},
	"AI": {
		"name": "Aŋkíla"
	},
	"AO": {
		"name": "Aŋkúla"
	},
	"AG": {
		"name": "Aŋtíka na Palpúta"
	},
	"AD": {
		"name": "Aŋtúla"
	},
	"AC": {
		"name": "Ascension Island"
	},
	"AZ": {
		"name": "Asɛlpaisáŋ"
	},
	"HT": {
		"name": "ayíti"
	},
	"IC": {
		"name": "Canary Islands"
	},
	"BQ": {
		"name": "Caribbean Netherlands"
	},
	"EA": {
		"name": "Ceuta & Melilla"
	},
	"CX": {
		"name": "Christmas Island"
	},
	"CC": {
		"name": "Cocos (Keeling) Islands"
	},
	"CW": {
		"name": "Curaçao"
	},
	"DG": {
		"name": "Diego Garcia"
	},
	"EC": {
		"name": "ekuatɛ́l"
	},
	"RE": {
		"name": "elewuniɔ́ŋ"
	},
	"ER": {
		"name": "elitée"
	},
	"ET": {
		"name": "etiopí"
	},
	"IN": {
		"name": "ɛ́ɛnd"
	},
	"ID": {
		"name": "ɛndonesí"
	},
	"EE": {
		"name": "ɛstoni"
	},
	"VU": {
		"name": "fanuatú"
	},
	"FO": {
		"name": "Faroe Islands"
	},
	"VA": {
		"name": "fatikáaŋ"
	},
	"FR": {
		"name": "felensí"
	},
	"VE": {
		"name": "fenesuwelá"
	},
	"FI": {
		"name": "fɛnlánd"
	},
	"VN": {
		"name": "fiɛtnáam"
	},
	"PH": {
		"name": "filipíin"
	},
	"VG": {
		"name": "Filisíin ungilís"
	},
	"FJ": {
		"name": "físi"
	},
	"TF": {
		"name": "French Southern Territories"
	},
	"GG": {
		"name": "Guernsey"
	},
	"HK": {
		"name": "Hong Kong SAR China"
	},
	"MP": {
		"name": "il maliyanɛ u muɛnɛ́"
	},
	"NF": {
		"name": "il nɔ́lfɔ́lɔk"
	},
	"SB": {
		"name": "il salomɔ́ŋ"
	},
	"IQ": {
		"name": "ilák"
	},
	"IR": {
		"name": "iláŋ"
	},
	"IE": {
		"name": "ililánd"
	},
	"MH": {
		"name": "ílmalasáal"
	},
	"AE": {
		"name": "imiláat i paaláap"
	},
	"GB": {
		"name": "ingilíís"
	},
	"IL": {
		"name": "ísilayɛ́l"
	},
	"EG": {
		"name": "isípit"
	},
	"IS": {
		"name": "isláand"
	},
	"IM": {
		"name": "Isle of Man"
	},
	"IT": {
		"name": "italí"
	},
	"JE": {
		"name": "Jersey"
	},
	"GM": {
		"name": "kambíi"
	},
	"KH": {
		"name": "Kámbóse"
	},
	"GH": {
		"name": "kaná"
	},
	"CA": {
		"name": "Kánáta"
	},
	"CV": {
		"name": "Kápfɛl"
	},
	"GA": {
		"name": "kapɔ́ŋ"
	},
	"KZ": {
		"name": "kasaksitáŋ"
	},
	"QA": {
		"name": "katáal"
	},
	"KY": {
		"name": "Káyímanɛ"
	},
	"GD": {
		"name": "kelenáat"
	},
	"CM": {
		"name": "Kemelún"
	},
	"KE": {
		"name": "kénia"
	},
	"GN": {
		"name": "kiiné"
	},
	"GW": {
		"name": "kiinépisaó"
	},
	"GR": {
		"name": "kilɛ́ɛk"
	},
	"KG": {
		"name": "kilikisistáŋ"
	},
	"KI": {
		"name": "kilipatí"
	},
	"GQ": {
		"name": "kinéekuatolial"
	},
	"CZ": {
		"name": "kitɔŋ kí cɛ́k"
	},
	"CD": {
		"name": "kitɔŋ kí kongó"
	},
	"PS": {
		"name": "kitɔŋ ki palɛstíin"
	},
	"DO": {
		"name": "kitɔŋ kí tumunikɛ́ŋ"
	},
	"HR": {
		"name": "Kolowasíi"
	},
	"CG": {
		"name": "Kongó"
	},
	"XK": {
		"name": "Kosovo"
	},
	"CR": {
		"name": "Kóstálíka"
	},
	"CI": {
		"name": "Kótifualɛ"
	},
	"KW": {
		"name": "kowéet"
	},
	"KP": {
		"name": "kɔlé u muɛnɛ́"
	},
	"KR": {
		"name": "kɔlé wu mbát"
	},
	"CO": {
		"name": "Kɔlɔ́mbía"
	},
	"KM": {
		"name": "Kɔmɔ́ɔl"
	},
	"IO": {
		"name": "Kɔɔ́m kí ndián yi ngilís"
	},
	"GU": {
		"name": "kuamiɛ"
	},
	"GP": {
		"name": "kuatelúup"
	},
	"GT": {
		"name": "kuatemalá"
	},
	"GL": {
		"name": "kuluɛnlánd"
	},
	"CU": {
		"name": "kúpa"
	},
	"CK": {
		"name": "Kúuke"
	},
	"GY": {
		"name": "kuyáan"
	},
	"GF": {
		"name": "kuyáan u felensí"
	},
	"LA": {
		"name": "lawós"
	},
	"LS": {
		"name": "lesotó"
	},
	"LV": {
		"name": "letoní"
	},
	"LU": {
		"name": "liksambúul"
	},
	"LB": {
		"name": "lipáŋ"
	},
	"LR": {
		"name": "lipélia"
	},
	"LY": {
		"name": "lipíi"
	},
	"LI": {
		"name": "lístɛ́nsitáyin"
	},
	"LT": {
		"name": "litiyaní"
	},
	"MO": {
		"name": "Macau SAR China"
	},
	"MW": {
		"name": "malawí"
	},
	"MY": {
		"name": "malesí"
	},
	"MV": {
		"name": "maletíif"
	},
	"MT": {
		"name": "málɛ́t"
	},
	"ML": {
		"name": "malí"
	},
	"MA": {
		"name": "malóok"
	},
	"MQ": {
		"name": "maltiníik"
	},
	"FK": {
		"name": "maluwín"
	},
	"MK": {
		"name": "masetuán"
	},
	"MG": {
		"name": "matakaskáal"
	},
	"YT": {
		"name": "mayɔ́ɔt"
	},
	"MX": {
		"name": "mɛksíik"
	},
	"MM": {
		"name": "miaŋmáal"
	},
	"FM": {
		"name": "mikolonesí"
	},
	"MU": {
		"name": "molís"
	},
	"MR": {
		"name": "molitaní"
	},
	"MD": {
		"name": "moltafí"
	},
	"MC": {
		"name": "monakó"
	},
	"MN": {
		"name": "mongolí"
	},
	"ME": {
		"name": "Montenegro"
	},
	"MZ": {
		"name": "mosambík"
	},
	"MS": {
		"name": "mɔŋsilá"
	},
	"NA": {
		"name": "namipí"
	},
	"NR": {
		"name": "nawulú"
	},
	"NP": {
		"name": "nepáal"
	},
	"NI": {
		"name": "nikalaká"
	},
	"NG": {
		"name": "nisélia"
	},
	"NE": {
		"name": "nisɛ́ɛl"
	},
	"NL": {
		"name": "nitililáand"
	},
	"NU": {
		"name": "niyuwé"
	},
	"NO": {
		"name": "nɔlfɛ́ɛs"
	},
	"DE": {
		"name": "nsáman"
	},
	"NC": {
		"name": "nufɛ́l kaletoní"
	},
	"NZ": {
		"name": "nufɛ́l seláand"
	},
	"OM": {
		"name": "omáŋ"
	},
	"AU": {
		"name": "Otalalí"
	},
	"AT": {
		"name": "Otilís"
	},
	"HN": {
		"name": "ɔndúlas"
	},
	"HU": {
		"name": "ɔngilí"
	},
	"BS": {
		"name": "Pahámas"
	},
	"PK": {
		"name": "pakistáŋ"
	},
	"PY": {
		"name": "palakúé"
	},
	"PW": {
		"name": "palawú"
	},
	"BH": {
		"name": "Palɛŋ"
	},
	"BB": {
		"name": "Palpatós"
	},
	"PA": {
		"name": "panamá"
	},
	"ES": {
		"name": "panyá"
	},
	"BD": {
		"name": "Paŋkalatɛs"
	},
	"PG": {
		"name": "papuasí nufɛ́l kiiné"
	},
	"BY": {
		"name": "Pelalús"
	},
	"BZ": {
		"name": "Pelíse"
	},
	"PE": {
		"name": "pelú"
	},
	"BJ": {
		"name": "Penɛŋ"
	},
	"BM": {
		"name": "Pɛlmúta"
	},
	"BE": {
		"name": "Pɛlsíik"
	},
	"BR": {
		"name": "Pilesíl"
	},
	"VI": {
		"name": "pindisúlɛ́ pi amálíka"
	},
	"PN": {
		"name": "pitikɛ́ɛlínɛ́"
	},
	"BO": {
		"name": "Polífia"
	},
	"PF": {
		"name": "polinesí u felensí"
	},
	"PR": {
		"name": "pólótolíko"
	},
	"BW": {
		"name": "Posuána"
	},
	"PL": {
		"name": "pɔlɔ́ɔny"
	},
	"PT": {
		"name": "pɔltukáal"
	},
	"BF": {
		"name": "Pulikínafásó"
	},
	"BG": {
		"name": "Pulukalíi"
	},
	"BI": {
		"name": "Púlúndí"
	},
	"BN": {
		"name": "Pulunéy"
	},
	"BA": {
		"name": "Pusiní-ɛlkofína"
	},
	"BT": {
		"name": "Putaŋ"
	},
	"ZM": {
		"name": "saambíi"
	},
	"TD": {
		"name": "Sáat"
	},
	"SV": {
		"name": "salfatɔ́ɔl"
	},
	"JM": {
		"name": "samayíik"
	},
	"WS": {
		"name": "samowá"
	},
	"AS": {
		"name": "Sámua u Amelíka"
	},
	"SM": {
		"name": "san malíno"
	},
	"CF": {
		"name": "Santalafilíik"
	},
	"JP": {
		"name": "sapɔ́ɔŋ"
	},
	"ST": {
		"name": "sáwó tomé e pelensípe"
	},
	"SN": {
		"name": "senekáal"
	},
	"RS": {
		"name": "Serbia"
	},
	"SC": {
		"name": "sesɛ́ɛl"
	},
	"VC": {
		"name": "sɛ́ŋ fɛŋsáŋ elekelenatíin"
	},
	"KN": {
		"name": "sɛ́ŋkilistɔ́f eniɛ́f"
	},
	"PM": {
		"name": "sɛ́ŋpiɛ́l e mikelɔ́ŋ"
	},
	"SH": {
		"name": "sɛ́ŋtɛ́ elɛ́ɛnɛ"
	},
	"LC": {
		"name": "sɛ́ŋtɛ́lusí"
	},
	"SL": {
		"name": "sieláleyɔ́ɔn"
	},
	"CN": {
		"name": "Síine"
	},
	"CL": {
		"name": "Silí"
	},
	"LK": {
		"name": "silíláŋka"
	},
	"SK": {
		"name": "silofakí"
	},
	"SI": {
		"name": "silofení"
	},
	"GI": {
		"name": "sílpalatáal"
	},
	"ZW": {
		"name": "simbapuwé"
	},
	"SG": {
		"name": "singapúul"
	},
	"SX": {
		"name": "Sint Maarten"
	},
	"CY": {
		"name": "síplɛ"
	},
	"DJ": {
		"name": "síputí"
	},
	"SO": {
		"name": "somalí"
	},
	"GS": {
		"name": "South Georgia & South Sandwich Islands"
	},
	"SS": {
		"name": "South Sudan"
	},
	"GE": {
		"name": "sɔlsíi"
	},
	"JO": {
		"name": "sɔltaní"
	},
	"BL": {
		"name": "St. Barthélemy"
	},
	"MF": {
		"name": "St. Martin"
	},
	"SZ": {
		"name": "suasiláand"
	},
	"SE": {
		"name": "suɛ́t"
	},
	"SR": {
		"name": "sulináam"
	},
	"SD": {
		"name": "sutáaŋ"
	},
	"CH": {
		"name": "suwíis"
	},
	"SJ": {
		"name": "Svalbard & Jan Mayen"
	},
	"SY": {
		"name": "Syria"
	},
	"DK": {
		"name": "tanemálk"
	},
	"TZ": {
		"name": "taŋsaní"
	},
	"TJ": {
		"name": "tasikistáaŋ"
	},
	"TH": {
		"name": "tayiláand"
	},
	"TW": {
		"name": "tayiwáan"
	},
	"TT": {
		"name": "tilinitáat na tupákɔ"
	},
	"TL": {
		"name": "timɔ́ɔl u nipálɛ́n"
	},
	"TK": {
		"name": "tokeló"
	},
	"TG": {
		"name": "tokó"
	},
	"TO": {
		"name": "tɔ́ŋka"
	},
	"TA": {
		"name": "Tristan da Cunha"
	},
	"TV": {
		"name": "tufalú"
	},
	"TC": {
		"name": "túluk na káyiik"
	},
	"TR": {
		"name": "tulukíi"
	},
	"TM": {
		"name": "tulukmenisitáaŋ"
	},
	"DM": {
		"name": "túmúnéke"
	},
	"TN": {
		"name": "tunusí"
	},
	"UM": {
		"name": "U.S. Outlying Islands"
	},
	"UG": {
		"name": "ukánda"
	},
	"UA": {
		"name": "ukilɛ́ɛn"
	},
	"RW": {
		"name": "uluándá"
	},
	"UY": {
		"name": "ulukuéy"
	},
	"RO": {
		"name": "ulumaní"
	},
	"RU": {
		"name": "ulusí"
	},
	"UZ": {
		"name": "usupekistáaŋ"
	},
	"WF": {
		"name": "walíis na futúna"
	},
	"EH": {
		"name": "Western Sahara"
	},
	"YE": {
		"name": "yémɛn"
	}
}