{
	"AX": {
		"name": "Åland Islands"
	},
	"AQ": {
		"name": "Antarctica"
	},
	"AC": {
		"name": "Ascension Island"
	},
	"IC": {
		"name": "Canary Islands"
	},
	"BQ": {
		"name": "Caribbean Netherlands"
	},
	"EA": {
		"name": "Ceuta & Melilla"
	},
	"CX": {
		"name": "Christmas Island"
	},
	"CC": {
		"name": "Cocos (Keeling) Islands"
	},
	"CW": {
		"name": "Curaçao"
	},
	"DG": {
		"name": "Diego Garcia"
	},
	"FO": {
		"name": "Faroe Islands"
	},
	"TF": {
		"name": "French Southern Territories"
	},
	"GG": {
		"name": "Guernsey"
	},
	"HK": {
		"name": "Hong Kong SAR China"
	},
	"IM": {
		"name": "Isle of Man"
	},
	"JE": {
		"name": "Jersey"
	},
	"XK": {
		"name": "Kosovo"
	},
	"MO": {
		"name": "Macau SAR China"
	},
	"ME": {
		"name": "Montenegro"
	},
	"AD": {
		"name": "Orílẹ́ède Ààndórà"
	},
	"AO": {
		"name": "Orílẹ́ède Ààngólà"
	},
	"AI": {
		"name": "Orílẹ́ède Ààngúlílà"
	},
	"AG": {
		"name": "Orílẹ́ède Ààntígúà àti Báríbúdà"
	},
	"AF": {
		"name": "Orílẹ́ède Àfùgànístánì"
	},
	"AR": {
		"name": "Orílẹ́ède Agentínà"
	},
	"IE": {
		"name": "Orílẹ́ède Ailandi"
	},
	"AL": {
		"name": "Orílẹ́ède Àlùbàníánì"
	},
	"DZ": {
		"name": "Orílẹ́ède Àlùgèríánì"
	},
	"AM": {
		"name": "Orílẹ́ède Améníà"
	},
	"CF": {
		"name": "Orílẹ́ède Àrin gùngun Áfíríkà"
	},
	"ZA": {
		"name": "Orílẹ́ède Ariwa Afirika"
	},
	"KR": {
		"name": "Orílẹ́ède Ariwa Kọria"
	},
	"AW": {
		"name": "Orílẹ́ède Árúbà"
	},
	"AZ": {
		"name": "Orílẹ́ède Asẹ́bájánì"
	},
	"AT": {
		"name": "Orílẹ́ède Asítíríà"
	},
	"AU": {
		"name": "Orílẹ́ède Ástràlìá"
	},
	"IS": {
		"name": "Orílẹ́ède Aṣilandi"
	},
	"BB": {
		"name": "Orílẹ́ède Bábádósì"
	},
	"BS": {
		"name": "Orílẹ́ède Bàhámásì"
	},
	"BD": {
		"name": "Orílẹ́ède Bángáládésì"
	},
	"BH": {
		"name": "Orílẹ́ède Báránì"
	},
	"BR": {
		"name": "Orílẹ́ède Bàràsílì"
	},
	"BE": {
		"name": "Orílẹ́ède Bégíọ́mù"
	},
	"BY": {
		"name": "Orílẹ́ède Bélárúsì"
	},
	"BZ": {
		"name": "Orílẹ́ède Bèlísẹ̀"
	},
	"BM": {
		"name": "Orílẹ́ède Bémúdà"
	},
	"BJ": {
		"name": "Orílẹ́ède Bẹ̀nẹ̀"
	},
	"BO": {
		"name": "Orílẹ́ède Bọ̀lífíyà"
	},
	"BA": {
		"name": "Orílẹ́ède Bọ̀síníà àti Ẹtisẹgófínà"
	},
	"BW": {
		"name": "Orílẹ́ède Bọ̀tìsúwánà"
	},
	"BN": {
		"name": "Orílẹ́ède Búrúnẹ́lì"
	},
	"BT": {
		"name": "Orílẹ́ède Bútánì"
	},
	"BG": {
		"name": "Orílẹ́ède Bùùgáríà"
	},
	"BF": {
		"name": "Orílẹ́ède Bùùkíná Fasò"
	},
	"BI": {
		"name": "Orílẹ́ède Bùùrúndì"
	},
	"DK": {
		"name": "Orílẹ́ède Dẹ́mákì"
	},
	"DJ": {
		"name": "Orílẹ́ède Díbọ́ótì"
	},
	"DM": {
		"name": "Orílẹ́ède Dòmíníkà"
	},
	"DO": {
		"name": "Orilẹ́ède Dòmíníkánì"
	},
	"EG": {
		"name": "Orílẹ́ède Égípítì"
	},
	"EC": {
		"name": "Orílẹ́ède Ekuádò"
	},
	"GQ": {
		"name": "Orílẹ́ède Ekutoria Gini"
	},
	"ER": {
		"name": "Orílẹ́ède Eritira"
	},
	"EE": {
		"name": "Orílẹ́ède Esitonia"
	},
	"VI": {
		"name": "Orílẹ́ède Etikun Fagini ti Amẹrika"
	},
	"VG": {
		"name": "Orílẹ́ède Etíkun Fágínì ti ìlú Bírítísì"
	},
	"FK": {
		"name": "Orílẹ́ède Etikun Fakalandi"
	},
	"MP": {
		"name": "Orílẹ́ède Etikun Guusu Mariana"
	},
	"IO": {
		"name": "Orílẹ́ède Etíkun Índíánì ti Ìlú Bírítísì"
	},
	"MH": {
		"name": "Orílẹ́ède Etikun Máṣali"
	},
	"NF": {
		"name": "Orílẹ́ède Etikun Nọ́úfókì"
	},
	"SB": {
		"name": "Orílẹ́ède Etikun Solomoni"
	},
	"KY": {
		"name": "Orílẹ́ède Etíokun Kámánì"
	},
	"CV": {
		"name": "Orílẹ́ède Etíokun Kápé féndè"
	},
	"CK": {
		"name": "Orílẹ́ède Etíokun Kùúkù"
	},
	"ET": {
		"name": "Orílẹ́ède Etopia"
	},
	"SV": {
		"name": "Orílẹ́ède Ẹẹsáfádò"
	},
	"AE": {
		"name": "Orílẹ́ède Ẹmirate ti Awọn Arabu"
	},
	"VU": {
		"name": "Orílẹ́ède Faniatu"
	},
	"FR": {
		"name": "Orílẹ́ède Faranse"
	},
	"VA": {
		"name": "Orílẹ́ède Fatikani"
	},
	"VE": {
		"name": "Orílẹ́ède Fẹnẹṣuẹla"
	},
	"VN": {
		"name": "Orílẹ́ède Fẹtinami"
	},
	"FJ": {
		"name": "Orílẹ́ède Fiji"
	},
	"FI": {
		"name": "Orílẹ́ède Filandi"
	},
	"PH": {
		"name": "Orílẹ́ède filipini"
	},
	"GF": {
		"name": "Orílẹ́ède Firenṣi Guana"
	},
	"PF": {
		"name": "Orílẹ́ède Firenṣi Polinesia"
	},
	"VC": {
		"name": "Orílẹ́ède Fisẹnnti ati Genadina"
	},
	"GA": {
		"name": "Orílẹ́ède Gabon"
	},
	"GP": {
		"name": "Orílẹ́ède Gadelope"
	},
	"GM": {
		"name": "Orílẹ́ède Gambia"
	},
	"GH": {
		"name": "Orílẹ́ède Gana"
	},
	"DE": {
		"name": "Orílẹ́ède Gemani"
	},
	"GD": {
		"name": "Orílẹ́ède Genada"
	},
	"GN": {
		"name": "Orílẹ́ède Gene"
	},
	"GW": {
		"name": "Orílẹ́ède Gene-Busau"
	},
	"GL": {
		"name": "Orílẹ́ède Gerelandi"
	},
	"GR": {
		"name": "Orílẹ́ède Geriisi"
	},
	"GI": {
		"name": "Orílẹ́ède Gibaratara"
	},
	"GE": {
		"name": "Orílẹ́ède Gọgia"
	},
	"GU": {
		"name": "Orílẹ́ède Guamu"
	},
	"GT": {
		"name": "Orílẹ́ède Guatemala"
	},
	"KP": {
		"name": "Orílẹ́ède Guusu Kọria"
	},
	"GY": {
		"name": "Orílẹ́ède Guyana"
	},
	"HT": {
		"name": "Orílẹ́ède Haati"
	},
	"SH": {
		"name": "Orílẹ́ède Hẹlena"
	},
	"HN": {
		"name": "Orílẹ́ède Hondurasi"
	},
	"HU": {
		"name": "Orílẹ́ède Hungari"
	},
	"TL": {
		"name": "Orílẹ́ède ÌlàOòrùn Tímọ̀"
	},
	"IN": {
		"name": "Orílẹ́ède India"
	},
	"ID": {
		"name": "Orílẹ́ède Indonesia"
	},
	"IQ": {
		"name": "Orílẹ́ède Iraki"
	},
	"IR": {
		"name": "Orílẹ́ède Irani"
	},
	"IL": {
		"name": "Orílẹ́ède Iserẹli"
	},
	"IT": {
		"name": "Orílẹ́ède Italiyi"
	},
	"PS": {
		"name": "Orílẹ́ède Iwọorun Pakisitian ati Gaṣa"
	},
	"JM": {
		"name": "Orílẹ́ède Jamaika"
	},
	"JP": {
		"name": "Orílẹ́ède Japani"
	},
	"JO": {
		"name": "Orílẹ́ède Jọdani"
	},
	"NC": {
		"name": "Orílẹ́ède Kaledonia Titun"
	},
	"CM": {
		"name": "Orílẹ́ède Kamerúúnì"
	},
	"KH": {
		"name": "Orílẹ́ède Kàmùbódíà"
	},
	"CA": {
		"name": "Orílẹ́ède Kánádà"
	},
	"KZ": {
		"name": "Orílẹ́ède Kaṣaṣatani"
	},
	"KE": {
		"name": "Orílẹ́ède Kenya"
	},
	"KN": {
		"name": "Orílẹ́ède Kiiti ati Neefi"
	},
	"KI": {
		"name": "Orílẹ́ède Kiribati"
	},
	"CO": {
		"name": "Orílẹ́ède Kòlómíbìa"
	},
	"KM": {
		"name": "Orílẹ́ède Kòmòrósì"
	},
	"CD": {
		"name": "Orilẹ́ède Kóngò"
	},
	"CG": {
		"name": "Orílẹ́ède Kóngò"
	},
	"HR": {
		"name": "Orílẹ́ède Kòróátíà"
	},
	"QA": {
		"name": "Orílẹ́ède Kota"
	},
	"CI": {
		"name": "Orílẹ́ède Kóútè forà"
	},
	"CU": {
		"name": "Orílẹ́ède Kúbà"
	},
	"KG": {
		"name": "Orílẹ́ède Kuriṣisitani"
	},
	"CY": {
		"name": "Orílẹ́ède Kúrúsì"
	},
	"CR": {
		"name": "Orílẹ́ède Kuusita Ríkà"
	},
	"KW": {
		"name": "Orílẹ́ède Kuweti"
	},
	"LR": {
		"name": "Orílẹ́ède Laberia"
	},
	"LA": {
		"name": "Orílẹ́ède Laosi"
	},
	"LV": {
		"name": "Orílẹ́ède Latifia"
	},
	"LB": {
		"name": "Orílẹ́ède Lebanoni"
	},
	"LS": {
		"name": "Orílẹ́ède Lesoto"
	},
	"LI": {
		"name": "Orílẹ́ède Lẹṣitẹnisiteni"
	},
	"LY": {
		"name": "Orílẹ́ède Libiya"
	},
	"LT": {
		"name": "Orílẹ́ède Lituania"
	},
	"LU": {
		"name": "Orílẹ́ède Lusemogi"
	},
	"LC": {
		"name": "Orílẹ́ède Luṣia"
	},
	"MG": {
		"name": "Orílẹ́ède Madasika"
	},
	"FM": {
		"name": "Orílẹ́ède Makoronesia"
	},
	"MV": {
		"name": "Orílẹ́ède Maladifi"
	},
	"MY": {
		"name": "Orílẹ́ède Malasia"
	},
	"MT": {
		"name": "Orílẹ́ède Malata"
	},
	"MW": {
		"name": "Orílẹ́ède Malawi"
	},
	"ML": {
		"name": "Orílẹ́ède Mali"
	},
	"MM": {
		"name": "Orílẹ́ède Manamari"
	},
	"MR": {
		"name": "Orílẹ́ède Maritania"
	},
	"MU": {
		"name": "Orílẹ́ède Maritiusi"
	},
	"MK": {
		"name": "Orílẹ́ède Masidonia"
	},
	"MQ": {
		"name": "Orílẹ́ède Matinikuwi"
	},
	"YT": {
		"name": "Orílẹ́ède Mayote"
	},
	"MX": {
		"name": "Orílẹ́ède Mesiko"
	},
	"MD": {
		"name": "Orílẹ́ède Modofia"
	},
	"MN": {
		"name": "Orílẹ́ède Mogolia"
	},
	"MC": {
		"name": "Orílẹ́ède Monako"
	},
	"MA": {
		"name": "Orílẹ́ède Moroko"
	},
	"MZ": {
		"name": "Orílẹ́ède Moṣamibiku"
	},
	"MS": {
		"name": "Orílẹ́ède Motserati"
	},
	"NE": {
		"name": "Orílẹ́ède Nàìjá"
	},
	"NG": {
		"name": "Orílẹ́ède Nàìjíríà"
	},
	"NA": {
		"name": "Orílẹ́ède Namibia"
	},
	"NR": {
		"name": "Orílẹ́ède Nauru"
	},
	"NL": {
		"name": "Orílẹ́ède Nedalandi"
	},
	"NP": {
		"name": "Orílẹ́ède Nepa"
	},
	"NI": {
		"name": "Orílẹ́ède NIkaragua"
	},
	"NU": {
		"name": "Orílẹ́ède Niue"
	},
	"NO": {
		"name": "Orílẹ́ède Nọọwii"
	},
	"UY": {
		"name": "Orílẹ́ède Nruguayi"
	},
	"UZ": {
		"name": "Orílẹ́ède Nṣibẹkisitani"
	},
	"GB": {
		"name": "Orílẹ́ède Omobabirin"
	},
	"US": {
		"name": "Orílẹ́ède Orilẹede Amerika"
	},
	"OM": {
		"name": "Orílẹ́ède Ọọma"
	},
	"PW": {
		"name": "Orílẹ́ède Paalu"
	},
	"PG": {
		"name": "Orílẹ́ède Paapu ti Giini"
	},
	"PK": {
		"name": "Orílẹ́ède Pakisitan"
	},
	"PA": {
		"name": "Orílẹ́ède Panama"
	},
	"PY": {
		"name": "Orílẹ́ède Paraguye"
	},
	"PE": {
		"name": "Orílẹ́ède Peru"
	},
	"PM": {
		"name": "Orílẹ́ède Pẹẹri ati mikuloni"
	},
	"PN": {
		"name": "Orílẹ́ède Pikarini"
	},
	"PL": {
		"name": "Orílẹ́ède Polandi"
	},
	"PR": {
		"name": "Orílẹ́ède Pọto Riko"
	},
	"PT": {
		"name": "Orílẹ́ède Pọtugi"
	},
	"RE": {
		"name": "Orílẹ́ède Riuniyan"
	},
	"RO": {
		"name": "Orílẹ́ède Romaniya"
	},
	"RU": {
		"name": "Orílẹ́ède Rọṣia"
	},
	"RW": {
		"name": "Orílẹ́ède Ruwanda"
	},
	"WS": {
		"name": "Orílẹ́ède Samọ"
	},
	"SM": {
		"name": "Orílẹ́ède Sani Marino"
	},
	"ST": {
		"name": "Orílẹ́ède Sao tomi ati piriiṣipi"
	},
	"SZ": {
		"name": "Orílẹ́ède Saṣiland"
	},
	"SA": {
		"name": "Orílẹ́ède Saudi Arabia"
	},
	"SC": {
		"name": "Orílẹ́ède seṣẹlẹsi"
	},
	"SN": {
		"name": "Orílẹ́ède Sẹnẹga"
	},
	"SK": {
		"name": "Orílẹ́ède Silofakia"
	},
	"SI": {
		"name": "Orílẹ́ède Silofania"
	},
	"SG": {
		"name": "Orílẹ́ède Singapo"
	},
	"ES": {
		"name": "Orílẹ́ède Sipani"
	},
	"LK": {
		"name": "Orílẹ́ède Siri Lanka"
	},
	"SY": {
		"name": "Orílẹ́ède Siria"
	},
	"SL": {
		"name": "Orílẹ́ède Siria looni"
	},
	"SO": {
		"name": "Orílẹ́ède Somalia"
	},
	"SD": {
		"name": "Orílẹ́ède Sudani"
	},
	"SR": {
		"name": "Orílẹ́ède Surinami"
	},
	"SE": {
		"name": "Orílẹ́ède Swidini"
	},
	"CH": {
		"name": "Orílẹ́ède switiṣilandi"
	},
	"TD": {
		"name": "Orílẹ́ède ṣààdì"
	},
	"CN": {
		"name": "Orílẹ́ède ṣáínà"
	},
	"ZM": {
		"name": "Orílẹ́ède ṣamibia"
	},
	"CZ": {
		"name": "Orílẹ́ède ṣẹ́ẹ́kì"
	},
	"NZ": {
		"name": "Orílẹ́ède ṣilandi Titun"
	},
	"CL": {
		"name": "Orílẹ́ède ṣílè"
	},
	"ZW": {
		"name": "Orílẹ́ède ṣimibabe"
	},
	"TH": {
		"name": "Orílẹ́ède Tailandi"
	},
	"TW": {
		"name": "Orílẹ́ède Taiwani"
	},
	"TJ": {
		"name": "Orílẹ́ède Takisitani"
	},
	"TZ": {
		"name": "Orílẹ́ède Tanṣania"
	},
	"TT": {
		"name": "Orílẹ́ède Tirinida ati Tobaga"
	},
	"TG": {
		"name": "Orílẹ́ède Togo"
	},
	"TK": {
		"name": "Orílẹ́ède Tokelau"
	},
	"TO": {
		"name": "Orílẹ́ède Tonga"
	},
	"TR": {
		"name": "Orílẹ́ède Tọọki"
	},
	"TC": {
		"name": "Orílẹ́ède Tọọki ati Etikun Kakọsi"
	},
	"TM": {
		"name": "Orílẹ́ède Tọọkimenisita"
	},
	"TV": {
		"name": "Orílẹ́ède Tufalu"
	},
	"TN": {
		"name": "Orílẹ́ède Tuniṣia"
	},
	"UG": {
		"name": "Orílẹ́ède Uganda"
	},
	"UA": {
		"name": "Orílẹ́ède Ukarini"
	},
	"WF": {
		"name": "Orílẹ́ède Wali ati futuna"
	},
	"YE": {
		"name": "Orílẹ́ède yemeni"
	},
	"AS": {
		"name": "Sámóánì ti Orílẹ́ède Àméríkà"
	},
	"RS": {
		"name": "Serbia"
	},
	"SX": {
		"name": "Sint Maarten"
	},
	"GS": {
		"name": "South Georgia & South Sandwich Islands"
	},
	"SS": {
		"name": "South Sudan"
	},
	"BL": {
		"name": "St. Barthélemy"
	},
	"MF": {
		"name": "St. Martin"
	},
	"SJ": {
		"name": "Svalbard & Jan Mayen"
	},
	"TA": {
		"name": "Tristan da Cunha"
	},
	"UM": {
		"name": "U.S. Outlying Islands"
	},
	"EH": {
		"name": "Western Sahara"
	}
}