{
	"AX": {
		"name": "Åland Islands"
	},
	"AQ": {
		"name": "Antarctica"
	},
	"AC": {
		"name": "Ascension Island"
	},
	"IC": {
		"name": "Canary Islands"
	},
	"BQ": {
		"name": "Caribbean Netherlands"
	},
	"EA": {
		"name": "Ceuta & Melilla"
	},
	"CX": {
		"name": "Christmas Island"
	},
	"CC": {
		"name": "Cocos (Keeling) Islands"
	},
	"CW": {
		"name": "Curaçao"
	},
	"DG": {
		"name": "Diego Garcia"
	},
	"FO": {
		"name": "Faroe Islands"
	},
	"TF": {
		"name": "French Southern Territories"
	},
	"GG": {
		"name": "Guernsey"
	},
	"HK": {
		"name": "Hong Kong SAR China"
	},
	"IM": {
		"name": "Isle of Man"
	},
	"JE": {
		"name": "Jersey"
	},
	"XK": {
		"name": "Kosovo"
	},
	"MO": {
		"name": "Macau SAR China"
	},
	"SX": {
		"name": "Sint Maarten"
	},
	"GS": {
		"name": "South Georgia & South Sandwich Islands"
	},
	"BL": {
		"name": "St. Barthélemy"
	},
	"MF": {
		"name": "St. Martin"
	},
	"SJ": {
		"name": "Svalbard & Jan Mayen"
	},
	"TA": {
		"name": "Tristan da Cunha"
	},
	"UM": {
		"name": "U.S. Outlying Islands"
	},
	"EH": {
		"name": "Western Sahara"
	},
	"PS": {
		"name": "ⴰⴳⵎⵎⴰⴹ ⵏ ⵜⴰⴳⵓⵜ ⴷ ⵖⵣⵣⴰ"
	},
	"AZ": {
		"name": "ⴰⴷⵔⴰⴱⵉⵊⴰⵏ"
	},
	"GI": {
		"name": "ⴰⴷⵔⴰⵔ ⵏ ⵟⴰⵕⵉⵇ"
	},
	"ZA": {
		"name": "ⴰⴼⵔⵉⵇⵢⴰ ⵏ ⵉⴼⴼⵓⵙ"
	},
	"AF": {
		"name": "ⴰⴼⵖⴰⵏⵉⵙⵜⴰⵏ"
	},
	"AL": {
		"name": "ⴰⵍⴱⴰⵏⵢⴰ"
	},
	"DE": {
		"name": "ⴰⵍⵎⴰⵏⵢⴰ"
	},
	"AI": {
		"name": "ⴰⵏⴳⵉⵍⴰ"
	},
	"AO": {
		"name": "ⴰⵏⴳⵓⵍⴰ"
	},
	"ID": {
		"name": "ⴰⵏⴷⵓⵏⵉⵙⵢⴰ"
	},
	"AD": {
		"name": "ⴰⵏⴷⵓⵔⴰ"
	},
	"AG": {
		"name": "ⴰⵏⵜⵉⴳⴰ ⴷ ⴱⵔⴱⵓⴷⴰ"
	},
	"AR": {
		"name": "ⴰⵔⵊⴰⵏⵜⵉⵏ"
	},
	"AM": {
		"name": "ⴰⵔⵎⵉⵏⵢⴰ"
	},
	"AW": {
		"name": "ⴰⵔⵓⴱⴰ"
	},
	"VA": {
		"name": "ⴰⵡⴰⵏⴽ ⵏ ⴼⴰⵜⵉⴽⴰⵏ"
	},
	"PG": {
		"name": "ⴱⴰⴱⵡⴰ ⵖⵉⵏⵢⴰ ⵜⴰⵎⴰⵢⵏⵓⵜ"
	},
	"PK": {
		"name": "ⴱⴰⴽⵉⵙⵜⴰⵏ"
	},
	"BS": {
		"name": "ⴱⴰⵀⴰⵎⴰⵙ"
	},
	"PW": {
		"name": "ⴱⴰⵍⴰⵡ"
	},
	"PA": {
		"name": "ⴱⴰⵏⴰⵎⴰ"
	},
	"BD": {
		"name": "ⴱⴰⵏⴳⵍⴰⴷⵉⵛ"
	},
	"PY": {
		"name": "ⴱⴰⵔⴰⴳⵡⴰⵢ"
	},
	"BB": {
		"name": "ⴱⴰⵔⴱⴰⴷ"
	},
	"BT": {
		"name": "ⴱⵀⵓⵜⴰⵏ"
	},
	"BH": {
		"name": "ⴱⵃⵔⴰⵢⵏ"
	},
	"BY": {
		"name": "ⴱⵉⵍⴰⵔⵓⵙⵢⴰ"
	},
	"BZ": {
		"name": "ⴱⵉⵍⵉⵣ"
	},
	"BJ": {
		"name": "ⴱⵉⵏⵉⵏ"
	},
	"PE": {
		"name": "ⴱⵉⵔⵓ"
	},
	"PN": {
		"name": "ⴱⵉⵜⴽⴰⵢⵔⵏ"
	},
	"BE": {
		"name": "ⴱⵍⵊⵉⴽⴰ"
	},
	"BG": {
		"name": "ⴱⵍⵖⴰⵔⵢⴰ"
	},
	"BO": {
		"name": "ⴱⵓⵍⵉⴱⵢⴰ"
	},
	"PF": {
		"name": "ⴱⵓⵍⵉⵏⵉⵣⵢⴰ ⵜⴰⴼⵔⴰⵏⵙⵉⵙⵜ"
	},
	"PL": {
		"name": "ⴱⵓⵍⵓⵏⵢⴰ"
	},
	"BF": {
		"name": "ⴱⵓⵔⴽⵉⵏⴰ ⴼⴰⵙⵓ"
	},
	"BI": {
		"name": "ⴱⵓⵔⵓⵏⴷⵉ"
	},
	"PR": {
		"name": "ⴱⵓⵔⵜⵓ ⵔⵉⴽⵓ"
	},
	"BA": {
		"name": "ⴱⵓⵙⵏⴰ ⴷ ⵀⵉⵔⵙⵉⴽ"
	},
	"BW": {
		"name": "ⴱⵓⵜⵙⵡⴰⵏⴰ"
	},
	"BR": {
		"name": "ⴱⵔⴰⵣⵉⵍ"
	},
	"BM": {
		"name": "ⴱⵔⵎⵓⴷⴰ"
	},
	"BN": {
		"name": "ⴱⵔⵓⵏⵉ"
	},
	"PT": {
		"name": "ⴱⵕⵟⵇⵉⵣ"
	},
	"GA": {
		"name": "ⴳⴰⴱⵓⵏ"
	},
	"GM": {
		"name": "ⴳⴰⵎⴱⵢⴰ"
	},
	"GL": {
		"name": "ⴳⵔⵉⵍⴰⵏⴷ"
	},
	"GP": {
		"name": "ⴳⵡⴰⴷⴰⵍⵓⴱ"
	},
	"GU": {
		"name": "ⴳⵡⴰⵎ"
	},
	"GT": {
		"name": "ⴳⵡⴰⵜⵉⵎⴰⵍⴰ"
	},
	"GF": {
		"name": "ⴳⵡⵉⵢⴰⵏ ⵜⴰⴼⵔⴰⵏⵙⵉⵙⵜ"
	},
	"GY": {
		"name": "ⴳⵡⵉⵢⴰⵏⴰ"
	},
	"DK": {
		"name": "ⴷⴰⵏⵎⴰⵔⴽ"
	},
	"DJ": {
		"name": "ⴷⵊⵉⴱⵓⵜⵉ"
	},
	"DM": {
		"name": "ⴷⵓⵎⵉⵏⵉⴽ"
	},
	"DZ": {
		"name": "ⴷⵣⴰⵢⵔ"
	},
	"VU": {
		"name": "ⴼⴰⵏⵡⴰⵟⵓ"
	},
	"FJ": {
		"name": "ⴼⵉⴷⵊⵉ"
	},
	"PH": {
		"name": "ⴼⵉⵍⵉⴱⴱⵉⵏ"
	},
	"FI": {
		"name": "ⴼⵉⵍⵍⴰⵏⴷⴰ"
	},
	"VE": {
		"name": "ⴼⵉⵏⵣⵡⵉⵍⴰ"
	},
	"VN": {
		"name": "ⴼⵉⵜⵏⴰⵎ"
	},
	"FR": {
		"name": "ⴼⵔⴰⵏⵙⴰ"
	},
	"NC": {
		"name": "ⴽⴰⵍⵉⴷⵓⵏⵢⴰ ⵜⴰⵎⴰⵢⵏⵓⵜ"
	},
	"KH": {
		"name": "ⴽⴰⵎⴱⵓⴷⵢⴰ"
	},
	"CM": {
		"name": "ⴽⴰⵎⵉⵔⵓⵏ"
	},
	"CA": {
		"name": "ⴽⴰⵏⴰⴷⴰ"
	},
	"KZ": {
		"name": "ⴽⴰⵣⴰⵅⵙⵜⴰⵏ"
	},
	"KE": {
		"name": "ⴽⵉⵏⵢⴰ"
	},
	"KI": {
		"name": "ⴽⵉⵔⵉⴱⴰⵜⵉ"
	},
	"KG": {
		"name": "ⴽⵉⵔⵖⵉⵣⵉⵙⵜⴰⵏ"
	},
	"CU": {
		"name": "ⴽⵓⴱⴰ"
	},
	"CO": {
		"name": "ⴽⵓⵍⵓⵎⴱⵢⴰ"
	},
	"CG": {
		"name": "ⴽⵓⵏⴳⵓ"
	},
	"KR": {
		"name": "ⴽⵓⵔⵢⴰ ⵏ ⵉⴼⴼⵓⵙ"
	},
	"KP": {
		"name": "ⴽⵓⵔⵢⴰ ⵏ ⵉⵥⵥⵍⵎⴹ"
	},
	"CR": {
		"name": "ⴽⵓⵙⵜⴰ ⵔⵉⴽⴰ"
	},
	"CI": {
		"name": "ⴽⵓⵜ ⴷⵉⴼⵡⴰⵔ"
	},
	"HR": {
		"name": "ⴽⵔⵡⴰⵜⵢⴰ"
	},
	"HT": {
		"name": "ⵀⴰⵢⵜⵉ"
	},
	"HU": {
		"name": "ⵀⵏⵖⴰⵔⵢⴰ"
	},
	"NL": {
		"name": "ⵀⵓⵍⴰⵏⴷⴰ"
	},
	"HN": {
		"name": "ⵀⵓⵏⴷⵓⵔⴰⵙ"
	},
	"OM": {
		"name": "ⵄⵓⵎⴰⵏ"
	},
	"QA": {
		"name": "ⵇⴰⵜⴰⵔ"
	},
	"CY": {
		"name": "ⵇⵓⴱⵔⵓⵙ"
	},
	"KM": {
		"name": "ⵇⵓⵎⵓⵔ"
	},
	"EC": {
		"name": "ⵉⴽⵡⴰⴷⵓⵔ"
	},
	"IR": {
		"name": "ⵉⵔⴰⵏ"
	},
	"ER": {
		"name": "ⵉⵔⵉⵜⵉⵔⵢⴰ"
	},
	"IE": {
		"name": "ⵉⵔⵍⴰⵏⴷⴰ"
	},
	"IS": {
		"name": "ⵉⵙⵍⴰⵏⴷ"
	},
	"IL": {
		"name": "ⵉⵙⵔⴰⵢⵉⵍ"
	},
	"EE": {
		"name": "ⵉⵙⵜⵓⵏⵢⴰ"
	},
	"ET": {
		"name": "ⵉⵜⵢⵓⴱⵢⴰ"
	},
	"IT": {
		"name": "ⵉⵟⴰⵍⵢⴰ"
	},
	"US": {
		"name": "ⵉⵡⵓⵏⴰⴽ ⵎⵓⵏⵏⵉⵏ ⵏ ⵎⵉⵔⵉⴽⴰⵏ"
	},
	"JM": {
		"name": "ⵊⴰⵎⴰⵢⴽⴰ"
	},
	"GE": {
		"name": "ⵊⵓⵔⵊⵢⴰ"
	},
	"LV": {
		"name": "ⵍⴰⵜⴼⵢⴰ"
	},
	"LA": {
		"name": "ⵍⴰⵡⵙ"
	},
	"KW": {
		"name": "ⵍⴽⵡⵉⵜ"
	},
	"IN": {
		"name": "ⵍⵀⵉⵏⴷ"
	},
	"IQ": {
		"name": "ⵍⵄⵉⵔⴰⵇ"
	},
	"LR": {
		"name": "ⵍⵉⴱⵉⵔⵢⴰ"
	},
	"LY": {
		"name": "ⵍⵉⴱⵢⴰ"
	},
	"LI": {
		"name": "ⵍⵉⴽⵉⵏⵛⵜⴰⵢⵏ"
	},
	"AE": {
		"name": "ⵍⵉⵎⴰⵔⴰⵜ"
	},
	"LS": {
		"name": "ⵍⵉⵚⵓⵟⵓ"
	},
	"LT": {
		"name": "ⵍⵉⵜⵡⴰⵏⵢⴰ"
	},
	"MA": {
		"name": "ⵍⵎⵖⵔⵉⴱ"
	},
	"LB": {
		"name": "ⵍⵓⴱⵏⴰⵏ"
	},
	"LU": {
		"name": "ⵍⵓⴽⵙⴰⵏⴱⵓⵔⴳ"
	},
	"JO": {
		"name": "ⵍⵓⵔⴷⵓⵏ"
	},
	"JP": {
		"name": "ⵍⵢⴰⴱⴰⵏ"
	},
	"GR": {
		"name": "ⵍⵢⵓⵏⴰⵏ"
	},
	"MG": {
		"name": "ⵎⴰⴷⴰⵖⴰⵛⵇⴰⵔ"
	},
	"MW": {
		"name": "ⵎⴰⵍⴰⵡⵉ"
	},
	"MV": {
		"name": "ⵎⴰⵍⴷⵉⴼ"
	},
	"ML": {
		"name": "ⵎⴰⵍⵉ"
	},
	"MY": {
		"name": "ⵎⴰⵍⵉⵣⵢⴰ"
	},
	"MT": {
		"name": "ⵎⴰⵍⵟⴰ"
	},
	"MQ": {
		"name": "ⵎⴰⵔⵜⵉⵏⵉⴽ"
	},
	"MK": {
		"name": "ⵎⴰⵙⵉⴷⵓⵏⵢⴰ"
	},
	"YT": {
		"name": "ⵎⴰⵢⵓⵟ"
	},
	"FM": {
		"name": "ⵎⵉⴽⵔⵓⵏⵉⵣⵢⴰ"
	},
	"MX": {
		"name": "ⵎⵉⴽⵙⵉⴽ"
	},
	"EG": {
		"name": "ⵎⵉⵚⵕ"
	},
	"MN": {
		"name": "ⵎⵏⵖⵓⵍⵢⴰ"
	},
	"MD": {
		"name": "ⵎⵓⵍⴷⵓⴼⵢⴰ"
	},
	"MC": {
		"name": "ⵎⵓⵏⴰⴽⵓ"
	},
	"MS": {
		"name": "ⵎⵓⵏⵙⵉⵔⴰⵜ"
	},
	"ME": {
		"name": "ⵎⵓⵏⵜⵉⵏⵉⴳⵔⵓ"
	},
	"MU": {
		"name": "ⵎⵓⵔⵉⵙ"
	},
	"MR": {
		"name": "ⵎⵓⵕⵉⵟⴰⵏⵢⴰ"
	},
	"MZ": {
		"name": "ⵎⵓⵣⵏⴱⵉⵇ"
	},
	"MM": {
		"name": "ⵎⵢⴰⵏⵎⴰⵔ"
	},
	"NA": {
		"name": "ⵏⴰⵎⵉⴱⵢⴰ"
	},
	"NR": {
		"name": "ⵏⴰⵡⵔⵓ"
	},
	"NP": {
		"name": "ⵏⵉⴱⴰⵍ"
	},
	"NI": {
		"name": "ⵏⵉⴽⴰⵔⴰⴳⵡⴰ"
	},
	"NG": {
		"name": "ⵏⵉⵊⵉⵔⵢⴰ"
	},
	"NU": {
		"name": "ⵏⵉⵡⵉ"
	},
	"NE": {
		"name": "ⵏⵏⵉⵊⵉⵔ"
	},
	"AT": {
		"name": "ⵏⵏⵎⵙⴰ"
	},
	"NO": {
		"name": "ⵏⵏⵔⵡⵉⵊ"
	},
	"NZ": {
		"name": "ⵏⵢⵓⵣⵉⵍⴰⵏⴷⴰ"
	},
	"UA": {
		"name": "ⵓⴽⵔⴰⵏⵢⴰ"
	},
	"UY": {
		"name": "ⵓⵔⵓⴳⵡⴰⵢ"
	},
	"UG": {
		"name": "ⵓⵖⴰⵏⴷⴰ"
	},
	"AU": {
		"name": "ⵓⵙⵜⵔⴰⵍⵢⴰ"
	},
	"UZ": {
		"name": "ⵓⵣⴱⴰⴽⵉⵙⵜⴰⵏ"
	},
	"RE": {
		"name": "ⵔⵉⵢⵓⵏⵢⵓⵏ"
	},
	"RO": {
		"name": "ⵔⵓⵎⴰⵏⵢⴰ"
	},
	"RU": {
		"name": "ⵔⵓⵙⵢⴰ"
	},
	"RW": {
		"name": "ⵔⵡⴰⵏⴷⴰ"
	},
	"GH": {
		"name": "ⵖⴰⵏⴰ"
	},
	"GN": {
		"name": "ⵖⵉⵏⵢⴰ"
	},
	"GW": {
		"name": "ⵖⵉⵏⵢⴰ ⴱⵉⵙⴰⵡ"
	},
	"GQ": {
		"name": "ⵖⵉⵏⵢⴰ ⵏ ⵉⴽⵡⴰⴷⵓⵔ"
	},
	"GD": {
		"name": "ⵖⵔⵏⴰⵟⴰ"
	},
	"SV": {
		"name": "ⵙⴰⵍⴼⴰⴷⵓⵔ"
	},
	"WS": {
		"name": "ⵙⴰⵎⵡⴰ"
	},
	"AS": {
		"name": "ⵙⴰⵎⵡⴰ ⵜⴰⵎⵉⵔⵉⴽⴰⵏⵉⵜ"
	},
	"PM": {
		"name": "ⵙⴰⵏⴱⵢⵉⵔ ⴷ ⵎⵉⴽⵍⵓⵏ"
	},
	"VC": {
		"name": "ⵙⴰⵏⴼⴰⵏⵙⴰⵏ ⴷ ⴳⵔⵉⵏⴰⴷⵉⵏ"
	},
	"KN": {
		"name": "ⵙⴰⵏⴽⵔⵉⵙ ⴷ ⵏⵉⴼⵉⵙ"
	},
	"SM": {
		"name": "ⵙⴰⵏⵎⴰⵔⵉⵏⵓ"
	},
	"SH": {
		"name": "ⵙⴰⵏⵜⵉⵍⵉⵏ"
	},
	"LC": {
		"name": "ⵙⴰⵏⵜⵍⵓⵙⵉ"
	},
	"ST": {
		"name": "ⵙⴰⵡⵟⵓⵎⵉ ⴷ ⴱⵔⴰⵏⵙⵉⴱ"
	},
	"ES": {
		"name": "ⵙⴱⴰⵏⵢⴰ"
	},
	"RS": {
		"name": "ⵙⵉⵔⴱⵢⴰ"
	},
	"SK": {
		"name": "ⵙⵍⵓⴼⴰⴽⵢⴰ"
	},
	"SI": {
		"name": "ⵙⵍⵓⴼⵉⵏⵢⴰ"
	},
	"SG": {
		"name": "ⵙⵏⵖⴰⴼⵓⵔⴰ"
	},
	"SR": {
		"name": "ⵙⵓⵔⵉⵏⴰⵎ"
	},
	"SY": {
		"name": "ⵙⵓⵔⵢⴰ"
	},
	"LK": {
		"name": "ⵙⵔⵉⵍⴰⵏⴽⴰ"
	},
	"SA": {
		"name": "ⵙⵙⴰⵄⵓⴷⵉⵢⴰ"
	},
	"SN": {
		"name": "ⵙⵙⵉⵏⵉⴳⴰⵍ"
	},
	"SL": {
		"name": "ⵙⵙⵉⵔⴰⵍⵢⵓⵏ"
	},
	"SC": {
		"name": "ⵙⵙⵉⵛⵉⵍ"
	},
	"SD": {
		"name": "ⵙⵙⵓⴷⴰⵏ"
	},
	"SS": {
		"name": "ⵙⵙⵓⴷⴰⵏ ⵏ ⵉⴼⴼⵓⵙ"
	},
	"SE": {
		"name": "ⵙⵙⵡⵉⴷ"
	},
	"SZ": {
		"name": "ⵙⵡⴰⵣⵉⵍⴰⵏⴷⴰ"
	},
	"CH": {
		"name": "ⵙⵡⵉⵙⵔⴰ"
	},
	"SO": {
		"name": "ⵚⵚⵓⵎⴰⵍ"
	},
	"CL": {
		"name": "ⵛⵛⵉⵍⵉ"
	},
	"CN": {
		"name": "ⵛⵛⵉⵏⵡⴰ"
	},
	"CD": {
		"name": "ⵜⴰⴳⴷⵓⴷⴰⵏⵜ ⵜⴰⴷⵉⵎⵓⵇⵔⴰⵜⵉⵜ ⵏ ⴽⵓⵏⴳⵓ"
	},
	"DO": {
		"name": "ⵜⴰⴳⴷⵓⴷⴰⵏⵜ ⵜⴰⴷⵓⵎⵉⵏⵉⴽⵜ"
	},
	"CF": {
		"name": "ⵜⴰⴳⴷⵓⴷⴰⵏⵜ ⵜⴰⵏⴰⵎⵎⴰⵙⵜ ⵏ ⵉⴼⵔⵉⵇⵢⴰ"
	},
	"CZ": {
		"name": "ⵜⴰⴳⴷⵓⴷⴰⵏⵜ ⵜⴰⵜⵛⵉⴽⵉⵜ"
	},
	"GB": {
		"name": "ⵜⴰⴳⵍⴷⵉⵜ ⵉⵎⵓⵏⵏ"
	},
	"TJ": {
		"name": "ⵜⴰⴷⵊⴰⴽⵉⵙⵜⴰⵏ"
	},
	"IO": {
		"name": "ⵜⴰⵎⵏⴰⴹⵜ ⵜⴰⵏⴳⵍⵉⵣⵉⵜ ⵏ ⵓⴳⴰⵔⵓ ⴰⵀⵉⵏⴷⵉ"
	},
	"CV": {
		"name": "ⵜⵉⴳⵣⵉⵔⵉⵏ ⵏ ⴽⴰⴱⴱⵉⵔⴷⵉ"
	},
	"KY": {
		"name": "ⵜⵉⴳⵣⵉⵔⵉⵏ ⵏ ⴽⴰⵢⵎⴰⵏ"
	},
	"CK": {
		"name": "ⵜⵉⴳⵣⵉⵔⵉⵏ ⵏ ⴽⵓⴽ"
	},
	"FK": {
		"name": "ⵜⵉⴳⵣⵉⵔⵉⵏ ⵏ ⵎⴰⵍⴰⵡⵉ"
	},
	"MH": {
		"name": "ⵜⵉⴳⵣⵉⵔⵉⵏ ⵏ ⵎⴰⵔⵛⴰⵍ"
	},
	"MP": {
		"name": "ⵜⵉⴳⵣⵉⵔⵉⵏ ⵏ ⵎⴰⵔⵢⴰⵏ ⵏ ⵉⵥⵥⵍⵎⴹ"
	},
	"NF": {
		"name": "ⵜⵉⴳⵣⵉⵔⵉⵏ ⵏ ⵏⵓⵔⴼⵓⵍⴽ"
	},
	"SB": {
		"name": "ⵜⵉⴳⵣⵉⵔⵉⵏ ⵏ ⵙⴰⵍⵓⵎⴰⵏ"
	},
	"TC": {
		"name": "ⵜⵉⴳⵣⵉⵔⵉⵏ ⵏ ⵜⵓⵔⴽⵢⴰ ⴷ ⴽⴰⵢⴽ"
	},
	"VI": {
		"name": "ⵜⵉⴳⵣⵉⵔⵉⵏ ⵜⵉⵎⴳⴰⴷ ⵏ ⵉⵡⵓⵏⴰⴽ ⵎⵓⵏⵏⵉⵏ"
	},
	"VG": {
		"name": "ⵜⵉⴳⵣⵉⵔⵉⵏ ⵜⵉⵎⴳⴰⴷ ⵏ ⵏⵏⴳⵍⵉⵣ"
	},
	"TL": {
		"name": "ⵜⵉⵎⵓⵔ ⵏ ⵍⵇⴱⵍⵜ"
	},
	"TV": {
		"name": "ⵜⵓⴼⴰⵍⵓ"
	},
	"TN": {
		"name": "ⵜⵓⵏⵙ"
	},
	"TM": {
		"name": "ⵜⵓⵔⴽⵎⴰⵏⵙⵜⴰⵏ"
	},
	"TR": {
		"name": "ⵜⵓⵔⴽⵢⴰ"
	},
	"TT": {
		"name": "ⵜⵔⵉⵏⵉⴷⴰⴷ ⴷ ⵟⵓⴱⴰⴳⵓ"
	},
	"TD": {
		"name": "ⵜⵛⴰⴷ"
	},
	"TZ": {
		"name": "ⵟⴰⵏⵥⴰⵏⵢⴰ"
	},
	"TH": {
		"name": "ⵟⴰⵢⵍⴰⵏⴷ"
	},
	"TW": {
		"name": "ⵟⴰⵢⵡⴰⵏ"
	},
	"TG": {
		"name": "ⵟⵓⴳⵓ"
	},
	"TK": {
		"name": "ⵟⵓⴽⵍⴰⵡ"
	},
	"TO": {
		"name": "ⵟⵓⵏⴳⴰ"
	},
	"WF": {
		"name": "ⵡⴰⵍⵉⵙ ⴷ ⴼⵓⵜⵓⵏⴰ"
	},
	"YE": {
		"name": "ⵢⴰⵎⴰⵏ"
	},
	"ZM": {
		"name": "ⵣⴰⵎⴱⵢⴰ"
	},
	"ZW": {
		"name": "ⵣⵉⵎⴱⴰⴱⵡⵉ"
	}
}