{
	"YE": {
		"name": "也門"
	},
	"TT": {
		"name": "千里達和多巴哥"
	},
	"TR": {
		"name": "土耳其"
	},
	"TM": {
		"name": "土庫曼"
	},
	"BT": {
		"name": "不丹"
	},
	"CF": {
		"name": "中非共和國"
	},
	"CN": {
		"name": "中國"
	},
	"HK": {
		"name": "中國香港特別行政區"
	},
	"MO": {
		"name": "中國澳門特別行政區"
	},
	"DK": {
		"name": "丹麥"
	},
	"EC": {
		"name": "厄瓜多爾"
	},
	"ER": {
		"name": "厄立特里亞"
	},
	"BB": {
		"name": "巴巴多斯"
	},
	"PG": {
		"name": "巴布亞新幾內亞"
	},
	"BR": {
		"name": "巴西"
	},
	"PY": {
		"name": "巴拉圭"
	},
	"BH": {
		"name": "巴林"
	},
	"BS": {
		"name": "巴哈馬"
	},
	"PA": {
		"name": "巴拿馬"
	},
	"PS": {
		"name": "巴勒斯坦領土"
	},
	"PK": {
		"name": "巴基斯坦"
	},
	"JP": {
		"name": "日本"
	},
	"BE": {
		"name": "比利時"
	},
	"MR": {
		"name": "毛里塔尼亞"
	},
	"MU": {
		"name": "毛里裘斯"
	},
	"JM": {
		"name": "牙買加"
	},
	"TD": {
		"name": "乍得"
	},
	"IL": {
		"name": "以色列"
	},
	"IC": {
		"name": "加那利群島"
	},
	"CA": {
		"name": "加拿大"
	},
	"GH": {
		"name": "加納"
	},
	"GA": {
		"name": "加蓬"
	},
	"MP": {
		"name": "北馬里亞納群島"
	},
	"KP": {
		"name": "北韓"
	},
	"QA": {
		"name": "卡塔爾"
	},
	"CU": {
		"name": "古巴"
	},
	"CC": {
		"name": "可可斯群島"
	},
	"TW": {
		"name": "台灣"
	},
	"NG": {
		"name": "尼日利亞"
	},
	"NE": {
		"name": "尼日爾"
	},
	"NI": {
		"name": "尼加拉瓜"
	},
	"NP": {
		"name": "尼泊爾"
	},
	"BF": {
		"name": "布基納法索"
	},
	"BI": {
		"name": "布隆迪"
	},
	"GP": {
		"name": "瓜地洛普"
	},
	"WF": {
		"name": "瓦利斯群島和富圖那群島"
	},
	"VU": {
		"name": "瓦努阿圖"
	},
	"BY": {
		"name": "白俄羅斯"
	},
	"PN": {
		"name": "皮特凱恩島"
	},
	"LT": {
		"name": "立陶宛"
	},
	"IQ": {
		"name": "伊拉克"
	},
	"IR": {
		"name": "伊朗"
	},
	"EA": {
		"name": "休達與梅利利亞"
	},
	"IS": {
		"name": "冰島"
	},
	"LI": {
		"name": "列支敦士登"
	},
	"HU": {
		"name": "匈牙利"
	},
	"ID": {
		"name": "印尼"
	},
	"IN": {
		"name": "印度"
	},
	"GT": {
		"name": "危地馬拉"
	},
	"DJ": {
		"name": "吉布提"
	},
	"KI": {
		"name": "吉里巴斯"
	},
	"KG": {
		"name": "吉爾吉斯"
	},
	"GY": {
		"name": "圭亞那"
	},
	"DM": {
		"name": "多米尼克"
	},
	"DO": {
		"name": "多明尼加共和國"
	},
	"TG": {
		"name": "多哥共和國"
	},
	"AI": {
		"name": "安圭拉"
	},
	"AO": {
		"name": "安哥拉"
	},
	"AG": {
		"name": "安提瓜和巴布達"
	},
	"AD": {
		"name": "安道爾"
	},
	"TK": {
		"name": "托克勞群島"
	},
	"BM": {
		"name": "百慕達"
	},
	"LA": {
		"name": "老撾"
	},
	"ES": {
		"name": "西班牙"
	},
	"EH": {
		"name": "西撒哈拉"
	},
	"BZ": {
		"name": "伯利茲"
	},
	"CV": {
		"name": "佛得角"
	},
	"HR": {
		"name": "克羅地亞"
	},
	"LR": {
		"name": "利比里亞"
	},
	"LY": {
		"name": "利比亞"
	},
	"GR": {
		"name": "希臘"
	},
	"BN": {
		"name": "汶萊"
	},
	"SA": {
		"name": "沙地阿拉伯"
	},
	"BJ": {
		"name": "貝寧"
	},
	"GQ": {
		"name": "赤道幾內亞"
	},
	"AM": {
		"name": "亞美尼亞"
	},
	"TZ": {
		"name": "坦桑尼亞"
	},
	"VE": {
		"name": "委內瑞拉"
	},
	"BD": {
		"name": "孟加拉"
	},
	"GM": {
		"name": "岡比亞"
	},
	"PW": {
		"name": "帛琉"
	},
	"SB": {
		"name": "所羅門群島"
	},
	"LV": {
		"name": "拉脫維亞"
	},
	"TL": {
		"name": "東帝汶"
	},
	"FR": {
		"name": "法國"
	},
	"FO": {
		"name": "法羅群島"
	},
	"GF": {
		"name": "法屬圭亞那"
	},
	"PF": {
		"name": "法屬波利尼西亞"
	},
	"TF": {
		"name": "法屬南部領地"
	},
	"MF": {
		"name": "法屬聖馬丁"
	},
	"PR": {
		"name": "波多黎各"
	},
	"BA": {
		"name": "波斯尼亞和黑塞哥維那"
	},
	"PL": {
		"name": "波蘭"
	},
	"GI": {
		"name": "直布羅陀"
	},
	"KE": {
		"name": "肯雅"
	},
	"FI": {
		"name": "芬蘭"
	},
	"AE": {
		"name": "阿拉伯聯合酋長國"
	},
	"AR": {
		"name": "阿根廷"
	},
	"OM": {
		"name": "阿曼"
	},
	"AF": {
		"name": "阿富汗"
	},
	"AC": {
		"name": "阿森松島"
	},
	"AZ": {
		"name": "阿塞拜疆"
	},
	"DZ": {
		"name": "阿爾及利亞"
	},
	"AL": {
		"name": "阿爾巴尼亞"
	},
	"AW": {
		"name": "阿魯巴"
	},
	"RU": {
		"name": "俄羅斯"
	},
	"BG": {
		"name": "保加利亞"
	},
	"GS": {
		"name": "南佐治亞島與南桑威奇群島"
	},
	"ZA": {
		"name": "南非"
	},
	"AQ": {
		"name": "南極洲"
	},
	"KR": {
		"name": "南韓"
	},
	"SS": {
		"name": "南蘇丹"
	},
	"KZ": {
		"name": "哈薩克"
	},
	"KH": {
		"name": "柬埔寨"
	},
	"ZW": {
		"name": "津巴布韋"
	},
	"HN": {
		"name": "洪都拉斯"
	},
	"BO": {
		"name": "玻利維亞"
	},
	"KW": {
		"name": "科威特"
	},
	"CI": {
		"name": "科特迪瓦"
	},
	"XK": {
		"name": "科索沃"
	},
	"KM": {
		"name": "科摩羅"
	},
	"TN": {
		"name": "突尼西亞"
	},
	"JO": {
		"name": "約旦"
	},
	"US": {
		"name": "美國"
	},
	"UM": {
		"name": "美國本土外小島嶼"
	},
	"VI": {
		"name": "美屬維爾京群島"
	},
	"AS": {
		"name": "美屬薩摩亞"
	},
	"GB": {
		"name": "英國"
	},
	"IO": {
		"name": "英屬印度洋領地"
	},
	"VG": {
		"name": "英屬維爾京群島"
	},
	"DG": {
		"name": "迪亞哥加西亞島"
	},
	"CG": {
		"name": "剛果（布拉薩）"
	},
	"CD": {
		"name": "剛果（金夏沙）"
	},
	"CO": {
		"name": "哥倫比亞"
	},
	"CR": {
		"name": "哥斯達黎加"
	},
	"EG": {
		"name": "埃及"
	},
	"ET": {
		"name": "埃塞俄比亞"
	},
	"CK": {
		"name": "庫克群島"
	},
	"CW": {
		"name": "庫拉索"
	},
	"NO": {
		"name": "挪威"
	},
	"GG": {
		"name": "根息"
	},
	"GD": {
		"name": "格林納達"
	},
	"GL": {
		"name": "格陵蘭"
	},
	"GE": {
		"name": "格魯吉亞"
	},
	"TH": {
		"name": "泰國"
	},
	"HT": {
		"name": "海地"
	},
	"UG": {
		"name": "烏干達"
	},
	"UA": {
		"name": "烏克蘭"
	},
	"UY": {
		"name": "烏拉圭"
	},
	"UZ": {
		"name": "烏茲別克"
	},
	"TC": {
		"name": "特克斯和凱科斯群島"
	},
	"TA": {
		"name": "特里斯坦達庫尼亞群島"
	},
	"RE": {
		"name": "留尼旺"
	},
	"PE": {
		"name": "秘魯"
	},
	"NA": {
		"name": "納米比亞"
	},
	"NZ": {
		"name": "紐西蘭"
	},
	"NU": {
		"name": "紐埃島"
	},
	"SO": {
		"name": "索馬里"
	},
	"MQ": {
		"name": "馬丁尼克島"
	},
	"MT": {
		"name": "馬耳他"
	},
	"ML": {
		"name": "馬里"
	},
	"MY": {
		"name": "馬來西亞"
	},
	"MK": {
		"name": "馬其頓"
	},
	"MW": {
		"name": "馬拉維"
	},
	"YT": {
		"name": "馬約特"
	},
	"IM": {
		"name": "馬恩島"
	},
	"MH": {
		"name": "馬紹爾群島"
	},
	"MG": {
		"name": "馬達加斯加"
	},
	"MV": {
		"name": "馬爾代夫"
	},
	"FM": {
		"name": "密克羅尼西亞群島"
	},
	"CZ": {
		"name": "捷克共和國"
	},
	"SY": {
		"name": "敍利亞"
	},
	"VA": {
		"name": "梵蒂岡"
	},
	"SX": {
		"name": "荷屬聖馬丁"
	},
	"NL": {
		"name": "荷蘭"
	},
	"BQ": {
		"name": "荷蘭加勒比區"
	},
	"MZ": {
		"name": "莫桑比克"
	},
	"BW": {
		"name": "博茨瓦納"
	},
	"CM": {
		"name": "喀麥隆"
	},
	"GN": {
		"name": "幾內亞"
	},
	"GW": {
		"name": "幾內亞比紹"
	},
	"FJ": {
		"name": "斐濟"
	},
	"SJ": {
		"name": "斯瓦爾巴特群島及揚馬延島"
	},
	"LK": {
		"name": "斯里蘭卡"
	},
	"SZ": {
		"name": "斯威士蘭"
	},
	"SI": {
		"name": "斯洛文尼亞"
	},
	"SK": {
		"name": "斯洛伐克"
	},
	"CL": {
		"name": "智利"
	},
	"TO": {
		"name": "湯加"
	},
	"PH": {
		"name": "菲律賓"
	},
	"LS": {
		"name": "萊索托"
	},
	"VN": {
		"name": "越南"
	},
	"KY": {
		"name": "開曼群島"
	},
	"ME": {
		"name": "黑山"
	},
	"TJ": {
		"name": "塔吉克"
	},
	"SN": {
		"name": "塞內加爾"
	},
	"SC": {
		"name": "塞舌爾"
	},
	"SL": {
		"name": "塞拉利昂"
	},
	"CY": {
		"name": "塞浦路斯"
	},
	"RS": {
		"name": "塞爾維亞"
	},
	"AT": {
		"name": "奧地利"
	},
	"AX": {
		"name": "奧蘭群島"
	},
	"IT": {
		"name": "意大利"
	},
	"EE": {
		"name": "愛沙尼亞"
	},
	"IE": {
		"name": "愛爾蘭"
	},
	"SG": {
		"name": "新加坡"
	},
	"NC": {
		"name": "新喀里多尼亞"
	},
	"NR": {
		"name": "瑙魯"
	},
	"CH": {
		"name": "瑞士"
	},
	"SE": {
		"name": "瑞典"
	},
	"BL": {
		"name": "聖巴泰勒米"
	},
	"VC": {
		"name": "聖文森特和格林納丁斯"
	},
	"PM": {
		"name": "聖皮埃爾和密克隆群島"
	},
	"ST": {
		"name": "聖多美和普林西比"
	},
	"SM": {
		"name": "聖馬利諾"
	},
	"KN": {
		"name": "聖基茨和尼維斯"
	},
	"SH": {
		"name": "聖赫勒拿島"
	},
	"CX": {
		"name": "聖誕島"
	},
	"LC": {
		"name": "聖盧西亞"
	},
	"PT": {
		"name": "葡萄牙"
	},
	"TV": {
		"name": "圖瓦盧"
	},
	"FK": {
		"name": "福克蘭群島"
	},
	"MN": {
		"name": "蒙古"
	},
	"MS": {
		"name": "蒙特塞拉特"
	},
	"DE": {
		"name": "德國"
	},
	"MA": {
		"name": "摩洛哥"
	},
	"MC": {
		"name": "摩納哥"
	},
	"MD": {
		"name": "摩爾多瓦"
	},
	"MM": {
		"name": "緬甸"
	},
	"LB": {
		"name": "黎巴嫩"
	},
	"MX": {
		"name": "墨西哥"
	},
	"JE": {
		"name": "澤西島"
	},
	"AU": {
		"name": "澳洲"
	},
	"RW": {
		"name": "盧旺達"
	},
	"LU": {
		"name": "盧森堡"
	},
	"NF": {
		"name": "諾福克島"
	},
	"SV": {
		"name": "薩爾瓦多"
	},
	"WS": {
		"name": "薩摩亞"
	},
	"RO": {
		"name": "羅馬尼亞"
	},
	"ZM": {
		"name": "贊比亞"
	},
	"GU": {
		"name": "關島"
	},
	"SD": {
		"name": "蘇丹"
	},
	"SR": {
		"name": "蘇里南"
	}
}