{
	"AL": {
		"name": "阿尔巴尼亚"
	},
	"DZ": {
		"name": "阿尔及利亚"
	},
	"AF": {
		"name": "阿富汗"
	},
	"AR": {
		"name": "阿根廷"
	},
	"AE": {
		"name": "阿拉伯联合酋长国"
	},
	"AW": {
		"name": "阿鲁巴"
	},
	"OM": {
		"name": "阿曼"
	},
	"AZ": {
		"name": "阿塞拜疆"
	},
	"AC": {
		"name": "阿森松岛"
	},
	"EG": {
		"name": "埃及"
	},
	"ET": {
		"name": "埃塞俄比亚"
	},
	"IE": {
		"name": "爱尔兰"
	},
	"EE": {
		"name": "爱沙尼亚"
	},
	"AD": {
		"name": "安道尔"
	},
	"AO": {
		"name": "安哥拉"
	},
	"AI": {
		"name": "安圭拉"
	},
	"AG": {
		"name": "安提瓜和巴布达"
	},
	"AT": {
		"name": "奥地利"
	},
	"AX": {
		"name": "奥兰群岛"
	},
	"AU": {
		"name": "澳大利亚"
	},
	"BB": {
		"name": "巴巴多斯"
	},
	"PG": {
		"name": "巴布亚新几内亚"
	},
	"BS": {
		"name": "巴哈马"
	},
	"PK": {
		"name": "巴基斯坦"
	},
	"PY": {
		"name": "巴拉圭"
	},
	"PS": {
		"name": "巴勒斯坦领土"
	},
	"BH": {
		"name": "巴林"
	},
	"PA": {
		"name": "巴拿马"
	},
	"BR": {
		"name": "巴西"
	},
	"BY": {
		"name": "白俄罗斯"
	},
	"BM": {
		"name": "百慕大"
	},
	"BG": {
		"name": "保加利亚"
	},
	"MP": {
		"name": "北马里亚纳群岛"
	},
	"BJ": {
		"name": "贝宁"
	},
	"BE": {
		"name": "比利时"
	},
	"IS": {
		"name": "冰岛"
	},
	"PR": {
		"name": "波多黎各"
	},
	"PL": {
		"name": "波兰"
	},
	"BA": {
		"name": "波斯尼亚和黑塞哥维那"
	},
	"BO": {
		"name": "玻利维亚"
	},
	"BZ": {
		"name": "伯利兹"
	},
	"BW": {
		"name": "博茨瓦纳"
	},
	"BT": {
		"name": "不丹"
	},
	"BF": {
		"name": "布基纳法索"
	},
	"BI": {
		"name": "布隆迪"
	},
	"KP": {
		"name": "朝鲜"
	},
	"GQ": {
		"name": "赤道几内亚"
	},
	"DK": {
		"name": "丹麦"
	},
	"DE": {
		"name": "德国"
	},
	"DG": {
		"name": "迪戈加西亚岛"
	},
	"TL": {
		"name": "东帝汶"
	},
	"TG": {
		"name": "多哥"
	},
	"DO": {
		"name": "多米尼加共和国"
	},
	"DM": {
		"name": "多米尼克"
	},
	"RU": {
		"name": "俄罗斯"
	},
	"EC": {
		"name": "厄瓜多尔"
	},
	"ER": {
		"name": "厄立特里亚"
	},
	"FR": {
		"name": "法国"
	},
	"FO": {
		"name": "法罗群岛"
	},
	"PF": {
		"name": "法属波利尼西亚"
	},
	"GF": {
		"name": "法属圭亚那"
	},
	"TF": {
		"name": "法属南部领地"
	},
	"VA": {
		"name": "梵蒂冈"
	},
	"PH": {
		"name": "菲律宾"
	},
	"FJ": {
		"name": "斐济"
	},
	"FI": {
		"name": "芬兰"
	},
	"CV": {
		"name": "佛得角"
	},
	"FK": {
		"name": "福克兰群岛"
	},
	"GM": {
		"name": "冈比亚"
	},
	"CG": {
		"name": "刚果（布）"
	},
	"CD": {
		"name": "刚果（金）"
	},
	"CO": {
		"name": "哥伦比亚"
	},
	"CR": {
		"name": "哥斯达黎加"
	},
	"GG": {
		"name": "格恩西岛"
	},
	"GD": {
		"name": "格林纳达"
	},
	"GL": {
		"name": "格陵兰"
	},
	"GE": {
		"name": "格鲁吉亚"
	},
	"CU": {
		"name": "古巴"
	},
	"GP": {
		"name": "瓜德罗普"
	},
	"GU": {
		"name": "关岛"
	},
	"GY": {
		"name": "圭亚那"
	},
	"KZ": {
		"name": "哈萨克斯坦"
	},
	"HT": {
		"name": "海地"
	},
	"KR": {
		"name": "韩国"
	},
	"NL": {
		"name": "荷兰"
	},
	"BQ": {
		"name": "荷属加勒比区"
	},
	"SX": {
		"name": "荷属圣马丁"
	},
	"ME": {
		"name": "黑山"
	},
	"HN": {
		"name": "洪都拉斯"
	},
	"KI": {
		"name": "基里巴斯"
	},
	"DJ": {
		"name": "吉布提"
	},
	"KG": {
		"name": "吉尔吉斯斯坦"
	},
	"GN": {
		"name": "几内亚"
	},
	"GW": {
		"name": "几内亚比绍"
	},
	"CA": {
		"name": "加拿大"
	},
	"GH": {
		"name": "加纳"
	},
	"IC": {
		"name": "加纳利群岛"
	},
	"GA": {
		"name": "加蓬"
	},
	"KH": {
		"name": "柬埔寨"
	},
	"CZ": {
		"name": "捷克共和国"
	},
	"ZW": {
		"name": "津巴布韦"
	},
	"CM": {
		"name": "喀麦隆"
	},
	"QA": {
		"name": "卡塔尔"
	},
	"KY": {
		"name": "开曼群岛"
	},
	"CC": {
		"name": "科科斯（基林）群岛"
	},
	"KM": {
		"name": "科摩罗"
	},
	"XK": {
		"name": "科索沃"
	},
	"CI": {
		"name": "科特迪瓦"
	},
	"KW": {
		"name": "科威特"
	},
	"HR": {
		"name": "克罗地亚"
	},
	"KE": {
		"name": "肯尼亚"
	},
	"CK": {
		"name": "库克群岛"
	},
	"CW": {
		"name": "库拉索"
	},
	"LV": {
		"name": "拉脱维亚"
	},
	"LS": {
		"name": "莱索托"
	},
	"LA": {
		"name": "老挝"
	},
	"LB": {
		"name": "黎巴嫩"
	},
	"LT": {
		"name": "立陶宛"
	},
	"LR": {
		"name": "利比里亚"
	},
	"LY": {
		"name": "利比亚"
	},
	"LI": {
		"name": "列支敦士登"
	},
	"RE": {
		"name": "留尼汪"
	},
	"LU": {
		"name": "卢森堡"
	},
	"RW": {
		"name": "卢旺达"
	},
	"RO": {
		"name": "罗马尼亚"
	},
	"MG": {
		"name": "马达加斯加"
	},
	"IM": {
		"name": "马恩岛"
	},
	"MV": {
		"name": "马尔代夫"
	},
	"MT": {
		"name": "马耳他"
	},
	"MW": {
		"name": "马拉维"
	},
	"MY": {
		"name": "马来西亚"
	},
	"ML": {
		"name": "马里"
	},
	"MK": {
		"name": "马其顿"
	},
	"MH": {
		"name": "马绍尔群岛"
	},
	"MQ": {
		"name": "马提尼克"
	},
	"YT": {
		"name": "马约特"
	},
	"MU": {
		"name": "毛里求斯"
	},
	"MR": {
		"name": "毛里塔尼亚"
	},
	"US": {
		"name": "美国"
	},
	"UM": {
		"name": "美国本土外小岛屿"
	},
	"AS": {
		"name": "美属萨摩亚"
	},
	"VI": {
		"name": "美属维尔京群岛"
	},
	"MN": {
		"name": "蒙古"
	},
	"MS": {
		"name": "蒙特塞拉特"
	},
	"BD": {
		"name": "孟加拉国"
	},
	"PE": {
		"name": "秘鲁"
	},
	"FM": {
		"name": "密克罗尼西亚"
	},
	"MM": {
		"name": "缅甸"
	},
	"MD": {
		"name": "摩尔多瓦"
	},
	"MA": {
		"name": "摩洛哥"
	},
	"MC": {
		"name": "摩纳哥"
	},
	"MZ": {
		"name": "莫桑比克"
	},
	"MX": {
		"name": "墨西哥"
	},
	"NA": {
		"name": "纳米比亚"
	},
	"ZA": {
		"name": "南非"
	},
	"AQ": {
		"name": "南极洲"
	},
	"GS": {
		"name": "南乔治亚和南桑威奇群岛"
	},
	"SS": {
		"name": "南苏丹"
	},
	"NR": {
		"name": "瑙鲁"
	},
	"NI": {
		"name": "尼加拉瓜"
	},
	"NP": {
		"name": "尼泊尔"
	},
	"NE": {
		"name": "尼日尔"
	},
	"NG": {
		"name": "尼日利亚"
	},
	"NU": {
		"name": "纽埃"
	},
	"NO": {
		"name": "挪威"
	},
	"NF": {
		"name": "诺福克岛"
	},
	"PW": {
		"name": "帕劳"
	},
	"PN": {
		"name": "皮特凯恩群岛"
	},
	"PT": {
		"name": "葡萄牙"
	},
	"JP": {
		"name": "日本"
	},
	"SE": {
		"name": "瑞典"
	},
	"CH": {
		"name": "瑞士"
	},
	"SV": {
		"name": "萨尔瓦多"
	},
	"WS": {
		"name": "萨摩亚"
	},
	"RS": {
		"name": "塞尔维亚"
	},
	"SL": {
		"name": "塞拉利昂"
	},
	"SN": {
		"name": "塞内加尔"
	},
	"CY": {
		"name": "塞浦路斯"
	},
	"SC": {
		"name": "塞舌尔"
	},
	"SA": {
		"name": "沙特阿拉伯"
	},
	"BL": {
		"name": "圣巴泰勒米"
	},
	"CX": {
		"name": "圣诞岛"
	},
	"ST": {
		"name": "圣多美和普林西比"
	},
	"SH": {
		"name": "圣赫勒拿"
	},
	"KN": {
		"name": "圣基茨和尼维斯"
	},
	"LC": {
		"name": "圣卢西亚"
	},
	"MF": {
		"name": "圣马丁岛"
	},
	"SM": {
		"name": "圣马力诺"
	},
	"PM": {
		"name": "圣皮埃尔和密克隆群岛"
	},
	"VC": {
		"name": "圣文森特和格林纳丁斯"
	},
	"LK": {
		"name": "斯里兰卡"
	},
	"SK": {
		"name": "斯洛伐克"
	},
	"SI": {
		"name": "斯洛文尼亚"
	},
	"SJ": {
		"name": "斯瓦尔巴和扬马延"
	},
	"SZ": {
		"name": "斯威士兰"
	},
	"SD": {
		"name": "苏丹"
	},
	"SR": {
		"name": "苏里南"
	},
	"SB": {
		"name": "所罗门群岛"
	},
	"SO": {
		"name": "索马里"
	},
	"TJ": {
		"name": "塔吉克斯坦"
	},
	"TW": {
		"name": "台湾"
	},
	"TH": {
		"name": "泰国"
	},
	"TZ": {
		"name": "坦桑尼亚"
	},
	"TO": {
		"name": "汤加"
	},
	"TC": {
		"name": "特克斯和凯科斯群岛"
	},
	"TA": {
		"name": "特里斯坦-达库尼亚群岛"
	},
	"TT": {
		"name": "特立尼达和多巴哥"
	},
	"TN": {
		"name": "突尼斯"
	},
	"TV": {
		"name": "图瓦卢"
	},
	"TR": {
		"name": "土耳其"
	},
	"TM": {
		"name": "土库曼斯坦"
	},
	"TK": {
		"name": "托克劳"
	},
	"WF": {
		"name": "瓦利斯和富图纳"
	},
	"VU": {
		"name": "瓦努阿图"
	},
	"GT": {
		"name": "危地马拉"
	},
	"VE": {
		"name": "委内瑞拉"
	},
	"BN": {
		"name": "文莱"
	},
	"UG": {
		"name": "乌干达"
	},
	"UA": {
		"name": "乌克兰"
	},
	"UY": {
		"name": "乌拉圭"
	},
	"UZ": {
		"name": "乌兹别克斯坦"
	},
	"GR": {
		"name": "希腊"
	},
	"ES": {
		"name": "西班牙"
	},
	"EH": {
		"name": "西撒哈拉"
	},
	"SG": {
		"name": "新加坡"
	},
	"NC": {
		"name": "新喀里多尼亚"
	},
	"NZ": {
		"name": "新西兰"
	},
	"HU": {
		"name": "匈牙利"
	},
	"EA": {
		"name": "休达及梅利利亚"
	},
	"SY": {
		"name": "叙利亚"
	},
	"JM": {
		"name": "牙买加"
	},
	"AM": {
		"name": "亚美尼亚"
	},
	"YE": {
		"name": "也门"
	},
	"IQ": {
		"name": "伊拉克"
	},
	"IR": {
		"name": "伊朗"
	},
	"IL": {
		"name": "以色列"
	},
	"IT": {
		"name": "意大利"
	},
	"IN": {
		"name": "印度"
	},
	"ID": {
		"name": "印度尼西亚"
	},
	"GB": {
		"name": "英国"
	},
	"VG": {
		"name": "英属维尔京群岛"
	},
	"IO": {
		"name": "英属印度洋领地"
	},
	"JO": {
		"name": "约旦"
	},
	"VN": {
		"name": "越南"
	},
	"ZM": {
		"name": "赞比亚"
	},
	"JE": {
		"name": "泽西岛"
	},
	"TD": {
		"name": "乍得"
	},
	"GI": {
		"name": "直布罗陀"
	},
	"CL": {
		"name": "智利"
	},
	"CF": {
		"name": "中非共和国"
	},
	"CN": {
		"name": "中国"
	},
	"MO": {
		"name": "中国澳门特别行政区"
	},
	"HK": {
		"name": "中国香港特别行政区"
	}
}