{
	"country_code": "CN",
	"parents": [
		"CN",
		"Henan Sheng",
		"Zhengzhou Shi"
	],
	"locale": "zh-Hans",
	"subdivisions": {
		"Dengfeng Shi": {
			"local_code": "登封市"
		},
		"Erqi Qu": {
			"local_code": "二七区"
		},
		"Gongyi Shi": {
			"local_code": "巩义市"
		},
		"Guancheng Huizu Qu": {
			"local_code": "管城回族区"
		},
		"Huiji Qu": {
			"local_code": "惠济区"
		},
		"Jinshui Qu": {
			"local_code": "金水区"
		},
		"Shangjie Qu": {
			"local_code": "上街区"
		},
		"Xinmi Shi": {
			"local_code": "新密市"
		},
		"Xinzheng Shi": {
			"local_code": "新郑市"
		},
		"Xingyang Shi": {
			"local_code": "荥阳市"
		},
		"Zhongmu Xian": {
			"local_code": "中牟县"
		},
		"Zhongyuan Qu": {
			"local_code": "中原区"
		}
	}
}