{
	"country_code": "CN",
	"parents": [
		"CN",
		"Taiwan",
		"Yilan County"
	],
	"locale": "zh-Hans",
	"subdivisions": {
		"Datong Township": {
			"local_code": "大同鄉",
			"postal_code_pattern": "267"
		},
		"Dongshan Township": {
			"local_code": "冬山鄉",
			"postal_code_pattern": "269"
		},
		"Jiaoxi Township": {
			"local_code": "礁溪鄉",
			"postal_code_pattern": "262"
		},
		"Luodong Township": {
			"local_code": "羅東鎮",
			"postal_code_pattern": "265"
		},
		"Nan'ao Township": {
			"local_code": "南澳鄉",
			"postal_code_pattern": "272"
		},
		"Sanxing Township": {
			"local_code": "三星鄉",
			"postal_code_pattern": "266"
		},
		"Su'ao Township": {
			"local_code": "蘇澳鎮",
			"postal_code_pattern": "270"
		},
		"Toucheng Township": {
			"local_code": "頭城鎮",
			"postal_code_pattern": "261"
		},
		"Wujie Township": {
			"local_code": "五結鄉",
			"postal_code_pattern": "268"
		},
		"Yilan City": {
			"local_code": "宜蘭市",
			"postal_code_pattern": "260"
		},
		"Yuanshan Township": {
			"local_code": "員山鄉",
			"postal_code_pattern": "264"
		},
		"Zhuangwei Township": {
			"local_code": "壯圍鄉",
			"postal_code_pattern": "263"
		}
	}
}