{
	"country_code": "CN",
	"parents": [
		"CN",
		"Heilongjiang Sheng",
		"Shuangyashan Shi"
	],
	"locale": "zh-Hans",
	"subdivisions": {
		"Baoqing Xian": {
			"local_code": "宝清县"
		},
		"Baoshan Qu": {
			"local_code": "宝山区"
		},
		"Jixian Xian": {
			"local_code": "集贤县"
		},
		"Jianshan Qu": {
			"local_code": "尖山区"
		},
		"Lingdong Qu": {
			"local_code": "岭东区"
		},
		"Raohe Xian": {
			"local_code": "饶河县"
		},
		"Sifangtai Qu": {
			"local_code": "四方台区"
		},
		"Youyi Xian": {
			"local_code": "友谊县"
		}
	}
}