{
	"country_code": "CN",
	"parents": [
		"CN",
		"Guizhou Sheng",
		"Zunyi Shi"
	],
	"locale": "zh-Hans",
	"subdivisions": {
		"Chishui Shi": {
			"local_code": "赤水市"
		},
		"Daozhen Xian": {
			"local_code": "道真仡佬族苗族自治县",
			"local_name": "道真县"
		},
		"Fenggang Xian": {
			"local_code": "凤冈县"
		},
		"Honghuagang Qu": {
			"local_code": "红花岗区"
		},
		"Huichuan Qu": {
			"local_code": "汇川区"
		},
		"Meitan Xian": {
			"local_code": "湄潭县"
		},
		"Renhuai Shi": {
			"local_code": "仁怀市"
		},
		"Suiyang Xian": {
			"local_code": "绥阳县"
		},
		"Tongzi Xian": {
			"local_code": "桐梓县"
		},
		"Wuchuan Xian": {
			"local_code": "务川仡佬族苗族自治县",
			"local_name": "务川县"
		},
		"Xishui Xian": {
			"local_code": "习水县"
		},
		"Yuqing Xian": {
			"local_code": "余庆县"
		},
		"Zheng'an Xian": {
			"local_code": "正安县"
		},
		"Zunyi Xian": {
			"local_code": "遵义县"
		}
	}
}