{
	"country_code": "CN",
	"parents": [
		"CN",
		"Shaanxi Sheng"
	],
	"locale": "zh-Hans",
	"subdivisions": {
		"Ankang Shi": {
			"local_code": "安康市",
			"has_children": true
		},
		"Baoji Shi": {
			"local_code": "宝鸡市",
			"has_children": true
		},
		"Hanzhong Shi": {
			"local_code": "汉中市",
			"has_children": true
		},
		"Shangluo Shi": {
			"local_code": "商洛市",
			"has_children": true
		},
		"Tongchuan Shi": {
			"local_code": "铜川市",
			"has_children": true
		},
		"Weinan Shi": {
			"local_code": "渭南市",
			"has_children": true
		},
		"Xi'an Shi": {
			"local_code": "西安市",
			"has_children": true
		},
		"Xianyang Shi": {
			"local_code": "咸阳市",
			"has_children": true
		},
		"Yan'an Shi": {
			"local_code": "延安市",
			"has_children": true
		},
		"Yulin Shi": {
			"local_code": "榆林市",
			"has_children": true
		}
	}
}