{
	"country_code": "CN",
	"parents": [
		"CN",
		"Anhui Sheng"
	],
	"locale": "zh-Hans",
	"subdivisions": {
		"Anqing Shi": {
			"local_code": "安庆市",
			"has_children": true
		},
		"Bengbu Shi": {
			"local_code": "蚌埠市",
			"has_children": true
		},
		"Bozhou Shi": {
			"local_code": "亳州市",
			"has_children": true
		},
		"Chaohu Shi": {
			"local_code": "巢湖市",
			"has_children": true
		},
		"Chizhou Shi": {
			"local_code": "池州市",
			"has_children": true
		},
		"Chuzhou Shi": {
			"local_code": "滁州市",
			"has_children": true
		},
		"Fuyang Shi": {
			"local_code": "阜阳市",
			"has_children": true
		},
		"Hefei Shi": {
			"local_code": "合肥市",
			"has_children": true
		},
		"Huaibei Shi": {
			"local_code": "淮北市",
			"has_children": true
		},
		"Huainan Shi": {
			"local_code": "淮南市",
			"has_children": true
		},
		"Huangshan Shi": {
			"local_code": "黄山市",
			"has_children": true
		},
		"Lu'an Shi": {
			"local_code": "六安市",
			"has_children": true
		},
		"Ma'anshan Shi": {
			"local_code": "马鞍山市",
			"has_children": true
		},
		"Suzhou Shi": {
			"local_code": "宿州市",
			"has_children": true
		},
		"Tongling shi": {
			"local_code": "铜陵市",
			"has_children": true
		},
		"Wuhu Shi": {
			"local_code": "芜湖市",
			"has_children": true
		},
		"Xuancheng Shi": {
			"local_code": "宣城市",
			"has_children": true
		}
	}
}