{
	"country_code": "CN",
	"parents": [
		"CN",
		"Hebei Sheng"
	],
	"locale": "zh-Hans",
	"subdivisions": {
		"Baoding Shi": {
			"local_code": "保定市",
			"has_children": true
		},
		"Cangzhou Shi": {
			"local_code": "沧州市",
			"has_children": true
		},
		"Chengde Shi": {
			"local_code": "承德市",
			"has_children": true
		},
		"Handan Shi": {
			"local_code": "邯郸市",
			"has_children": true
		},
		"Hengshui Shi": {
			"local_code": "衡水市",
			"has_children": true
		},
		"Langfang Shi": {
			"local_code": "廊坊市",
			"has_children": true
		},
		"Qinhuangdao Shi": {
			"local_code": "秦皇岛市",
			"has_children": true
		},
		"Shijiazhuang Shi": {
			"local_code": "石家庄市",
			"has_children": true
		},
		"Tangshan Shi": {
			"local_code": "唐山市",
			"has_children": true
		},
		"Xingtai Shi": {
			"local_code": "邢台市",
			"has_children": true
		},
		"Zhangjiakou Shi": {
			"local_code": "张家口市",
			"has_children": true
		}
	}
}