{
	"country_code": "CN",
	"parents": [
		"CN",
		"Ningxia Huizuzizhiqu"
	],
	"locale": "zh-Hans",
	"subdivisions": {
		"Guyuan Shi": {
			"local_code": "固原市",
			"has_children": true
		},
		"Shizuishan Shi": {
			"local_code": "石嘴山市",
			"has_children": true
		},
		"Wuzhong Shi": {
			"local_code": "吴忠市",
			"has_children": true
		},
		"Yinchuan Shi": {
			"local_code": "银川市",
			"has_children": true
		},
		"Zhongwei Shi": {
			"local_code": "中卫市",
			"has_children": true
		}
	}
}