{
	"country_code": "CN",
	"parents": [
		"CN",
		"Gansu Sheng"
	],
	"locale": "zh-Hans",
	"subdivisions": {
		"Baiyin Shi": {
			"local_code": "白银市",
			"has_children": true
		},
		"Dingxi Shi": {
			"local_code": "定西市",
			"has_children": true
		},
		"Gannan Zhou": {
			"local_code": "甘南藏族自治州",
			"local_name": "甘南州",
			"has_children": true
		},
		"Jiayuguan Shi": {
			"local_code": "嘉峪关市"
		},
		"Jinchang Shi": {
			"local_code": "金昌市",
			"has_children": true
		},
		"Jiuquan Shi": {
			"local_code": "酒泉市",
			"has_children": true
		},
		"Lanzhou Shi": {
			"local_code": "兰州市",
			"has_children": true
		},
		"Linxia Zhou": {
			"local_code": "临夏回族自治州",
			"local_name": "临夏州",
			"has_children": true
		},
		"Longnan Shi": {
			"local_code": "陇南市",
			"has_children": true
		},
		"Pingliang Shi": {
			"local_code": "平凉市",
			"has_children": true
		},
		"Qingyang Shi": {
			"local_code": "庆阳市",
			"has_children": true
		},
		"Tianshui Shi": {
			"local_code": "天水市",
			"has_children": true
		},
		"Wuwei Shi": {
			"local_code": "武威市",
			"has_children": true
		},
		"Zhangye Shi": {
			"local_code": "张掖市",
			"has_children": true
		}
	}
}