{
	"country_code": "CN",
	"parents": [
		"CN",
		"Heilongjiang Sheng"
	],
	"locale": "zh-Hans",
	"subdivisions": {
		"Daqing Shi": {
			"local_code": "大庆市",
			"has_children": true
		},
		"Da Hinggan Ling Diqu": {
			"local_code": "大兴安岭地区",
			"has_children": true
		},
		"Harbin Shi": {
			"local_code": "哈尔滨市",
			"has_children": true
		},
		"Hegang Shi": {
			"local_code": "鹤岗市",
			"has_children": true
		},
		"Heihe Shi": {
			"local_code": "黑河市",
			"has_children": true
		},
		"Jixi Shi": {
			"local_code": "鸡西市",
			"has_children": true
		},
		"Jiamusi Shi": {
			"local_code": "佳木斯市",
			"has_children": true
		},
		"Mudanjiang Shi": {
			"local_code": "牡丹江市",
			"has_children": true
		},
		"Qitaihe Shi": {
			"local_code": "七台河市",
			"has_children": true
		},
		"Qiqihar Shi": {
			"local_code": "齐齐哈尔市",
			"has_children": true
		},
		"Shuangyashan Shi": {
			"local_code": "双鸭山市",
			"has_children": true
		},
		"Suihua Shi": {
			"local_code": "绥化市",
			"has_children": true
		},
		"Yichun Shi": {
			"local_code": "伊春市",
			"has_children": true
		}
	}
}