{
	"country_code": "CN",
	"parents": [
		"CN",
		"Beijing Shi"
	],
	"locale": "zh-Hans",
	"subdivisions": {
		"Changping Qu": {
			"local_code": "昌平区"
		},
		"Chaoyang Qu": {
			"local_code": "朝阳区"
		},
		"Daxing Qu": {
			"local_code": "大兴区"
		},
		"Dongcheng Qu": {
			"local_code": "东城区"
		},
		"Fangshan Qu": {
			"local_code": "房山区"
		},
		"Fengtai Qu": {
			"local_code": "丰台区"
		},
		"Haidian Qu": {
			"local_code": "海淀区"
		},
		"Huairou Qu": {
			"local_code": "怀柔区"
		},
		"Mentougou Qu": {
			"local_code": "门头沟区"
		},
		"Miyun Xian": {
			"local_code": "密云县"
		},
		"Pinggu Qu": {
			"local_code": "平谷区"
		},
		"Shijingshan Qu": {
			"local_code": "石景山区"
		},
		"Shunyi Qu": {
			"local_code": "顺义区"
		},
		"Tongzhou Qu": {
			"local_code": "通州区"
		},
		"Xicheng Qu": {
			"local_code": "西城区"
		},
		"Yanqing Xian": {
			"local_code": "延庆县"
		}
	}
}