{
	"country_code": "CN",
	"parents": [
		"CN",
		"Guangdong Sheng"
	],
	"locale": "zh-Hans",
	"subdivisions": {
		"Chaozhou Shi": {
			"local_code": "潮州市",
			"has_children": true
		},
		"Dongguan Shi": {
			"local_code": "东莞市"
		},
		"Foshan Shi": {
			"local_code": "佛山市",
			"has_children": true
		},
		"Guangzhou Shi": {
			"local_code": "广州市",
			"has_children": true
		},
		"Heyuan Shi": {
			"local_code": "河源市",
			"has_children": true
		},
		"Huizhou Shi": {
			"local_code": "惠州市",
			"has_children": true
		},
		"Jiangmen Shi": {
			"local_code": "江门市",
			"has_children": true
		},
		"Jieyang Shi": {
			"local_code": "揭阳市",
			"has_children": true
		},
		"Maoming Shi": {
			"local_code": "茂名市",
			"has_children": true
		},
		"Meizhou Shi": {
			"local_code": "梅州市",
			"has_children": true
		},
		"Qingyuan Shi": {
			"local_code": "清远市",
			"has_children": true
		},
		"Shantou Shi": {
			"local_code": "汕头市",
			"has_children": true
		},
		"Shanwei Shi": {
			"local_code": "汕尾市",
			"has_children": true
		},
		"Shaoguan Shi": {
			"local_code": "韶关市",
			"has_children": true
		},
		"Shenzhen Shi": {
			"local_code": "深圳市",
			"has_children": true
		},
		"Yangjiang Shi": {
			"local_code": "阳江市",
			"has_children": true
		},
		"Yunfu Shi": {
			"local_code": "云浮市",
			"has_children": true
		},
		"Zhanjiang Shi": {
			"local_code": "湛江市",
			"has_children": true
		},
		"Zhaoqing Shi": {
			"local_code": "肇庆市",
			"has_children": true
		},
		"Zhongshan Shi": {
			"local_code": "中山市"
		},
		"Zhuhai Shi": {
			"local_code": "珠海市",
			"has_children": true
		}
	}
}