{
	"country_code": "CN",
	"parents": [
		"CN",
		"Guangxi Zhuangzuzizhiqu"
	],
	"locale": "zh-Hans",
	"subdivisions": {
		"Baise Shi": {
			"local_code": "百色市",
			"has_children": true
		},
		"Beihai Shi": {
			"local_code": "北海市",
			"has_children": true
		},
		"Chongzuo Shi": {
			"local_code": "崇左市",
			"has_children": true
		},
		"Fangchenggang Shi": {
			"local_code": "防城港市",
			"has_children": true
		},
		"Guigang Shi": {
			"local_code": "贵港市",
			"has_children": true
		},
		"Guilin Shi": {
			"local_code": "桂林市",
			"has_children": true
		},
		"Hechi Shi": {
			"local_code": "河池市",
			"has_children": true
		},
		"Hezhou Shi": {
			"local_code": "贺州市",
			"has_children": true
		},
		"Laibin Shi": {
			"local_code": "来宾市",
			"has_children": true
		},
		"Liuzhou Shi": {
			"local_code": "柳州市",
			"has_children": true
		},
		"Nanning Shi": {
			"local_code": "南宁市",
			"has_children": true
		},
		"Qinzhou Shi": {
			"local_code": "钦州市",
			"has_children": true
		},
		"Wuzhou Shi": {
			"local_code": "梧州市",
			"has_children": true
		},
		"Yulin Shi": {
			"local_code": "玉林市",
			"has_children": true
		}
	}
}