{
	"country_code": "CN",
	"parents": [
		"CN",
		"Tianjin Shi"
	],
	"locale": "zh-Hans",
	"subdivisions": {
		"Baodi Qu": {
			"local_code": "宝坻区"
		},
		"Beichen Qu": {
			"local_code": "北辰区"
		},
		"Binhai Xinqu": {
			"local_code": "滨海新区"
		},
		"Dongli Qu": {
			"local_code": "东丽区"
		},
		"Heping Qu": {
			"local_code": "和平区"
		},
		"Hebei Qu": {
			"local_code": "河北区"
		},
		"Hedong Qu": {
			"local_code": "河东区"
		},
		"Hexi Qu": {
			"local_code": "河西区"
		},
		"Hongqiao Qu": {
			"local_code": "红桥区"
		},
		"Ji Xian": {
			"local_code": "蓟县"
		},
		"Jinnan Qu": {
			"local_code": "津南区"
		},
		"Jinghai Xian": {
			"local_code": "静海县"
		},
		"Nankai Qu": {
			"local_code": "南开区"
		},
		"Ninghe Xian": {
			"local_code": "宁河县"
		},
		"Wuqing Qu": {
			"local_code": "武清区"
		},
		"Xiqing Qu": {
			"local_code": "西青区"
		}
	}
}