{
	"country_code": "KR",
	"parents": [
		"KR",
		"Chungcheongnam-do"
	],
	"locale": "ko",
	"subdivisions": {
		"Gyeryong-si": {
			"local_code": "계룡시",
			"postal_code_pattern": "328"
		},
		"Gongju-si": {
			"local_code": "공주시",
			"postal_code_pattern": "32[56]"
		},
		"Geumsan-gun": {
			"local_code": "금산군",
			"postal_code_pattern": "327"
		},
		"Nonsan-si": {
			"local_code": "논산시",
			"postal_code_pattern": "3(?:29|30)"
		},
		"Dangjin-si": {
			"local_code": "당진시",
			"postal_code_pattern": "31[78]"
		},
		"Boryeong-si": {
			"local_code": "보령시",
			"postal_code_pattern": "33[45]"
		},
		"Buyeo-gun": {
			"local_code": "부여군",
			"postal_code_pattern": "33[12]"
		},
		"Seosan-si": {
			"local_code": "서산시",
			"postal_code_pattern": "3(?:19|20)"
		},
		"Seocheon-gun": {
			"local_code": "서천군",
			"postal_code_pattern": "336"
		},
		"Asan-si": {
			"local_code": "아산시",
			"postal_code_pattern": "31[45]"
		},
		"Yesan-gun": {
			"local_code": "예산군",
			"postal_code_pattern": "324"
		},
		"Cheonan-si": {
			"local_code": "천안시",
			"postal_code_pattern": "31[0-2]",
			"has_children": true
		},
		"Cheongyang-gun": {
			"local_code": "청양군",
			"postal_code_pattern": "333"
		},
		"Taean-gun": {
			"local_code": "태안군",
			"postal_code_pattern": "321"
		},
		"Hongseong-gun": {
			"local_code": "홍성군",
			"postal_code_pattern": "322"
		}
	}
}