{
	"country_code": "SV",
	"subdivisions": {
		"Ahuachapan": {
			"name": "Ahuachapán",
			"iso_code": "SV-AH",
			"postal_code_pattern": "CP 21"
		},
		"Cabanas": {
			"name": "Cabañas",
			"iso_code": "SV-CA",
			"postal_code_pattern": "CP 12"
		},
		"Calatenango": {
			"name": "Chalatenango",
			"iso_code": "SV-CH",
			"postal_code_pattern": "CP 13"
		},
		"Cuscatlan": {
			"name": "Cuscatlán",
			"iso_code": "SV-CU",
			"postal_code_pattern": "CP 14"
		},
		"La Libertad": {
			"iso_code": "SV-LI",
			"postal_code_pattern": "CP 15"
		},
		"La Paz": {
			"iso_code": "SV-PA",
			"postal_code_pattern": "CP 16"
		},
		"La Union": {
			"name": "La Unión",
			"iso_code": "SV-UN",
			"postal_code_pattern": "CP 31"
		},
		"Morazan": {
			"name": "Morazán",
			"iso_code": "SV-MO",
			"postal_code_pattern": "CP 32"
		},
		"San Miguel": {
			"iso_code": "SV-SM",
			"postal_code_pattern": "CP 33"
		},
		"San Salvador": {
			"iso_code": "SV-SS",
			"postal_code_pattern": "CP 11"
		},
		"San Vicente": {
			"iso_code": "SV-SV",
			"postal_code_pattern": "CP 17"
		},
		"Santa Ana": {
			"iso_code": "SV-SA",
			"postal_code_pattern": "CP 22"
		},
		"Sonsonate": {
			"iso_code": "SV-SO",
			"postal_code_pattern": "CP 23"
		},
		"Usulutan": {
			"name": "Usulután",
			"iso_code": "SV-US",
			"postal_code_pattern": "CP 34"
		}
	}
}