{
	"country_code": "AU",
	"subdivisions": {
		"ACT": {
			"name": "Australian Capital Territory",
			"postal_code_pattern": "29|2540|260|261[0-8]|02|2620"
		},
		"NSW": {
			"name": "New South Wales",
			"postal_code_pattern": "1|2[0-57-8]|26[2-9]|261[189]|3500|358[56]|3644|3707"
		},
		"NT": {
			"name": "Northern Territory",
			"postal_code_pattern": "0[89]"
		},
		"QLD": {
			"name": "Queensland",
			"postal_code_pattern": "[49]"
		},
		"SA": {
			"name": "South Australia",
			"postal_code_pattern": "5|0872"
		},
		"TAS": {
			"name": "Tasmania",
			"postal_code_pattern": "7"
		},
		"VIC": {
			"name": "Victoria",
			"postal_code_pattern": "[38]"
		},
		"WA": {
			"name": "Western Australia",
			"postal_code_pattern": "6|0872"
		}
	}
}