{
	"country_code": "CN",
	"parents": [
		"CN",
		"Shanxi Sheng",
		"Lüliang Shi"
	],
	"locale": "zh-Hans",
	"subdivisions": {
		"Wanshan Xian": {
			"local_code": "方山县"
		},
		"Fenyang Shi": {
			"local_code": "汾阳市"
		},
		"Jiaocheng Xian": {
			"local_code": "交城县"
		},
		"Jiaokou Xian": {
			"local_code": "交口县"
		},
		"Lan Xian": {
			"local_code": "岚县"
		},
		"Lishi Qu": {
			"local_code": "离石区"
		},
		"Lin Xian": {
			"local_code": "临县"
		},
		"Liulin Xian": {
			"local_code": "柳林县"
		},
		"Shilou Xian": {
			"local_code": "石楼县"
		},
		"Wenshui Xian": {
			"local_code": "文水县"
		},
		"Xiaoyi Shi": {
			"local_code": "孝义市"
		},
		"Xing Xian": {
			"local_code": "兴县"
		},
		"Zhongyang Xian": {
			"local_code": "中阳县"
		}
	}
}