{
	"country_code": "CN",
	"parents": [
		"CN",
		"Jiangsu Sheng",
		"Lianyungang Shi"
	],
	"locale": "zh-Hans",
	"subdivisions": {
		"Donghai Xian": {
			"local_code": "东海县"
		},
		"Ganyu Xian": {
			"local_code": "赣榆县"
		},
		"Guannan Xian": {
			"local_code": "灌南县"
		},
		"Guanyun Xian": {
			"local_code": "灌云县"
		},
		"Haizhou Qu": {
			"local_code": "海州区"
		},
		"Lianyun Qu": {
			"local_code": "连云区"
		},
		"Xinpu Qu": {
			"local_code": "新浦区"
		}
	}
}