{
	"country_code": "CN",
	"parents": [
		"CN",
		"Shandong Sheng",
		"Liaocheng Shi"
	],
	"locale": "zh-Hans",
	"subdivisions": {
		"Chiping Xian": {
			"local_code": "茌平县"
		},
		"Dong'e Xian": {
			"local_code": "东阿县"
		},
		"Dongchangfu Qu": {
			"local_code": "东昌府区"
		},
		"Gaotang Xian": {
			"local_code": "高唐县"
		},
		"Guan Xian": {
			"local_code": "冠县"
		},
		"Linqing Shi": {
			"local_code": "临清市"
		},
		"Shen Xian": {
			"local_code": "莘县"
		},
		"Yanggu Xian": {
			"local_code": "阳谷县"
		}
	}
}