{
	"country_code": "CN",
	"parents": [
		"CN",
		"Hubei Sheng",
		"Enshi Zhou"
	],
	"locale": "zh-Hans",
	"subdivisions": {
		"Badong Xian": {
			"local_code": "巴东县"
		},
		"Enshi Shi": {
			"local_code": "恩施市"
		},
		"Hefeng Xian": {
			"local_code": "鹤峰县"
		},
		"Jianshi Xian": {
			"local_code": "建始县"
		},
		"Laifeng Xian": {
			"local_code": "来凤县"
		},
		"Lichuan Shi": {
			"local_code": "利川市"
		},
		"Xianfeng Xian": {
			"local_code": "咸丰县"
		},
		"Xuan'en Xian": {
			"local_code": "宣恩县"
		}
	}
}