{
	"country_code": "CN",
	"parents": [
		"CN",
		"Heilongjiang Sheng",
		"Yichun Shi"
	],
	"locale": "zh-Hans",
	"subdivisions": {
		"Cuiluan Qu": {
			"local_code": "翠峦区"
		},
		"Dailing Qu": {
			"local_code": "带岭区"
		},
		"Hongxing Qu": {
			"local_code": "红星区"
		},
		"Jiayin Xian": {
			"local_code": "嘉荫县"
		},
		"Jinshantun Qu": {
			"local_code": "金山屯区"
		},
		"Meixi Qu": {
			"local_code": "美溪区"
		},
		"Nancha Qu": {
			"local_code": "南岔区"
		},
		"Shangganling Qu": {
			"local_code": "上甘岭区"
		},
		"Tangwanghe Qu": {
			"local_code": "汤旺河区"
		},
		"Tieli Shi": {
			"local_code": "铁力市"
		},
		"Wumahe Qu": {
			"local_code": "乌马河区"
		},
		"Wuyiling Qu": {
			"local_code": "乌伊岭区"
		},
		"Wuying Qu": {
			"local_code": "五营区"
		},
		"Xilin Qu": {
			"local_code": "西林区"
		},
		"Xinqing Qu": {
			"local_code": "新青区"
		},
		"Yichun Qu": {
			"local_code": "伊春区"
		},
		"Youhao Qu": {
			"local_code": "友好区"
		}
	}
}