{
	"country_code": "CN",
	"parents": [
		"CN",
		"Shandong Sheng",
		"Jinan Shi"
	],
	"locale": "zh-Hans",
	"subdivisions": {
		"Huaiyin Qu": {
			"local_code": "槐荫区"
		},
		"Jiyang Xian": {
			"local_code": "济阳县"
		},
		"Licheng Qu": {
			"local_code": "历城区"
		},
		"Lixia Qu": {
			"local_code": "历下区"
		},
		"Pingyin Xian": {
			"local_code": "平阴县"
		},
		"Shanghe Xian": {
			"local_code": "商河县"
		},
		"Shizhong Qu": {
			"local_code": "市中区"
		},
		"Tianqiao Qu": {
			"local_code": "天桥区"
		},
		"Zhangqiu Shi": {
			"local_code": "章丘市"
		},
		"Changqing Qu": {
			"local_code": "长清区"
		}
	}
}