{
	"country_code": "CN",
	"parents": [
		"CN",
		"Hubei Sheng"
	],
	"locale": "zh-Hans",
	"subdivisions": {
		"Ezhou Shi": {
			"local_code": "鄂州市",
			"has_children": true
		},
		"Enshi Zhou": {
			"local_code": "恩施土家族苗族自治州",
			"local_name": "恩施州",
			"has_children": true
		},
		"Huanggang Shi": {
			"local_code": "黄冈市",
			"has_children": true
		},
		"Huangshi Shi": {
			"local_code": "黄石市",
			"has_children": true
		},
		"Jingmen Shi": {
			"local_code": "荆门市",
			"has_children": true
		},
		"Jingzhou Shi": {
			"local_code": "荆州市",
			"has_children": true
		},
		"Qianjiang Shi": {
			"local_code": "潜江市"
		},
		"Shennongjia Linqu": {
			"local_code": "神农架林区"
		},
		"Shiyan Shi": {
			"local_code": "十堰市",
			"has_children": true
		},
		"Suizhou Shi": {
			"local_code": "随州市",
			"has_children": true
		},
		"Tianmen Shi": {
			"local_code": "天门市"
		},
		"Wuhan Shi": {
			"local_code": "武汉市",
			"has_children": true
		},
		"Xiantao Shi": {
			"local_code": "仙桃市"
		},
		"Xianning Shi": {
			"local_code": "咸宁市",
			"has_children": true
		},
		"Xiangyang Shi": {
			"local_code": "襄阳市",
			"has_children": true
		},
		"Xiaogan Shi": {
			"local_code": "孝感市",
			"has_children": true
		},
		"Yichang Shi": {
			"local_code": "宜昌市",
			"has_children": true
		}
	}
}