{
	"country_code": "CN",
	"parents": [
		"CN",
		"Shanxi Sheng"
	],
	"locale": "zh-Hans",
	"subdivisions": {
		"Datong Shi": {
			"local_code": "大同市",
			"has_children": true
		},
		"Jincheng Shi": {
			"local_code": "晋城市",
			"has_children": true
		},
		"Jinzhong Shi": {
			"local_code": "晋中市",
			"has_children": true
		},
		"Linfen Shi": {
			"local_code": "临汾市",
			"has_children": true
		},
		"Lüliang Shi": {
			"local_code": "吕梁市",
			"has_children": true
		},
		"Shuozhou Shi": {
			"local_code": "朔州市",
			"has_children": true
		},
		"Taiyuan Shi": {
			"local_code": "太原市",
			"has_children": true
		},
		"Xinzhou Shi": {
			"local_code": "忻州市",
			"has_children": true
		},
		"Yangquan Shi": {
			"local_code": "阳泉市",
			"has_children": true
		},
		"Yuncheng Shi": {
			"local_code": "运城市",
			"has_children": true
		},
		"Changzhi Shi": {
			"local_code": "长治市",
			"has_children": true
		}
	}
}