{
	"country_code": "CN",
	"parents": [
		"CN",
		"Liaoning Sheng"
	],
	"locale": "zh-Hans",
	"subdivisions": {
		"Anshan Shi": {
			"local_code": "鞍山市",
			"has_children": true
		},
		"Benxi Shi": {
			"local_code": "本溪市",
			"has_children": true
		},
		"Chaoyang Shi": {
			"local_code": "朝阳市",
			"has_children": true
		},
		"Dalian Shi": {
			"local_code": "大连市",
			"has_children": true
		},
		"Dandong Shi": {
			"local_code": "丹东市",
			"has_children": true
		},
		"Fushun Shi": {
			"local_code": "抚顺市",
			"has_children": true
		},
		"Fuxin Shi": {
			"local_code": "阜新市",
			"has_children": true
		},
		"Huludao Shi": {
			"local_code": "葫芦岛市",
			"has_children": true
		},
		"Jinzhou Shi": {
			"local_code": "锦州市",
			"has_children": true
		},
		"Liaoyang Shi": {
			"local_code": "辽阳市",
			"has_children": true
		},
		"Panjin Shi": {
			"local_code": "盘锦市",
			"has_children": true
		},
		"Shenyang Shi": {
			"local_code": "沈阳市",
			"has_children": true
		},
		"Tieling Shi": {
			"local_code": "铁岭市",
			"has_children": true
		},
		"Yingkou Shi": {
			"local_code": "营口市",
			"has_children": true
		}
	}
}