{
	"country_code": "CN",
	"parents": [
		"CN",
		"Shandong Sheng"
	],
	"locale": "zh-Hans",
	"subdivisions": {
		"Binzhou shi": {
			"local_code": "滨州市",
			"has_children": true
		},
		"Dezhou Shi": {
			"local_code": "德州市",
			"has_children": true
		},
		"Dongying Shi": {
			"local_code": "东营市",
			"has_children": true
		},
		"Heze Shi": {
			"local_code": "菏泽市",
			"has_children": true
		},
		"Jinan Shi": {
			"local_code": "济南市",
			"has_children": true
		},
		"Jining Shi": {
			"local_code": "济宁市",
			"has_children": true
		},
		"Laiwu Shi": {
			"local_code": "莱芜市",
			"has_children": true
		},
		"Liaocheng Shi": {
			"local_code": "聊城市",
			"has_children": true
		},
		"Linyi Shi": {
			"local_code": "临沂市",
			"has_children": true
		},
		"Qingdao Shi": {
			"local_code": "青岛市",
			"has_children": true
		},
		"Rizhao Shi": {
			"local_code": "日照市",
			"has_children": true
		},
		"Tai'an Shi": {
			"local_code": "泰安市",
			"has_children": true
		},
		"Weihai Shi": {
			"local_code": "威海市",
			"has_children": true
		},
		"Weifang shi": {
			"local_code": "潍坊市",
			"has_children": true
		},
		"Yantai Shi": {
			"local_code": "烟台市",
			"has_children": true
		},
		"Zaozhuang Shi": {
			"local_code": "枣庄市",
			"has_children": true
		},
		"Zibo Shi": {
			"local_code": "淄博市",
			"has_children": true
		}
	}
}