{
	"country_code": "CN",
	"parents": [
		"CN",
		"Chongqing Shi"
	],
	"locale": "zh-Hans",
	"subdivisions": {
		"Banan Qu": {
			"local_code": "巴南区"
		},
		"Beibei Qu": {
			"local_code": "北碚区"
		},
		"Bishan Xian": {
			"local_code": "璧山县"
		},
		"Chengkou Xian": {
			"local_code": "城口县"
		},
		"Dadukou Qu": {
			"local_code": "大渡口区"
		},
		"Dazu Qu": {
			"local_code": "大足区"
		},
		"Dianjiang Xian": {
			"local_code": "垫江县"
		},
		"Fengdu Xian": {
			"local_code": "丰都县"
		},
		"Fengjie Xian": {
			"local_code": "奉节县"
		},
		"Fuling Qu": {
			"local_code": "涪陵区"
		},
		"Hechuan Qu": {
			"local_code": "合川区"
		},
		"Jiangbei Qu": {
			"local_code": "江北区"
		},
		"Jiangjin Qu": {
			"local_code": "江津区"
		},
		"Jiulongpo Qu": {
			"local_code": "九龙坡区"
		},
		"Kai Xian": {
			"local_code": "开县"
		},
		"Liangping Xian": {
			"local_code": "梁平县"
		},
		"Nan'an Qu": {
			"local_code": "南岸区"
		},
		"Nanchuan Qu": {
			"local_code": "南川区"
		},
		"Pengshui Xian": {
			"local_code": "彭水苗族土家族自治县",
			"local_name": "彭水县"
		},
		"Qijiang Qu": {
			"local_code": "綦江区"
		},
		"Qianjiang Qu": {
			"local_code": "黔江区"
		},
		"Rongchang Xian": {
			"local_code": "荣昌县"
		},
		"Shapingba Qu": {
			"local_code": "沙坪坝区"
		},
		"Shizhu Xian": {
			"local_code": "石柱土家族自治县",
			"local_name": "石柱县"
		},
		"Tongliang Xian": {
			"local_code": "铜梁县"
		},
		"Tongnan Xian": {
			"local_code": "潼南县"
		},
		"Wanzhou Qu": {
			"local_code": "万州区"
		},
		"Wushan Xian": {
			"local_code": "巫山县"
		},
		"Wuxi Xian": {
			"local_code": "巫溪县"
		},
		"Wulong Xian": {
			"local_code": "武隆县"
		},
		"Xiushan Xian": {
			"local_code": "秀山土家族苗族自治县",
			"local_name": "秀山县"
		},
		"Yongchuan Qu": {
			"local_code": "永川区"
		},
		"Youyang Xian": {
			"local_code": "酉阳土家族苗族自治县",
			"local_name": "酉阳县"
		},
		"Yubei Qu": {
			"local_code": "渝北区"
		},
		"Yuzhong Qu": {
			"local_code": "渝中区"
		},
		"Yunyang Xian": {
			"local_code": "云阳县"
		},
		"Changshou Qu": {
			"local_code": "长寿区"
		},
		"Zhong Xian": {
			"local_code": "忠县"
		}
	}
}