{
	"country_code": "CN",
	"parents": [
		"CN",
		"Hainan Sheng"
	],
	"locale": "zh-Hans",
	"subdivisions": {
		"Baisha Xian": {
			"local_code": "白沙黎族自治县",
			"local_name": "白沙县"
		},
		"Baoting Xian": {
			"local_code": "保亭黎族苗族自治县",
			"local_name": "保亭县"
		},
		"Changjiang Xian": {
			"local_code": "昌江黎族自治县",
			"local_name": "昌江县"
		},
		"Chengmai Xian": {
			"local_code": "澄迈县"
		},
		"Danzhou Shi": {
			"local_code": "儋州市"
		},
		"Ding'an Xian": {
			"local_code": "定安县"
		},
		"Dongfang Shi": {
			"local_code": "东方市"
		},
		"Haikou Shi": {
			"local_code": "海口市",
			"has_children": true
		},
		"Ledong Xian": {
			"local_code": "乐东黎族自治县",
			"local_name": "乐东县"
		},
		"Lingao Xian": {
			"local_code": "临高县"
		},
		"Lingshui Xian": {
			"local_code": "陵水黎族自治县",
			"local_name": "陵水县"
		},
		"Qionghai Shi": {
			"local_code": "琼海市"
		},
		"Qiongzhong Xian": {
			"local_code": "琼中黎族苗族自治县",
			"local_name": "琼中县"
		},
		"Sansha Shi": {
			"local_code": "三沙市",
			"has_children": true
		},
		"Sanya Shi": {
			"local_code": "三亚市"
		},
		"Tunchang Xian": {
			"local_code": "屯昌县"
		},
		"Wanning Shi": {
			"local_code": "万宁市"
		},
		"Wenchang Shi": {
			"local_code": "文昌市"
		},
		"Wuzhishan Shi": {
			"local_code": "五指山市"
		}
	}
}