{
	"country_code": "CN",
	"parents": [
		"CN",
		"Qinghai Sheng"
	],
	"locale": "zh-Hans",
	"subdivisions": {
		"Golog Zhou": {
			"local_code": "果洛藏族自治州",
			"local_name": "果洛州",
			"has_children": true
		},
		"Haibei Zhou": {
			"local_code": "海北藏族自治州",
			"local_name": "海北州",
			"has_children": true
		},
		"Haidong Shi": {
			"local_code": "海东市",
			"has_children": true
		},
		"Hainan Zhou": {
			"local_code": "海南藏族自治州",
			"local_name": "海南州",
			"has_children": true
		},
		"Haixi Zhou": {
			"local_code": "海西蒙古族藏族自治州",
			"local_name": "海西州",
			"has_children": true
		},
		"Huangnan Zhou": {
			"local_code": "黄南藏族自治州",
			"local_name": "黄南州",
			"has_children": true
		},
		"Xining Shi": {
			"local_code": "西宁市",
			"has_children": true
		},
		"Yushu Zhou": {
			"local_code": "玉树藏族自治州",
			"local_name": "玉树州",
			"has_children": true
		}
	}
}