{
	"country_code": "IE",
	"subdivisions": {
		"Co. Carlow": {
			"iso_code": "IE-CW"
		},
		"Co. Cavan": {
			"iso_code": "IE-CN"
		},
		"Co. Clare": {
			"iso_code": "IE-CE"
		},
		"Co. Cork": {
			"iso_code": "IE-C"
		},
		"Co. Donegal": {
			"iso_code": "IE-DL"
		},
		"Co. Dublin": {
			"iso_code": "IE-D"
		},
		"Co. Galway": {
			"iso_code": "IE-G"
		},
		"Co. Kerry": {
			"iso_code": "IE-KY"
		},
		"Co. Kildare": {
			"iso_code": "IE-KE"
		},
		"Co. Kilkenny": {
			"iso_code": "IE-KK"
		},
		"Co. Laois": {
			"iso_code": "IE-LS"
		},
		"Co. Leitrim": {
			"iso_code": "IE-LM"
		},
		"Co. Limerick": {
			"iso_code": "IE-LK"
		},
		"Co. Longford": {
			"iso_code": "IE-LD"
		},
		"Co. Louth": {
			"iso_code": "IE-LH"
		},
		"Co. Mayo": {
			"iso_code": "IE-MO"
		},
		"Co. Meath": {
			"iso_code": "IE-MH"
		},
		"Co. Monaghan": {
			"iso_code": "IE-MN"
		},
		"Co. Offaly": {
			"iso_code": "IE-OY"
		},
		"Co. Roscommon": {
			"iso_code": "IE-RN"
		},
		"Co. Sligo": {
			"iso_code": "IE-SO"
		},
		"Co. Tipperary": {
			"iso_code": "IE-TA"
		},
		"Co. Waterford": {
			"iso_code": "IE-WD"
		},
		"Co. Westmeath": {
			"iso_code": "IE-WH"
		},
		"Co. Wexford": {
			"iso_code": "IE-WX"
		},
		"Co. Wicklow": {
			"iso_code": "IE-WW"
		}
	}
}