{
	"country_code": "JM",
	"subdivisions": {
		"Clarendon": {
			"iso_code": "JM-13"
		},
		"Hanover": {
			"iso_code": "JM-09"
		},
		"Kingston": {
			"iso_code": "JM-01"
		},
		"Manchester": {
			"iso_code": "JM-12"
		},
		"Portland": {
			"iso_code": "JM-04"
		},
		"St. Andrew": {
			"iso_code": "JM-02"
		},
		"St. Ann": {
			"iso_code": "JM-06"
		},
		"St. Catherine": {
			"iso_code": "JM-14"
		},
		"St. Elizabeth": {
			"iso_code": "JM-11"
		},
		"St. James": {
			"iso_code": "JM-08"
		},
		"St. Mary": {
			"iso_code": "JM-05"
		},
		"St. Thomas": {
			"iso_code": "JM-03"
		},
		"Trelawny": {
			"iso_code": "JM-07"
		},
		"Westmoreland": {
			"iso_code": "JM-10"
		}
	}
}