{
	"AFN": {
		"name": "Afganí afganistanu"
	},
	"MGA": {
		"name": "Ariary malgaxe"
	},
	"THB": {
		"name": "baht tailandés",
		"symbol": "฿"
	},
	"PAB": {
		"name": "Balboa panamiegu"
	},
	"ETB": {
		"name": "Birr etíope"
	},
	"VEF": {
		"name": "bolívar venezolanu"
	},
	"BOB": {
		"name": "Bolivianu de Bolivia"
	},
	"GHS": {
		"name": "cedi ghanianu"
	},
	"CRC": {
		"name": "Colón costarricanu"
	},
	"SVC": {
		"name": "Colón salvadorianu"
	},
	"NIO": {
		"name": "Córdoba nicaraguanu"
	},
	"CZK": {
		"name": "Corona checa"
	},
	"DKK": {
		"name": "corona danesa"
	},
	"ISK": {
		"name": "corona islandesa"
	},
	"NOK": {
		"name": "corona noruega"
	},
	"SEK": {
		"name": "corona sueca"
	},
	"GMD": {
		"name": "dalasi gambianu"
	},
	"MKD": {
		"name": "Denar macedoniu"
	},
	"DZD": {
		"name": "dinar arxelín"
	},
	"BHD": {
		"name": "Dinar baḥreiní"
	},
	"IQD": {
		"name": "Dinar iraquín"
	},
	"KWD": {
		"name": "Dinar kuwaitianu"
	},
	"LYD": {
		"name": "dinar libiu"
	},
	"RSD": {
		"name": "dinar serbiu"
	},
	"TND": {
		"name": "dinar tunecín"
	},
	"JOD": {
		"name": "Dinar xordanu"
	},
	"AED": {
		"name": "Dirḥam de los Emiratos Árabes Xuníos"
	},
	"MAD": {
		"name": "dirḥam marroquín"
	},
	"STD": {
		"name": "dobra de Santu Tomé y Príncipe"
	},
	"AUD": {
		"name": "Dólar australianu",
		"symbol": "A$"
	},
	"BSD": {
		"name": "Dólar bahamés"
	},
	"BBD": {
		"name": "Dólar barbadianu"
	},
	"BZD": {
		"name": "Dólar belizianu"
	},
	"BMD": {
		"name": "Dólar bermudianu"
	},
	"BND": {
		"name": "dólar bruneyanu"
	},
	"KYD": {
		"name": "dólar caimanés"
	},
	"CAD": {
		"name": "Dólar canadiense",
		"symbol": "CA$"
	},
	"TTD": {
		"name": "dólar de Trinidá y Tobagu"
	},
	"XCD": {
		"name": "dólar del Caribe Oriental",
		"symbol": "EC$"
	},
	"USD": {
		"name": "Dólar estaunidense",
		"symbol": "$"
	},
	"FJD": {
		"name": "dólar fixanu"
	},
	"GYD": {
		"name": "dólar guyanés"
	},
	"HKD": {
		"name": "Dólar hongkonés",
		"symbol": "HK$"
	},
	"LRD": {
		"name": "dólar liberianu"
	},
	"NAD": {
		"name": "Dólar namibianu"
	},
	"NZD": {
		"name": "dólar neozelandés",
		"symbol": "NZ$"
	},
	"TWD": {
		"name": "Dólar nuevu taiwanés",
		"symbol": "NT$"
	},
	"SBD": {
		"name": "dólar salomonés"
	},
	"SGD": {
		"name": "dólar singapuranu"
	},
	"SRD": {
		"name": "dólar surinamés"
	},
	"JMD": {
		"name": "Dólar xamaicanu"
	},
	"ZWL": {
		"name": "Dólar zimbabuanu (2009)"
	},
	"VND": {
		"name": "dong vietnamín",
		"symbol": "₫"
	},
	"AMD": {
		"name": "Dram armeniu"
	},
	"CVE": {
		"name": "escudu cabuverdianu"
	},
	"EUR": {
		"name": "euro",
		"symbol": "€"
	},
	"AWG": {
		"name": "Florín arubanu"
	},
	"HUF": {
		"name": "Forint húngaru"
	},
	"BIF": {
		"name": "Francu burundianu"
	},
	"XOF": {
		"name": "francu CFA BCEAO",
		"symbol": "CFA"
	},
	"XAF": {
		"name": "Francu CFA centroafricanu",
		"symbol": "FCFA"
	},
	"XPF": {
		"name": "francu CFP",
		"symbol": "CFPF"
	},
	"KMF": {
		"name": "Francu comoranu"
	},
	"CDF": {
		"name": "francu congolés"
	},
	"GNF": {
		"name": "francu guineanu"
	},
	"RWF": {
		"name": "Francu ruandés"
	},
	"CHF": {
		"name": "francu suizu"
	},
	"DJF": {
		"name": "Francu xibutianu"
	},
	"HTG": {
		"name": "Gourde haitianu"
	},
	"UAH": {
		"name": "Grivna ucraína"
	},
	"PYG": {
		"name": "guaraní paraguayu"
	},
	"ANG": {
		"name": "Guílder de les Antilles Neerlandeses"
	},
	"PGK": {
		"name": "kina papuana"
	},
	"LAK": {
		"name": "kip laosianu"
	},
	"HRK": {
		"name": "Kuna croata"
	},
	"MWK": {
		"name": "Kwacha malauianu"
	},
	"ZMW": {
		"name": "Kwacha zambianu"
	},
	"AOA": {
		"name": "Kwanza angolanu"
	},
	"MMK": {
		"name": "kyat de Myanmar"
	},
	"GEL": {
		"name": "Lari xeorxanu"
	},
	"ALL": {
		"name": "Lek albanés"
	},
	"HNL": {
		"name": "Lempira hondurana"
	},
	"SLL": {
		"name": "leone sierralleonés"
	},
	"MDL": {
		"name": "Leu moldavu"
	},
	"RON": {
		"name": "Leu rumanu"
	},
	"BGN": {
		"name": "Lev búlgaru"
	},
	"SZL": {
		"name": "Lilangeni suazilandés"
	},
	"SHP": {
		"name": "llibra de Santa Lena"
	},
	"GIP": {
		"name": "llibra de Xibraltar"
	},
	"GBP": {
		"name": "llibra esterlina",
		"symbol": "£"
	},
	"EGP": {
		"name": "llibra exipciana"
	},
	"LBP": {
		"name": "Llibra libanesa"
	},
	"FKP": {
		"name": "llibra malviniana"
	},
	"SYP": {
		"name": "Llibra siria"
	},
	"SDG": {
		"name": "llibra sudanesa"
	},
	"SSP": {
		"name": "llibra sursudanesa"
	},
	"TRY": {
		"name": "Llira turca"
	},
	"LSL": {
		"name": "Loti de Lesothu"
	},
	"AZN": {
		"name": "Manat azerbaixanu"
	},
	"TMT": {
		"name": "Manat turcomanu"
	},
	"BAM": {
		"name": "marcu convertible de Bosnia-Herzegovina"
	},
	"MZN": {
		"name": "Metical mozambicanu"
	},
	"NGN": {
		"name": "naira nixeriana"
	},
	"ERN": {
		"name": "Nakfa eritréu"
	},
	"BTN": {
		"name": "Ngultrum butanés"
	},
	"MRO": {
		"name": "ouguiya mauritanu"
	},
	"TOP": {
		"name": "paʻanga tonganu"
	},
	"MOP": {
		"name": "Pataca de Macáu"
	},
	"ARS": {
		"name": "pesu arxentín"
	},
	"CLP": {
		"name": "pesu chilenu"
	},
	"COP": {
		"name": "pesu colombianu"
	},
	"CUP": {
		"name": "Pesu cubanu"
	},
	"CUC": {
		"name": "Pesu cubanu convertible"
	},
	"DOP": {
		"name": "Pesu dominicanu"
	},
	"PHP": {
		"name": "pesu filipín"
	},
	"MXN": {
		"name": "Pesu mexicanu",
		"symbol": "MX$"
	},
	"UYU": {
		"name": "pesu uruguayu"
	},
	"BWP": {
		"name": "Pula botsuaniana"
	},
	"GTQ": {
		"name": "Quetzal guatemalianu"
	},
	"ZAR": {
		"name": "Rand sudafricanu"
	},
	"BRL": {
		"name": "real brasilanu",
		"symbol": "R$"
	},
	"IRR": {
		"name": "Rial iranín"
	},
	"OMR": {
		"name": "Rial omanianu"
	},
	"QAR": {
		"name": "Rial qatarín"
	},
	"YER": {
		"name": "Rial yemenín"
	},
	"KHR": {
		"name": "riel camboyanu"
	},
	"MYR": {
		"name": "ringgit malasiu"
	},
	"SAR": {
		"name": "Riyal saudita"
	},
	"BYN": {
		"name": "Rublu bielorrusu"
	},
	"BYR": {
		"name": "Rublu bielorrusu (2000–2016)"
	},
	"RUB": {
		"name": "Rublu rusu"
	},
	"MVR": {
		"name": "Rufiyaa maldiviana"
	},
	"LKR": {
		"name": "Rupia de Sri Lanka"
	},
	"INR": {
		"name": "Rupia india",
		"symbol": "₹"
	},
	"MUR": {
		"name": "Rupia mauriciana"
	},
	"NPR": {
		"name": "Rupia nepalesa"
	},
	"PKR": {
		"name": "Rupia paquistanina"
	},
	"SCR": {
		"name": "Rupia seixelesa"
	},
	"IDR": {
		"name": "rupiah indonesia"
	},
	"KES": {
		"name": "Shilling kenianu"
	},
	"SOS": {
		"name": "Shilling somalín"
	},
	"TZS": {
		"name": "Shilling tanzanianu"
	},
	"UGX": {
		"name": "Shilling ugandés"
	},
	"PEN": {
		"name": "sol nuevu peruanu"
	},
	"KGS": {
		"name": "Som kirguistanín"
	},
	"UZS": {
		"name": "Som uzbequistanín"
	},
	"TJS": {
		"name": "Somoni taxiquistanín"
	},
	"BDT": {
		"name": "Taka bangladexí"
	},
	"WST": {
		"name": "tala samoanu"
	},
	"KZT": {
		"name": "Tenge kazaquistanín"
	},
	"MNT": {
		"name": "Tugrik mongol"
	},
	"VUV": {
		"name": "vatu vanuatuanu"
	},
	"KPW": {
		"name": "Won norcoreanu"
	},
	"KRW": {
		"name": "Won surcoreanu",
		"symbol": "₩"
	},
	"ILS": {
		"name": "Xequel nuevu israelín",
		"symbol": "₪"
	},
	"JPY": {
		"name": "Yen xaponés",
		"symbol": "¥"
	},
	"CNY": {
		"name": "Yuan chinu",
		"symbol": "CN¥"
	},
	"PLN": {
		"name": "Zloty polacu"
	}
}