{
	"AED": {
		"numeric_code": "784"
	},
	"AFN": {
		"numeric_code": "971",
		"fraction_digits": "0"
	},
	"ALL": {
		"numeric_code": "008",
		"fraction_digits": "0"
	},
	"AMD": {
		"numeric_code": "051",
		"fraction_digits": "0"
	},
	"ANG": {
		"numeric_code": "532"
	},
	"AOA": {
		"numeric_code": "973"
	},
	"ARS": {
		"numeric_code": "032"
	},
	"AUD": {
		"numeric_code": "036"
	},
	"AWG": {
		"numeric_code": "533"
	},
	"AZN": {
		"numeric_code": "944"
	},
	"BAM": {
		"numeric_code": "977"
	},
	"BBD": {
		"numeric_code": "052"
	},
	"BDT": {
		"numeric_code": "050"
	},
	"BGN": {
		"numeric_code": "975"
	},
	"BHD": {
		"numeric_code": "048",
		"fraction_digits": "3"
	},
	"BIF": {
		"numeric_code": "108",
		"fraction_digits": "0"
	},
	"BMD": {
		"numeric_code": "060"
	},
	"BND": {
		"numeric_code": "096"
	},
	"BOB": {
		"numeric_code": "068"
	},
	"BRL": {
		"numeric_code": "986"
	},
	"BSD": {
		"numeric_code": "044"
	},
	"BTN": {
		"numeric_code": "064"
	},
	"BWP": {
		"numeric_code": "072"
	},
	"BYN": {
		"numeric_code": "933"
	},
	"BYR": {
		"numeric_code": "974",
		"fraction_digits": "0"
	},
	"BZD": {
		"numeric_code": "084"
	},
	"CAD": {
		"numeric_code": "124"
	},
	"CDF": {
		"numeric_code": "976"
	},
	"CHF": {
		"numeric_code": "756"
	},
	"CLP": {
		"numeric_code": "152",
		"fraction_digits": "0"
	},
	"CNY": {
		"numeric_code": "156"
	},
	"COP": {
		"numeric_code": "170",
		"fraction_digits": "0"
	},
	"CRC": {
		"numeric_code": "188"
	},
	"CUC": {
		"numeric_code": "931"
	},
	"CUP": {
		"numeric_code": "192"
	},
	"CVE": {
		"numeric_code": "132"
	},
	"CZK": {
		"numeric_code": "203"
	},
	"DJF": {
		"numeric_code": "262",
		"fraction_digits": "0"
	},
	"DKK": {
		"numeric_code": "208"
	},
	"DOP": {
		"numeric_code": "214"
	},
	"DZD": {
		"numeric_code": "012"
	},
	"EGP": {
		"numeric_code": "818"
	},
	"ERN": {
		"numeric_code": "232"
	},
	"ETB": {
		"numeric_code": "230"
	},
	"EUR": {
		"numeric_code": "978"
	},
	"FJD": {
		"numeric_code": "242"
	},
	"FKP": {
		"numeric_code": "238"
	},
	"GBP": {
		"numeric_code": "826"
	},
	"GEL": {
		"numeric_code": "981"
	},
	"GHS": {
		"numeric_code": "936"
	},
	"GIP": {
		"numeric_code": "292"
	},
	"GMD": {
		"numeric_code": "270"
	},
	"GNF": {
		"numeric_code": "324",
		"fraction_digits": "0"
	},
	"GTQ": {
		"numeric_code": "320"
	},
	"GYD": {
		"numeric_code": "328",
		"fraction_digits": "0"
	},
	"HKD": {
		"numeric_code": "344"
	},
	"HNL": {
		"numeric_code": "340"
	},
	"HRK": {
		"numeric_code": "191"
	},
	"HTG": {
		"numeric_code": "332"
	},
	"HUF": {
		"numeric_code": "348"
	},
	"IDR": {
		"numeric_code": "360",
		"fraction_digits": "0"
	},
	"ILS": {
		"numeric_code": "376"
	},
	"INR": {
		"numeric_code": "356"
	},
	"IQD": {
		"numeric_code": "368",
		"fraction_digits": "0"
	},
	"IRR": {
		"numeric_code": "364",
		"fraction_digits": "0"
	},
	"ISK": {
		"numeric_code": "352",
		"fraction_digits": "0"
	},
	"JMD": {
		"numeric_code": "388"
	},
	"JOD": {
		"numeric_code": "400",
		"fraction_digits": "3"
	},
	"JPY": {
		"numeric_code": "392",
		"fraction_digits": "0"
	},
	"KES": {
		"numeric_code": "404"
	},
	"KGS": {
		"numeric_code": "417"
	},
	"KHR": {
		"numeric_code": "116"
	},
	"KMF": {
		"numeric_code": "174",
		"fraction_digits": "0"
	},
	"KPW": {
		"numeric_code": "408",
		"fraction_digits": "0"
	},
	"KRW": {
		"numeric_code": "410",
		"fraction_digits": "0"
	},
	"KWD": {
		"numeric_code": "414",
		"fraction_digits": "3"
	},
	"KYD": {
		"numeric_code": "136"
	},
	"KZT": {
		"numeric_code": "398"
	},
	"LAK": {
		"numeric_code": "418",
		"fraction_digits": "0"
	},
	"LBP": {
		"numeric_code": "422",
		"fraction_digits": "0"
	},
	"LKR": {
		"numeric_code": "144"
	},
	"LRD": {
		"numeric_code": "430"
	},
	"LSL": {
		"numeric_code": "426"
	},
	"LYD": {
		"numeric_code": "434",
		"fraction_digits": "3"
	},
	"MAD": {
		"numeric_code": "504"
	},
	"MDL": {
		"numeric_code": "498"
	},
	"MGA": {
		"numeric_code": "969",
		"fraction_digits": "0"
	},
	"MKD": {
		"numeric_code": "807"
	},
	"MMK": {
		"numeric_code": "104",
		"fraction_digits": "0"
	},
	"MNT": {
		"numeric_code": "496",
		"fraction_digits": "0"
	},
	"MOP": {
		"numeric_code": "446"
	},
	"MRO": {
		"numeric_code": "478",
		"fraction_digits": "0"
	},
	"MUR": {
		"numeric_code": "480",
		"fraction_digits": "0"
	},
	"MVR": {
		"numeric_code": "462"
	},
	"MWK": {
		"numeric_code": "454"
	},
	"MXN": {
		"numeric_code": "484"
	},
	"MYR": {
		"numeric_code": "458"
	},
	"MZN": {
		"numeric_code": "943"
	},
	"NAD": {
		"numeric_code": "516"
	},
	"NGN": {
		"numeric_code": "566"
	},
	"NIO": {
		"numeric_code": "558"
	},
	"NOK": {
		"numeric_code": "578"
	},
	"NPR": {
		"numeric_code": "524"
	},
	"NZD": {
		"numeric_code": "554"
	},
	"OMR": {
		"numeric_code": "512",
		"fraction_digits": "3"
	},
	"PAB": {
		"numeric_code": "590"
	},
	"PEN": {
		"numeric_code": "604"
	},
	"PGK": {
		"numeric_code": "598"
	},
	"PHP": {
		"numeric_code": "608"
	},
	"PKR": {
		"numeric_code": "586",
		"fraction_digits": "0"
	},
	"PLN": {
		"numeric_code": "985"
	},
	"PYG": {
		"numeric_code": "600",
		"fraction_digits": "0"
	},
	"QAR": {
		"numeric_code": "634"
	},
	"RON": {
		"numeric_code": "946"
	},
	"RSD": {
		"numeric_code": "941",
		"fraction_digits": "0"
	},
	"RUB": {
		"numeric_code": "643"
	},
	"RWF": {
		"numeric_code": "646",
		"fraction_digits": "0"
	},
	"SAR": {
		"numeric_code": "682"
	},
	"SBD": {
		"numeric_code": "090"
	},
	"SCR": {
		"numeric_code": "690"
	},
	"SDG": {
		"numeric_code": "938"
	},
	"SEK": {
		"numeric_code": "752"
	},
	"SGD": {
		"numeric_code": "702"
	},
	"SHP": {
		"numeric_code": "654"
	},
	"SLL": {
		"numeric_code": "694",
		"fraction_digits": "0"
	},
	"SOS": {
		"numeric_code": "706",
		"fraction_digits": "0"
	},
	"SRD": {
		"numeric_code": "968"
	},
	"SSP": {
		"numeric_code": "728"
	},
	"STD": {
		"numeric_code": "678",
		"fraction_digits": "0"
	},
	"SVC": {
		"numeric_code": "222"
	},
	"SYP": {
		"numeric_code": "760",
		"fraction_digits": "0"
	},
	"SZL": {
		"numeric_code": "748"
	},
	"THB": {
		"numeric_code": "764"
	},
	"TJS": {
		"numeric_code": "972"
	},
	"TMT": {
		"numeric_code": "934"
	},
	"TND": {
		"numeric_code": "788",
		"fraction_digits": "3"
	},
	"TOP": {
		"numeric_code": "776"
	},
	"TRY": {
		"numeric_code": "949"
	},
	"TTD": {
		"numeric_code": "780"
	},
	"TWD": {
		"numeric_code": "901"
	},
	"TZS": {
		"numeric_code": "834",
		"fraction_digits": "0"
	},
	"UAH": {
		"numeric_code": "980"
	},
	"UGX": {
		"numeric_code": "800",
		"fraction_digits": "0"
	},
	"USD": {
		"numeric_code": "840"
	},
	"UYU": {
		"numeric_code": "858"
	},
	"UZS": {
		"numeric_code": "860",
		"fraction_digits": "0"
	},
	"VEF": {
		"numeric_code": "937"
	},
	"VND": {
		"numeric_code": "704",
		"fraction_digits": "0"
	},
	"VUV": {
		"numeric_code": "548",
		"fraction_digits": "0"
	},
	"WST": {
		"numeric_code": "882"
	},
	"XAF": {
		"numeric_code": "950",
		"fraction_digits": "0"
	},
	"XCD": {
		"numeric_code": "951"
	},
	"XOF": {
		"numeric_code": "952",
		"fraction_digits": "0"
	},
	"XPF": {
		"numeric_code": "953",
		"fraction_digits": "0"
	},
	"YER": {
		"numeric_code": "886",
		"fraction_digits": "0"
	},
	"ZAR": {
		"numeric_code": "710"
	},
	"ZMW": {
		"numeric_code": "967"
	},
	"ZWL": {
		"numeric_code": "932"
	}
}