{
	"AFN": {
		"name": "afghani Afghanistan"
	},
	"MGA": {
		"name": "ariary Madagaskar"
	},
	"THB": {
		"name": "baht Thailand"
	},
	"PAB": {
		"name": "balboa Panamá"
	},
	"ETB": {
		"name": "birr Etiopia"
	},
	"VEF": {
		"name": "bolivar Venezuela"
	},
	"BOB": {
		"name": "boliviano Bolivia"
	},
	"GHS": {
		"name": "cedi Ghana"
	},
	"CRC": {
		"name": "colón Costa Rica"
	},
	"SVC": {
		"name": "colón Salvador"
	},
	"NIO": {
		"name": "cordoba Nicaragua"
	},
	"GMD": {
		"name": "dalasi Gambia"
	},
	"MKD": {
		"name": "denar Makedonia"
	},
	"DZD": {
		"name": "dinar Aljeria"
	},
	"BHD": {
		"name": "dinar Bahrein"
	},
	"IQD": {
		"name": "dinar Iraq"
	},
	"JOD": {
		"name": "dinar Jordania"
	},
	"KWD": {
		"name": "dinar Koweit"
	},
	"LYD": {
		"name": "dinar Libia"
	},
	"RSD": {
		"name": "dinar Serbia"
	},
	"TND": {
		"name": "dinar Tunizia"
	},
	"AED": {
		"name": "dirham EAU"
	},
	"MAD": {
		"name": "dirham Maroko"
	},
	"STD": {
		"name": "dobra São Tomé ha Príncipe"
	},
	"AUD": {
		"name": "dollar Aostralia",
		"symbol": "$A"
	},
	"BSD": {
		"name": "dollar Bahamas"
	},
	"BBD": {
		"name": "dollar Barbados"
	},
	"BZD": {
		"name": "dollar Belize"
	},
	"BMD": {
		"name": "dollar Bermuda"
	},
	"BND": {
		"name": "dollar Brunei"
	},
	"FJD": {
		"name": "dollar Fidji"
	},
	"GYD": {
		"name": "dollar Guyana"
	},
	"HKD": {
		"name": "dollar Hong Kong",
		"symbol": "$ HK"
	},
	"KYD": {
		"name": "dollar Inizi Cayman"
	},
	"SBD": {
		"name": "dollar Inizi Salomon"
	},
	"JMD": {
		"name": "dollar Jamaika"
	},
	"CAD": {
		"name": "dollar Kanada",
		"symbol": "$CA"
	},
	"XCD": {
		"name": "dollar Karib ar reter"
	},
	"LRD": {
		"name": "dollar Liberia"
	},
	"NAD": {
		"name": "dollar Namibia"
	},
	"TWD": {
		"name": "dollar nevez Taiwan"
	},
	"SGD": {
		"name": "dollar Singapour"
	},
	"USD": {
		"name": "dollar SU",
		"symbol": "$ SU"
	},
	"SRD": {
		"name": "dollar Surinam"
	},
	"TTD": {
		"name": "dollar Trinidad ha Tobago"
	},
	"NZD": {
		"name": "dollar Zeland-Nevez",
		"symbol": "$ ZN"
	},
	"ZWL": {
		"name": "dollar Zimbabwe (2009)"
	},
	"VND": {
		"name": "dong Viêt Nam"
	},
	"AMD": {
		"name": "dram Armenia"
	},
	"CVE": {
		"name": "escudo Kab Glas"
	},
	"EUR": {
		"name": "euro",
		"symbol": "€"
	},
	"ANG": {
		"name": "florin Antilhez nederlandat"
	},
	"AWG": {
		"name": "florin Aruba"
	},
	"HUF": {
		"name": "forint Hungaria"
	},
	"HTG": {
		"name": "gourde Haiti"
	},
	"PYG": {
		"name": "guarani Paraguay"
	},
	"UAH": {
		"name": "hryvnia Ukraina"
	},
	"PGK": {
		"name": "kina Papoua Ginea-Nevez"
	},
	"LAK": {
		"name": "kip Laos"
	},
	"HRK": {
		"name": "kuna Kroatia"
	},
	"DKK": {
		"name": "kurunenn Danmark"
	},
	"ISK": {
		"name": "kurunenn Island"
	},
	"NOK": {
		"name": "kurunenn Norvegia"
	},
	"SEK": {
		"name": "kurunenn Sveden"
	},
	"CZK": {
		"name": "kurunenn Tchek"
	},
	"MWK": {
		"name": "kwacha Malawi"
	},
	"ZMW": {
		"name": "kwacha Zambia"
	},
	"AOA": {
		"name": "kwanza Angola"
	},
	"MMK": {
		"name": "kyat Myanmar"
	},
	"GEL": {
		"name": "lari Jorjia"
	},
	"ALL": {
		"name": "lek Albania"
	},
	"HNL": {
		"name": "lempira Honduras"
	},
	"SLL": {
		"name": "leone Sierra Leone"
	},
	"MDL": {
		"name": "leu Moldova"
	},
	"RON": {
		"name": "leu Roumania"
	},
	"BGN": {
		"name": "lev Bulgaria"
	},
	"SZL": {
		"name": "lilangeni Swaziland"
	},
	"LSL": {
		"name": "loti Lesotho"
	},
	"GBP": {
		"name": "lur Breizh-Veur",
		"symbol": "£ RU"
	},
	"BIF": {
		"name": "lur Burundi"
	},
	"XOF": {
		"name": "lur CFA Afrika ar Cʼhornôg",
		"symbol": "CFA"
	},
	"XAF": {
		"name": "lur CFA Kreizafrika",
		"symbol": "FCFA"
	},
	"XPF": {
		"name": "lur CFP",
		"symbol": "CFPF"
	},
	"DJF": {
		"name": "lur Djibouti"
	},
	"EGP": {
		"name": "lur Egipt"
	},
	"GNF": {
		"name": "lur Ginea"
	},
	"FKP": {
		"name": "lur Inizi Falkland"
	},
	"GIP": {
		"name": "lur Jibraltar"
	},
	"KMF": {
		"name": "lur Komorez"
	},
	"CDF": {
		"name": "lur Kongo"
	},
	"LBP": {
		"name": "lur Liban"
	},
	"RWF": {
		"name": "lur Rwanda"
	},
	"SHP": {
		"name": "lur Saint-Helena"
	},
	"SYP": {
		"name": "lur Siria"
	},
	"SDG": {
		"name": "lur Soudan"
	},
	"CHF": {
		"name": "lur Suis"
	},
	"SSP": {
		"name": "lur Susoudan"
	},
	"TRY": {
		"name": "lur Turkia"
	},
	"AZN": {
		"name": "manat Azerbaidjan"
	},
	"TMT": {
		"name": "manat Turkmenistan"
	},
	"BAM": {
		"name": "mark kemmadus Bosnia ha Herzegovina"
	},
	"MZN": {
		"name": "metical Mozambik"
	},
	"NGN": {
		"name": "naira Nigeria"
	},
	"ERN": {
		"name": "nakfa Eritrea"
	},
	"BTN": {
		"name": "ngultrum Bhoutan"
	},
	"PEN": {
		"name": "nuevo sol Perou"
	},
	"MRO": {
		"name": "ouguiya Maouritania"
	},
	"TOP": {
		"name": "paʻanga Tonga"
	},
	"MOP": {
		"name": "pataca Macau"
	},
	"ARS": {
		"name": "peso Arcʼhantina"
	},
	"CLP": {
		"name": "peso Chile"
	},
	"DOP": {
		"name": "peso Dominikan"
	},
	"PHP": {
		"name": "peso Filipinez"
	},
	"CUC": {
		"name": "peso kemmadus Kuba"
	},
	"COP": {
		"name": "peso Kolombia"
	},
	"CUP": {
		"name": "peso Kuba"
	},
	"MXN": {
		"name": "peso Mecʼhiko",
		"symbol": "MX$"
	},
	"UYU": {
		"name": "peso Uruguay"
	},
	"BWP": {
		"name": "pula Botswana"
	},
	"GTQ": {
		"name": "quetzal Guatemala"
	},
	"ZAR": {
		"name": "rand Suafrika"
	},
	"BRL": {
		"name": "real Brazil"
	},
	"IRR": {
		"name": "rial Iran"
	},
	"OMR": {
		"name": "rial Oman"
	},
	"QAR": {
		"name": "rial Qatar"
	},
	"YER": {
		"name": "rial Yemen"
	},
	"KHR": {
		"name": "riel Kambodja"
	},
	"MYR": {
		"name": "ringgit Malaysia"
	},
	"SAR": {
		"name": "riyal Arabia Saoudat"
	},
	"BYN": {
		"name": "roubl Belarus"
	},
	"BYR": {
		"name": "roubl Belarus (2000–2016)"
	},
	"RUB": {
		"name": "roubl Rusia"
	},
	"INR": {
		"name": "roupi India",
		"symbol": "₹"
	},
	"IDR": {
		"name": "roupi Indonezia"
	},
	"MUR": {
		"name": "roupi Moris"
	},
	"NPR": {
		"name": "roupi Nepal"
	},
	"PKR": {
		"name": "roupi Pakistan"
	},
	"SCR": {
		"name": "roupi Sechelez"
	},
	"LKR": {
		"name": "roupi Sri Lanka"
	},
	"MVR": {
		"name": "rufiyaa Maldivez"
	},
	"ILS": {
		"name": "shekel nevez Israel"
	},
	"KES": {
		"name": "shilling Kenya"
	},
	"UGX": {
		"name": "shilling Ouganda"
	},
	"SOS": {
		"name": "shilling Somalia"
	},
	"TZS": {
		"name": "shilling Tanzania"
	},
	"KGS": {
		"name": "som Kyrgyzstan"
	},
	"UZS": {
		"name": "som Ouzbekistan"
	},
	"TJS": {
		"name": "somoni Tadjikistan"
	},
	"BDT": {
		"name": "taka Bangladesh"
	},
	"WST": {
		"name": "tala Samoa"
	},
	"KZT": {
		"name": "tenge Kazakstan"
	},
	"MNT": {
		"name": "tugrik Mongolia"
	},
	"VUV": {
		"name": "vatu Vanuatu"
	},
	"KPW": {
		"name": "won Korea an Norzh"
	},
	"KRW": {
		"name": "won Korea ar Su"
	},
	"JPY": {
		"name": "yen Japan"
	},
	"CNY": {
		"name": "yuan Sina"
	},
	"PLN": {
		"name": "zloty Polonia"
	}
}