{
	"AFN": {
		"name": "Afganistan afghani"
	},
	"ALL": {
		"name": "Albania lek"
	},
	"DZD": {
		"name": "Algeria dinar"
	},
	"AOA": {
		"name": "Angola kwanza"
	},
	"ARS": {
		"name": "Argentina peso"
	},
	"AMD": {
		"name": "Armenia dram"
	},
	"AWG": {
		"name": "Aruba florin"
	},
	"AZN": {
		"name": "Aserbadjan manat"
	},
	"AUD": {
		"name": "Avstralskur dollari",
		"symbol": "A$"
	},
	"BSD": {
		"name": "Bahamaoyggjar dollari"
	},
	"BDT": {
		"name": "Bangladesj taka"
	},
	"BBD": {
		"name": "Barbados dollari"
	},
	"BHD": {
		"name": "Barein dinar"
	},
	"BZD": {
		"name": "Belis dollari"
	},
	"BMD": {
		"name": "Bermuda dollari"
	},
	"BOB": {
		"name": "Bolivia boliviano"
	},
	"BAM": {
		"name": "Bosnia-Hersegovina mark (kann vekslast)"
	},
	"BWP": {
		"name": "Botsvana pula"
	},
	"BRL": {
		"name": "Brasilianskur real",
		"symbol": "R$"
	},
	"GBP": {
		"name": "bretsk pund",
		"symbol": "£"
	},
	"BND": {
		"name": "Brunei dollari"
	},
	"BGN": {
		"name": "Bulgaria lev"
	},
	"BIF": {
		"name": "Burundi frankur"
	},
	"BTN": {
		"name": "Butan ngultrum"
	},
	"KYD": {
		"name": "Caymanoyggjar dollari"
	},
	"XPF": {
		"name": "CFP frankur",
		"symbol": "CFPF"
	},
	"DJF": {
		"name": "Djibuti frankur"
	},
	"DOP": {
		"name": "Dominika peso"
	},
	"DKK": {
		"name": "donsk króna",
		"symbol": "kr"
	},
	"EGP": {
		"name": "Egyptaland pund"
	},
	"ERN": {
		"name": "Eritrea nakfa"
	},
	"ETB": {
		"name": "Etiopia birr"
	},
	"EUR": {
		"name": "Evra",
		"symbol": "€"
	},
	"XCD": {
		"name": "Eystur Karibia dollari",
		"symbol": "EC$"
	},
	"FKP": {
		"name": "Falklandsoyggjar pund"
	},
	"FJD": {
		"name": "Fiji dollari"
	},
	"PHP": {
		"name": "Filipsoyggjar peso"
	},
	"GMD": {
		"name": "Gambia dalasi"
	},
	"GHS": {
		"name": "Gana cedi"
	},
	"GEL": {
		"name": "Georgia lari"
	},
	"GIP": {
		"name": "Gibraltar pund"
	},
	"CVE": {
		"name": "Grønhøvdaoyggjar escudo"
	},
	"GTQ": {
		"name": "Guatemala quetzal"
	},
	"GNF": {
		"name": "Guinea frankur"
	},
	"GYD": {
		"name": "Gujana dollari"
	},
	"HTG": {
		"name": "Haiti gourde"
	},
	"HNL": {
		"name": "Honduras lempira"
	},
	"HKD": {
		"name": "Hong Kong dollari",
		"symbol": "HK$"
	},
	"BYN": {
		"name": "Hvítarussland ruble"
	},
	"BYR": {
		"name": "Hvítarussland ruble (2000–2016)"
	},
	"INR": {
		"name": "indiskir rupis",
		"symbol": "₹"
	},
	"IDR": {
		"name": "Indonesia rupiah"
	},
	"IQD": {
		"name": "Irak dinar"
	},
	"IRR": {
		"name": "iranskir rials"
	},
	"ISK": {
		"name": "íslendsk króna"
	},
	"ILS": {
		"name": "Ísrael new sheqel",
		"symbol": "₪"
	},
	"JMD": {
		"name": "Jamaika dollari"
	},
	"JPY": {
		"name": "japanskur yen",
		"symbol": "JP¥"
	},
	"YER": {
		"name": "Jemen rial"
	},
	"JOD": {
		"name": "Jordan dinar"
	},
	"KHR": {
		"name": "Kambodja riel"
	},
	"CAD": {
		"name": "Kanada dollari",
		"symbol": "CA$"
	},
	"KZT": {
		"name": "Kasakstan tenge"
	},
	"QAR": {
		"name": "Katar rial"
	},
	"CZK": {
		"name": "Kekkia koruna"
	},
	"KES": {
		"name": "kenjanskur skillingur"
	},
	"CLP": {
		"name": "Kili peso"
	},
	"CNY": {
		"name": "kinesiskur yuan",
		"symbol": "CN¥"
	},
	"KGS": {
		"name": "Kirgisia som"
	},
	"COP": {
		"name": "Kolombia peso"
	},
	"KMF": {
		"name": "Komoroyggjar frankur"
	},
	"CDF": {
		"name": "Kongo frankur"
	},
	"CRC": {
		"name": "Kosta Rika colón"
	},
	"HRK": {
		"name": "Kroatia kuna"
	},
	"CUP": {
		"name": "Kuba peso"
	},
	"CUC": {
		"name": "Kuba peso (sum kann vekslast)"
	},
	"KWD": {
		"name": "Kuvait dinar"
	},
	"LAK": {
		"name": "Laos kip"
	},
	"LSL": {
		"name": "Lesotho Loti"
	},
	"LBP": {
		"name": "Libanon pund"
	},
	"LRD": {
		"name": "Liberia dollari"
	},
	"LYD": {
		"name": "Libya dinar"
	},
	"MGA": {
		"name": "Madagaskar ariary"
	},
	"MOP": {
		"name": "Makao pataca"
	},
	"MKD": {
		"name": "Makedónia denar"
	},
	"MYR": {
		"name": "Malaisia ringgit"
	},
	"MWK": {
		"name": "Malavi kwacha"
	},
	"MVR": {
		"name": "Maldivoyggjar rufiyaa"
	},
	"MAD": {
		"name": "Marokko dirham"
	},
	"MXN": {
		"name": "Meksiko peso",
		"symbol": "MX$"
	},
	"XAF": {
		"name": "Miðafrika CFA frankur",
		"symbol": "FCFA"
	},
	"MDL": {
		"name": "Moldova leu"
	},
	"MNT": {
		"name": "Mongolia tugrik"
	},
	"MRO": {
		"name": "Móritania ouguiya"
	},
	"MUR": {
		"name": "Móritius rupi"
	},
	"MZN": {
		"name": "Mosambik metical"
	},
	"MMK": {
		"name": "Myanmar (Burma) kyat"
	},
	"NAD": {
		"name": "Namibia dollari"
	},
	"NPR": {
		"name": "Nepal rupi"
	},
	"ANG": {
		"name": "Niðurlonds Karibia gyllin"
	},
	"NGN": {
		"name": "Nigeria naira"
	},
	"NIO": {
		"name": "Nikaragua córdoba"
	},
	"KPW": {
		"name": "Norðurkorea won"
	},
	"NOK": {
		"name": "norsk króna"
	},
	"NZD": {
		"name": "Nýsæland dollari",
		"symbol": "NZ$"
	},
	"OMR": {
		"name": "Oman rial"
	},
	"PKR": {
		"name": "Pakistan rupi"
	},
	"PAB": {
		"name": "Panama balboa"
	},
	"PGK": {
		"name": "Papua Nýguinea kina"
	},
	"PYG": {
		"name": "Paraguai guarani"
	},
	"PEN": {
		"name": "Peru nuevo sol"
	},
	"PLN": {
		"name": "Pólland zloty"
	},
	"RWF": {
		"name": "Ruanda frankur"
	},
	"RON": {
		"name": "Rumenia leu"
	},
	"RUB": {
		"name": "Russland ruble"
	},
	"SBD": {
		"name": "Salomonoyggjar dollari"
	},
	"SVC": {
		"name": "Salvadoran Colón"
	},
	"ZMW": {
		"name": "Sambia kwacha"
	},
	"AED": {
		"name": "Sameindu Emirríkini dirham"
	},
	"WST": {
		"name": "Samoa tala"
	},
	"STD": {
		"name": "Sao Tome & Prinsipi dobra"
	},
	"SAR": {
		"name": "Saudiarabia riyal"
	},
	"RSD": {
		"name": "Serbia dinar"
	},
	"SCR": {
		"name": "Seyskelloyggjar rupi"
	},
	"SLL": {
		"name": "Sierra Leona leone"
	},
	"SGD": {
		"name": "Singapor dollari"
	},
	"SOS": {
		"name": "Somalia skillingur"
	},
	"LKR": {
		"name": "Sri Lanka rupi"
	},
	"SHP": {
		"name": "St. Helena pund"
	},
	"SDG": {
		"name": "Sudan pund"
	},
	"ZAR": {
		"name": "Suðurafrika rand"
	},
	"KRW": {
		"name": "Suðurkorea won",
		"symbol": "₩"
	},
	"SSP": {
		"name": "Suðursudan pund"
	},
	"SRD": {
		"name": "Surinam dollari"
	},
	"SZL": {
		"name": "Svasiland lilangeni"
	},
	"CHF": {
		"name": "sveisiskur frankur"
	},
	"SEK": {
		"name": "svensk króna"
	},
	"SYP": {
		"name": "Sýria pund"
	},
	"TJS": {
		"name": "Tadsjikistan somoni"
	},
	"THB": {
		"name": "Tailand baht"
	},
	"TWD": {
		"name": "Taivan new dollari",
		"symbol": "NT$"
	},
	"TZS": {
		"name": "Tansania skillingur"
	},
	"TOP": {
		"name": "Tonga paʻanga"
	},
	"TTD": {
		"name": "Trinidad & Tobago dollari"
	},
	"TND": {
		"name": "Tunesia dinar"
	},
	"TRY": {
		"name": "Turkaland liri"
	},
	"TMT": {
		"name": "Turkmenistan manat"
	},
	"UGX": {
		"name": "Uganda skillingur"
	},
	"UAH": {
		"name": "Ukraina hryvnia"
	},
	"HUF": {
		"name": "Ungarn forint"
	},
	"UYU": {
		"name": "Uruguai peso"
	},
	"USD": {
		"name": "US dollari",
		"symbol": "US$"
	},
	"UZS": {
		"name": "Usbekistan som"
	},
	"VUV": {
		"name": "Vanuatu vatu"
	},
	"VEF": {
		"name": "Venesuela bolívar"
	},
	"XOF": {
		"name": "Vesturafrika CFA frankur",
		"symbol": "CFA"
	},
	"VND": {
		"name": "Vjetnam dong",
		"symbol": "₫"
	},
	"ZWL": {
		"name": "Zimbabwean Dollar (2009)"
	}
}