{
	"AFN": {
		"name": "Afghani Afghanach"
	},
	"MGA": {
		"name": "Ariary Madagasgarach"
	},
	"THB": {
		"name": "Baht Tàidheach",
		"symbol": "฿"
	},
	"PAB": {
		"name": "Balboa Panamach"
	},
	"ETB": {
		"name": "Birr Itiopach"
	},
	"VEF": {
		"name": "Bolívar Bheinisealach"
	},
	"BOB": {
		"name": "Boliviano Boilibhiach"
	},
	"GHS": {
		"name": "Cedi Gànach"
	},
	"CRC": {
		"name": "Colón Costa Rìceach"
	},
	"SVC": {
		"name": "Colón Salbhadorach"
	},
	"NIO": {
		"name": "Córdoba Niocaragach"
	},
	"GMD": {
		"name": "Dalasi Gaimbitheach"
	},
	"MKD": {
		"name": "Denar Masadonach"
	},
	"DZD": {
		"name": "Dinar Aildireach"
	},
	"BHD": {
		"name": "Dinar Bachraineach"
	},
	"KWD": {
		"name": "Dinar Cuibhèiteach"
	},
	"IQD": {
		"name": "Dinar Ioràcach"
	},
	"JOD": {
		"name": "Dinar Iòrdanach"
	},
	"LYD": {
		"name": "Dinar Libitheach"
	},
	"RSD": {
		"name": "Dinar Sèirbeach"
	},
	"TND": {
		"name": "Dinar Tuiniseach"
	},
	"MAD": {
		"name": "Dirham Morocach"
	},
	"AED": {
		"name": "Dirham nan Iomaratan Arabach Aonaichte"
	},
	"STD": {
		"name": "Dobra São Tomé agus Príncipe"
	},
	"AUD": {
		"name": "Dolar Astràilianach",
		"symbol": "A$"
	},
	"BBD": {
		"name": "Dolar Barbadach"
	},
	"BSD": {
		"name": "Dolar Bathamach"
	},
	"BMD": {
		"name": "Dolar Bearmùdach"
	},
	"BZD": {
		"name": "Dolar Beilìseach"
	},
	"BND": {
		"name": "Dolar Brùnaigheach"
	},
	"KYD": {
		"name": "Dolar Caimeanach"
	},
	"CAD": {
		"name": "Dolar Canadach",
		"symbol": "CA$"
	},
	"XCD": {
		"name": "Dolar Caraibeach earach",
		"symbol": "EC$"
	},
	"JMD": {
		"name": "Dolar Diameugach"
	},
	"SBD": {
		"name": "Dolar Eileanan Sholaimh"
	},
	"FJD": {
		"name": "Dolar Fìditheach"
	},
	"GYD": {
		"name": "Dolar Guidheànach"
	},
	"HKD": {
		"name": "Dolar Hong Kong",
		"symbol": "HK$"
	},
	"LRD": {
		"name": "Dolar Libèireach"
	},
	"NAD": {
		"name": "Dolar Naimibitheach"
	},
	"USD": {
		"name": "Dolar nan Stàitean Aonaichte",
		"symbol": "$"
	},
	"NZD": {
		"name": "Dolar Shealainn Nuaidh",
		"symbol": "NZ$"
	},
	"SGD": {
		"name": "Dolar Singeapòrach"
	},
	"ZWL": {
		"name": "Dolar Sìombabuthach (2009)"
	},
	"SRD": {
		"name": "Dolar Suranamach"
	},
	"TTD": {
		"name": "Dolar Thrianaid agus Thobago"
	},
	"TWD": {
		"name": "Dolar ùr Taidh-Bhànach",
		"symbol": "NT$"
	},
	"VND": {
		"name": "Dong Bhiet-Namach",
		"symbol": "₫"
	},
	"AMD": {
		"name": "Dram Airmeineach"
	},
	"EUR": {
		"name": "Eòro",
		"symbol": "€"
	},
	"CVE": {
		"name": "Escudo a’ Chip Uaine"
	},
	"AWG": {
		"name": "Florin Arùbach"
	},
	"HUF": {
		"name": "Forint Ungaireach"
	},
	"BIF": {
		"name": "Franc Burundaidheach"
	},
	"XOF": {
		"name": "Franc CFA Afraga an Iar",
		"symbol": "CFA"
	},
	"XAF": {
		"name": "Franc CFA Meadhan-Afragach",
		"symbol": "FCFA"
	},
	"XPF": {
		"name": "Franc CFP",
		"symbol": "CFPF"
	},
	"KMF": {
		"name": "Franc Comorosach"
	},
	"CDF": {
		"name": "Franc Congothach"
	},
	"DJF": {
		"name": "Franc Diobùtaidheach"
	},
	"CHF": {
		"name": "Franc Eilbheiseach"
	},
	"GNF": {
		"name": "Franc Ginitheach"
	},
	"RWF": {
		"name": "Franc Rubhandach"
	},
	"HTG": {
		"name": "Gourde Haidhteach"
	},
	"PYG": {
		"name": "Guaraní Paraguaidheach"
	},
	"ANG": {
		"name": "Gulden Eileanan Aintilia nan Tìrean Ìsle"
	},
	"UAH": {
		"name": "Hryvnia Ucràineach"
	},
	"PGK": {
		"name": "Kina Ghini Nuaidh Paputhaiche"
	},
	"LAK": {
		"name": "Kip Làthosach"
	},
	"CZK": {
		"name": "Koruna Seiceach"
	},
	"ISK": {
		"name": "Króna Innis Tìleach"
	},
	"SEK": {
		"name": "Krona Suaineach"
	},
	"DKK": {
		"name": "Krone Danmhairgeach"
	},
	"NOK": {
		"name": "Krone Nirribheach"
	},
	"HRK": {
		"name": "Kuna Cròthaiseach"
	},
	"MWK": {
		"name": "Kwacha Malabhaidheach"
	},
	"ZMW": {
		"name": "Kwacha Sàimbitheach"
	},
	"AOA": {
		"name": "Kwanza Angòlach"
	},
	"MMK": {
		"name": "Kyat Miànmarach"
	},
	"GEL": {
		"name": "Lari Cairtbheileach"
	},
	"ALL": {
		"name": "Lek Albàineach"
	},
	"HNL": {
		"name": "Lempira Hondùrach"
	},
	"SLL": {
		"name": "Leone Siarra Leòmhannach"
	},
	"MDL": {
		"name": "Leu Moldobhach"
	},
	"RON": {
		"name": "Leu Romàineach"
	},
	"BGN": {
		"name": "Lev Bulgarach"
	},
	"SZL": {
		"name": "Lilangeni Suasaidheach"
	},
	"TRY": {
		"name": "Lira Turcach"
	},
	"LSL": {
		"name": "Loti Leasotach"
	},
	"AZN": {
		"name": "Manat Asarbaideànach"
	},
	"TMT": {
		"name": "Manat Turcmanach"
	},
	"BAM": {
		"name": "Mark iompachail Bhosna agus Hearsagobhana"
	},
	"MZN": {
		"name": "Metical Mòsaimbiceach"
	},
	"NGN": {
		"name": "Naira Nigèiriach"
	},
	"ERN": {
		"name": "Nakfa Eartrach"
	},
	"BTN": {
		"name": "Ngultrum Butànach"
	},
	"MRO": {
		"name": "Ouguiya Moratàineach"
	},
	"TOP": {
		"name": "Paʻanga Tongach"
	},
	"MOP": {
		"name": "Pataca Macàthuach"
	},
	"ARS": {
		"name": "Peso Argantaineach"
	},
	"COP": {
		"name": "Peso Coloimbeach"
	},
	"CUP": {
		"name": "Peso Cùbach"
	},
	"DOP": {
		"name": "Peso Doiminiceach"
	},
	"PHP": {
		"name": "Peso Filipineach"
	},
	"CUC": {
		"name": "Peso iompachail Cùbach"
	},
	"MXN": {
		"name": "Peso Meagsagach",
		"symbol": "MX$"
	},
	"CLP": {
		"name": "Peso Sileach"
	},
	"UYU": {
		"name": "Peso Uruguaidheach"
	},
	"BWP": {
		"name": "Pula Botsuanach"
	},
	"GIP": {
		"name": "Punnd Diobraltarach"
	},
	"SHP": {
		"name": "Punnd Eilean Naomh Eilidh"
	},
	"EGP": {
		"name": "Punnd Èipheiteach"
	},
	"FKP": {
		"name": "Punnd Fàclannach"
	},
	"LBP": {
		"name": "Punnd Leabanach"
	},
	"GBP": {
		"name": "Punnd Sasannach",
		"symbol": "£"
	},
	"SYP": {
		"name": "Punnd Siridheach"
	},
	"SSP": {
		"name": "Punnd Sudàin a Deas"
	},
	"SDG": {
		"name": "Punnd Sudànach"
	},
	"GTQ": {
		"name": "Quetzal Guatamalach"
	},
	"ZAR": {
		"name": "Rand Afraga a Deas"
	},
	"BRL": {
		"name": "Real Braisileach",
		"symbol": "R$"
	},
	"QAR": {
		"name": "Rial Catarach"
	},
	"YER": {
		"name": "Rial Eamanach"
	},
	"IRR": {
		"name": "Rial Iorànach"
	},
	"OMR": {
		"name": "Rial Omànach"
	},
	"KHR": {
		"name": "Riel Cambuideach"
	},
	"MYR": {
		"name": "Ringgit Malaidheach"
	},
	"SAR": {
		"name": "Riyal Sabhdach"
	},
	"BYN": {
		"name": "Rùbal Bealaruiseach"
	},
	"BYR": {
		"name": "Rùbal Bealaruiseach (2000–2016)"
	},
	"RUB": {
		"name": "Rùbal Ruiseach"
	},
	"MVR": {
		"name": "Rufiyaa Maladaibheach"
	},
	"INR": {
		"name": "Rupee Innseanach",
		"symbol": "₹"
	},
	"MUR": {
		"name": "Rupee Moiriseasach"
	},
	"NPR": {
		"name": "Rupee Neapàlach"
	},
	"PKR": {
		"name": "Rupee Pagastànach"
	},
	"SCR": {
		"name": "Rupee Seiseallach"
	},
	"LKR": {
		"name": "Rupee Sri Lancach"
	},
	"IDR": {
		"name": "Rupiah Innd-Innseach"
	},
	"ILS": {
		"name": "Sheqel ùr Iosraeleach",
		"symbol": "₪"
	},
	"KES": {
		"name": "Shilling Ceineach"
	},
	"SOS": {
		"name": "Shilling Somàilitheach"
	},
	"TZS": {
		"name": "Shilling Tansanaidheach"
	},
	"UGX": {
		"name": "Shilling Ugandach"
	},
	"PEN": {
		"name": "Sol ùr Pearùthach"
	},
	"KGS": {
		"name": "Som Cìorgasach"
	},
	"UZS": {
		"name": "Som Usbagach"
	},
	"TJS": {
		"name": "Somoni Taidigeach"
	},
	"BDT": {
		"name": "Taka Bangladaiseach"
	},
	"WST": {
		"name": "Tala Samothach"
	},
	"KZT": {
		"name": "Tenge Casachach"
	},
	"MNT": {
		"name": "Tugrik Mongolach"
	},
	"VUV": {
		"name": "Vatu Vanuatuthach"
	},
	"KRW": {
		"name": "Won Choirèa a Deas",
		"symbol": "₩"
	},
	"KPW": {
		"name": "Won Choirèa a Tuath"
	},
	"JPY": {
		"name": "Yen Seapanach",
		"symbol": "JP¥"
	},
	"CNY": {
		"name": "Yuan Sìneach",
		"symbol": "CN¥"
	},
	"PLN": {
		"name": "Złoty Pòlainneach"
	}
}