{
	"AFN": {
		"name": "afghaniski afghani"
	},
	"ALL": {
		"name": "albanski lek"
	},
	"DZD": {
		"name": "algeriski dinar"
	},
	"USD": {
		"name": "ameriski dolar",
		"symbol": "$"
	},
	"AOA": {
		"name": "angolska kwanza"
	},
	"ARS": {
		"name": "argentinski peso"
	},
	"AMD": {
		"name": "armenski dram"
	},
	"AWG": {
		"name": "aruba-florin"
	},
	"AUD": {
		"name": "awstralski dolar"
	},
	"AZN": {
		"name": "azerbajdźanski manat"
	},
	"BSD": {
		"name": "bahamaski dolar"
	},
	"BHD": {
		"name": "bahrainski dinar"
	},
	"BDT": {
		"name": "bangladešska taka"
	},
	"BBD": {
		"name": "barbadoski dolar"
	},
	"BZD": {
		"name": "belizeski dolar"
	},
	"BMD": {
		"name": "bermudaski dolar"
	},
	"BYN": {
		"name": "běłoruski rubl"
	},
	"BYR": {
		"name": "běłoruski rubl (2000–2016)"
	},
	"BTN": {
		"name": "bhutanski ngultrum"
	},
	"BGN": {
		"name": "bołharski lew"
	},
	"BOB": {
		"name": "boliwiski boliviano"
	},
	"BAM": {
		"name": "bosniska konwertibelna hriwna"
	},
	"BWP": {
		"name": "botswanska pula"
	},
	"BRL": {
		"name": "brazilski real",
		"symbol": "R$"
	},
	"GBP": {
		"name": "britiski punt",
		"symbol": "£"
	},
	"BND": {
		"name": "bruneiski dolar"
	},
	"BIF": {
		"name": "burundiski frank"
	},
	"XOF": {
		"name": "CFA-frank (BCEAO)",
		"symbol": "CFA"
	},
	"XAF": {
		"name": "CFA-frank (BEAC)",
		"symbol": "FCFA"
	},
	"XPF": {
		"name": "CFP-frank",
		"symbol": "CFPF"
	},
	"CZK": {
		"name": "čěska króna"
	},
	"DKK": {
		"name": "danska króna"
	},
	"DOP": {
		"name": "dominikanski peso"
	},
	"DJF": {
		"name": "dźibutiski frank"
	},
	"EGP": {
		"name": "egyptowski punt"
	},
	"SVC": {
		"name": "el salvadorski colón"
	},
	"ERN": {
		"name": "eritrejska nakfa"
	},
	"ETB": {
		"name": "etiopiski birr"
	},
	"EUR": {
		"name": "euro",
		"symbol": "€"
	},
	"FKP": {
		"name": "falklandski punt"
	},
	"FJD": {
		"name": "fidźiski dolar"
	},
	"PHP": {
		"name": "filipinski peso"
	},
	"GMD": {
		"name": "gambiski dalasi"
	},
	"GEL": {
		"name": "georgiski lari"
	},
	"GHS": {
		"name": "ghanaski cedi"
	},
	"GIP": {
		"name": "gibraltarski punt"
	},
	"GNF": {
		"name": "ginejski frank"
	},
	"GTQ": {
		"name": "guatemalski quetzal"
	},
	"GYD": {
		"name": "guyanski dolar"
	},
	"HTG": {
		"name": "haitiska gourda"
	},
	"HNL": {
		"name": "honduraska lempira"
	},
	"HKD": {
		"name": "hongkongski dolar",
		"symbol": "HK$"
	},
	"CLP": {
		"name": "chilski peso"
	},
	"CNY": {
		"name": "chinski yuan",
		"symbol": "CN¥"
	},
	"HRK": {
		"name": "chorwatska kuna"
	},
	"INR": {
		"name": "indiska rupija",
		"symbol": "₹"
	},
	"IDR": {
		"name": "indoneska rupija"
	},
	"IQD": {
		"name": "irakski dinar"
	},
	"IRR": {
		"name": "iranski rial"
	},
	"ISK": {
		"name": "islandska króna"
	},
	"ILS": {
		"name": "israelski nowy šekel",
		"symbol": "₪"
	},
	"JMD": {
		"name": "jamaiski dolar"
	},
	"JPY": {
		"name": "japanski yen",
		"symbol": "¥"
	},
	"YER": {
		"name": "jemenski rial"
	},
	"JOD": {
		"name": "jordaniski dinar"
	},
	"ZAR": {
		"name": "južnoafriski rand"
	},
	"KRW": {
		"name": "južnokorejski won",
		"symbol": "₩"
	},
	"SSP": {
		"name": "južnosudanski punt"
	},
	"KYD": {
		"name": "kajmanski dolar"
	},
	"KHR": {
		"name": "kambodźaski riel"
	},
	"CAD": {
		"name": "kanadiski dolar",
		"symbol": "CA$"
	},
	"CVE": {
		"name": "kapverdski escudo"
	},
	"QAR": {
		"name": "katarski rial"
	},
	"KZT": {
		"name": "kazachski tenge"
	},
	"KES": {
		"name": "keniaski šiling"
	},
	"KGS": {
		"name": "kirgiski som"
	},
	"COP": {
		"name": "kolumbiski peso"
	},
	"KMF": {
		"name": "komorski frank"
	},
	"CDF": {
		"name": "kongoski frank"
	},
	"CRC": {
		"name": "kosta-rikaski colón"
	},
	"CUC": {
		"name": "kubaski konwertibelny peso"
	},
	"CUP": {
		"name": "kubaski peso"
	},
	"KWD": {
		"name": "kuwaitski dinar"
	},
	"LAK": {
		"name": "laoski kip"
	},
	"LSL": {
		"name": "Lesotho Loti"
	},
	"LBP": {
		"name": "libanonski punt"
	},
	"LRD": {
		"name": "liberiski dolar"
	},
	"LYD": {
		"name": "libyski dinar"
	},
	"MOP": {
		"name": "macaoska pataka"
	},
	"MGA": {
		"name": "madagaskarski ariary"
	},
	"HUF": {
		"name": "madźarski forint"
	},
	"MKD": {
		"name": "makedonski denar"
	},
	"MYR": {
		"name": "malajziski ringgit"
	},
	"MWK": {
		"name": "malawiski kwacha"
	},
	"MVR": {
		"name": "malediwiska rupija"
	},
	"MAD": {
		"name": "marokkoski dirham"
	},
	"MUR": {
		"name": "mauritiuska rupija"
	},
	"MRO": {
		"name": "mawretanska ouguiya"
	},
	"MXN": {
		"name": "mexiski peso",
		"symbol": "MX$"
	},
	"MDL": {
		"name": "moldawski leu"
	},
	"MNT": {
		"name": "mongolski tugrik"
	},
	"MZN": {
		"name": "mosambikski metical"
	},
	"MMK": {
		"name": "myanmarski kyat"
	},
	"NAD": {
		"name": "namibiski dolar"
	},
	"NPR": {
		"name": "nepalska rupija"
	},
	"NGN": {
		"name": "nigeriski naira"
	},
	"NIO": {
		"name": "nikaraguaski cordoba"
	},
	"ANG": {
		"name": "nižozemsko-antilski gulden"
	},
	"NOK": {
		"name": "norwegska króna"
	},
	"NZD": {
		"name": "nowoseelandski dolar",
		"symbol": "NZ$"
	},
	"TWD": {
		"name": "nowy taiwanski dolar",
		"symbol": "NT$"
	},
	"OMR": {
		"name": "omanski rial"
	},
	"PKR": {
		"name": "pakistanska rupija"
	},
	"PAB": {
		"name": "panamaski balboa"
	},
	"PGK": {
		"name": "papua-nowoginejski kina"
	},
	"PYG": {
		"name": "paraguayski guarani"
	},
	"PEN": {
		"name": "peruski nowy sol"
	},
	"PLN": {
		"name": "pólski złoty",
		"symbol": "zł"
	},
	"RWF": {
		"name": "ruandiski frank"
	},
	"RON": {
		"name": "rumunski leu"
	},
	"RUB": {
		"name": "ruski rubl"
	},
	"SBD": {
		"name": "salomonski dolar"
	},
	"ZMW": {
		"name": "sambiski kwacha"
	},
	"WST": {
		"name": "samoaski tala"
	},
	"STD": {
		"name": "são tomeski dobra"
	},
	"SAR": {
		"name": "saudi-arabski rial"
	},
	"RSD": {
		"name": "serbiski dinar"
	},
	"KPW": {
		"name": "sewjernokorejski won"
	},
	"SCR": {
		"name": "seychellska rupija"
	},
	"SLL": {
		"name": "sierra-leoneski leone"
	},
	"SGD": {
		"name": "singapurski dolar"
	},
	"SOS": {
		"name": "somaliski šiling"
	},
	"LKR": {
		"name": "sri-lankaska rupija"
	},
	"SHP": {
		"name": "St. Helenski punt"
	},
	"SDG": {
		"name": "sudanski punt"
	},
	"SRD": {
		"name": "surinamski dolar"
	},
	"SZL": {
		"name": "swasiski lilangeni"
	},
	"SYP": {
		"name": "syriski punt"
	},
	"SEK": {
		"name": "šwedska króna"
	},
	"CHF": {
		"name": "šwicarski frank"
	},
	"TJS": {
		"name": "tadźikski somoni"
	},
	"TZS": {
		"name": "tansaniski šiling"
	},
	"THB": {
		"name": "thaiski baht",
		"symbol": "฿"
	},
	"TOP": {
		"name": "tongaski paʻanga"
	},
	"TTD": {
		"name": "trinidad-tobagoski dolar"
	},
	"TND": {
		"name": "tuneziski dinar"
	},
	"TMT": {
		"name": "turkmenski manat"
	},
	"TRY": {
		"name": "turkowska lira"
	},
	"UGX": {
		"name": "ugandaski šiling"
	},
	"UAH": {
		"name": "ukrainska hriwna"
	},
	"UYU": {
		"name": "uruguayski peso"
	},
	"UZS": {
		"name": "uzbekski sum"
	},
	"VUV": {
		"name": "vanuatuski vatu"
	},
	"VEF": {
		"name": "venezuelski bolívar"
	},
	"VND": {
		"name": "vietnamski dong",
		"symbol": "₫"
	},
	"XCD": {
		"name": "wuchodnokaribiski dolar",
		"symbol": "EC$"
	},
	"AED": {
		"name": "ZAE dirham"
	},
	"ZWL": {
		"name": "Zimbabwean Dollar (2009)"
	}
}