{
	"AZN": {
		"name": "Ադրբեջանական մանաթ"
	},
	"ALL": {
		"name": "Ալբանական լեկ"
	},
	"DZD": {
		"name": "Ալժիրյան դինար"
	},
	"USD": {
		"name": "ԱՄՆ դոլար",
		"symbol": "$"
	},
	"AOA": {
		"name": "Անգոլական կվանզա"
	},
	"AUD": {
		"name": "Ավստրալիական դոլար",
		"symbol": "A$"
	},
	"AED": {
		"name": "Արաբական Միացյալ Էմիրությունների դիրհամ"
	},
	"ARS": {
		"name": "Արգենտինական պեսո"
	},
	"AWG": {
		"name": "Արուբական ֆլորին"
	},
	"XCD": {
		"name": "Արևելակարիբյան դոլար",
		"symbol": "EC$"
	},
	"XOF": {
		"name": "Արևմտյան Աֆրիկայի ԿՖԱ ֆրանկ",
		"symbol": "CFA"
	},
	"AFN": {
		"name": "Աֆղանական աֆղանի"
	},
	"BSD": {
		"name": "Բահամյան դոլար"
	},
	"BHD": {
		"name": "Բահրեյնի դինար"
	},
	"BDT": {
		"name": "Բանգլադեշի տակա"
	},
	"BBD": {
		"name": "Բարբադոսյան դոլար"
	},
	"BYN": {
		"name": "Բելառուսական ռուբլի"
	},
	"BYR": {
		"name": "Բելառուսական ռուբլի (2000–2016)"
	},
	"BZD": {
		"name": "Բելիզի դոլար"
	},
	"BMD": {
		"name": "Բերմուդյան դոլար"
	},
	"BWP": {
		"name": "Բոթսվանական պուլա"
	},
	"BOB": {
		"name": "Բոլիվիական բոլիվիանո"
	},
	"BAM": {
		"name": "Բոսնիա և Հերցեգովինայի փոխարկվող մարկ"
	},
	"BTN": {
		"name": "Բութանական նգուլտրում"
	},
	"BGN": {
		"name": "Բուլղարական լև"
	},
	"BIF": {
		"name": "Բուրունդիական ֆրանկ"
	},
	"BRL": {
		"name": "Բրազիլական ռեալ",
		"symbol": "R$"
	},
	"GBP": {
		"name": "Բրիտանական ֆունտ ստերլինգ",
		"symbol": "£"
	},
	"BND": {
		"name": "Բրունեյի դոլար"
	},
	"GMD": {
		"name": "Գամբիական դալասի"
	},
	"GYD": {
		"name": "Գայանական դոլար"
	},
	"GHS": {
		"name": "Գանայական սեդի"
	},
	"GTQ": {
		"name": "Գվատեմալական կետսալ"
	},
	"GNF": {
		"name": "Գվինեական ֆրանկ"
	},
	"DKK": {
		"name": "Դանիական կրոն"
	},
	"DOP": {
		"name": "Դոմինիկյան պեսո"
	},
	"EGP": {
		"name": "Եգիպտական ֆունտ"
	},
	"ETB": {
		"name": "Եթովպիական բիր"
	},
	"YER": {
		"name": "Եմենական ռիալ"
	},
	"EUR": {
		"name": "Եվրո",
		"symbol": "€"
	},
	"ZMW": {
		"name": "Զամբիական կվաչա"
	},
	"ERN": {
		"name": "Էրիթրեական նակֆա"
	},
	"THB": {
		"name": "Թայլանդական բատ",
		"symbol": "฿"
	},
	"TWD": {
		"name": "Թայվանական նոր դոլար",
		"symbol": "NT$"
	},
	"TND": {
		"name": "Թունիսյան դինար"
	},
	"TRY": {
		"name": "Թուրքական լիրա"
	},
	"TMT": {
		"name": "Թուրքմենական մանաթ"
	},
	"IDR": {
		"name": "Ինդոնեզիական ռուփի"
	},
	"ISK": {
		"name": "Իսլանդական կրոն"
	},
	"ILS": {
		"name": "Իսրայելի նոր շեկել",
		"symbol": "₪"
	},
	"IRR": {
		"name": "Իրանական ռիալ"
	},
	"IQD": {
		"name": "Իրաքյան դինար"
	},
	"LAK": {
		"name": "Լաոսական կիպ"
	},
	"PLN": {
		"name": "Լեհական զլոտի"
	},
	"LBP": {
		"name": "Լիբանանյան ֆունտ"
	},
	"LRD": {
		"name": "Լիբերիական դոլար"
	},
	"LYD": {
		"name": "Լիբիական դինար"
	},
	"HRK": {
		"name": "Խորվաթական կունա"
	},
	"CVE": {
		"name": "Կաբո Վերդեի էսկուդո"
	},
	"KHR": {
		"name": "Կամբոջական ռիել"
	},
	"KYD": {
		"name": "Կայմանյան կղզիների դոլար"
	},
	"CAD": {
		"name": "Կանադական դոլար",
		"symbol": "CA$"
	},
	"QAR": {
		"name": "Կատարի ռիալ"
	},
	"XAF": {
		"name": "Կենտրոնական Աֆրիկայի ԿՖԱ ֆրանկ",
		"symbol": "FCFA"
	},
	"COP": {
		"name": "Կոլումբիական պեսո"
	},
	"KMF": {
		"name": "Կոմորյան ֆրանկ"
	},
	"CDF": {
		"name": "Կոնգոյի ֆրանկ"
	},
	"CRC": {
		"name": "Կոստա Ռիկայի կոլոն"
	},
	"CUP": {
		"name": "կուբայական պեսո"
	},
	"CUC": {
		"name": "Կուբայական փոխարկվող պեսո"
	},
	"XPF": {
		"name": "ԿՊՖ ֆրանկ",
		"symbol": "CFPF"
	},
	"HTG": {
		"name": "Հայիթյան գուրդ"
	},
	"AMD": {
		"name": "Հայկական դրամ",
		"symbol": "֏"
	},
	"ZAR": {
		"name": "Հարավաֆրիկյան ռանդ"
	},
	"KRW": {
		"name": "Հարավկորեական վոն",
		"symbol": "₩"
	},
	"SSP": {
		"name": "Հարավսուդանական ֆունտ"
	},
	"KPW": {
		"name": "Հյուսիսկորեական վոն"
	},
	"INR": {
		"name": "Հնդկական ռուփի",
		"symbol": "₹"
	},
	"HNL": {
		"name": "Հոնդուրասական լեմպիրա"
	},
	"HKD": {
		"name": "Հոնկոնգի դոլար",
		"symbol": "HK$"
	},
	"JOD": {
		"name": "Հորդանանյան դինար"
	},
	"HUF": {
		"name": "Հունգարական ֆորինտ"
	},
	"KZT": {
		"name": "Ղազախական տենգե"
	},
	"KGS": {
		"name": "Ղրղզական սոմ"
	},
	"JMD": {
		"name": "Ճամայկայի դոլար"
	},
	"JPY": {
		"name": "Ճապոնական իեն",
		"symbol": "JP¥"
	},
	"MGA": {
		"name": "Մադագասկարի արիարի"
	},
	"MYR": {
		"name": "Մալայզիական ռինգիտ"
	},
	"MWK": {
		"name": "Մալավիական կվաչա"
	},
	"MVR": {
		"name": "Մալդիվյան ռուֆիյա"
	},
	"MOP": {
		"name": "Մակաուի պատակա"
	},
	"MKD": {
		"name": "Մակեդոնյան դենար"
	},
	"MUR": {
		"name": "Մավրիկյան ռուփի"
	},
	"MRO": {
		"name": "Մավրիտանական ուգիյա"
	},
	"MAD": {
		"name": "Մարոկկոյի դիրհամ"
	},
	"MXN": {
		"name": "Մեքսիկական պեսո",
		"symbol": "MX$"
	},
	"MMK": {
		"name": "Մյանմայի կյատ"
	},
	"MZN": {
		"name": "Մոզամբիկյան մետիկալ"
	},
	"MDL": {
		"name": "Մոլդովական լեյ"
	},
	"MNT": {
		"name": "Մոնղոլական տուգրիկ"
	},
	"NAD": {
		"name": "Նամիբիական դոլար"
	},
	"NPR": {
		"name": "Նեպալի ռուփի"
	},
	"NGN": {
		"name": "Նիգերիական նայրա"
	},
	"ANG": {
		"name": "Նիդեռլանդական անտիլյան գուլդեն"
	},
	"NIO": {
		"name": "Նիկարագուական կորդոբա"
	},
	"NZD": {
		"name": "Նորզելանդական դոլար",
		"symbol": "NZ$"
	},
	"NOK": {
		"name": "Նորվեգական կրոն"
	},
	"SEK": {
		"name": "Շվեդական կրոն"
	},
	"CHF": {
		"name": "Շվեյցարական ֆրանկ"
	},
	"LKR": {
		"name": "Շրի Լանկայի ռուփի"
	},
	"UGX": {
		"name": "Ուգանդական շիլինգ"
	},
	"UZS": {
		"name": "Ուզբեկական սոմ"
	},
	"UAH": {
		"name": "Ուկրաինական գրիվնա"
	},
	"UYU": {
		"name": "Ուրուգվայական պեսո"
	},
	"CZK": {
		"name": "Չեխական կրոն"
	},
	"CLP": {
		"name": "Չիլիական պեսո"
	},
	"CNY": {
		"name": "Չինական յուան",
		"symbol": "CN¥"
	},
	"PKR": {
		"name": "Պակիստանյան ռուփի"
	},
	"PAB": {
		"name": "Պանամական բալբոա"
	},
	"PGK": {
		"name": "Պապուա Նոր Գվինեայի կինա"
	},
	"PYG": {
		"name": "Պարագվայական գուարանի"
	},
	"PEN": {
		"name": "Պերուի նոր սոլ"
	},
	"DJF": {
		"name": "Ջիբութիի ֆրանկ"
	},
	"GIP": {
		"name": "Ջիբրալթարի ֆունտ"
	},
	"RWF": {
		"name": "Ռուանդական ֆրանկ"
	},
	"RON": {
		"name": "Ռումինական լեյ"
	},
	"RUB": {
		"name": "Ռուսական ռուբլի"
	},
	"WST": {
		"name": "Սամոական տալա"
	},
	"STD": {
		"name": "Սան Տոմե և Փրինսիպիի դոբրա"
	},
	"SAR": {
		"name": "Սաուդյան Արաբիայի ռիալ"
	},
	"SCR": {
		"name": "Սեյշելյան ռուփի"
	},
	"RSD": {
		"name": "Սերբական դինար"
	},
	"SLL": {
		"name": "Սիեռա Լեոնեի լեոնե"
	},
	"SGD": {
		"name": "Սինգապուրի դոլար"
	},
	"SYP": {
		"name": "Սիրիական ֆունտ"
	},
	"SBD": {
		"name": "Սողոմոնի կղզիների դոլար"
	},
	"SOS": {
		"name": "Սոմալիական շիլինգ"
	},
	"SDG": {
		"name": "Սուդանական ֆունտ"
	},
	"SHP": {
		"name": "Սուրբ Հեղինեի ֆունտ"
	},
	"SRD": {
		"name": "Սուրինամի դոլար"
	},
	"SZL": {
		"name": "Սվազիլենդական լիլանգենի"
	},
	"VUV": {
		"name": "Վանուատուի վատու"
	},
	"VEF": {
		"name": "Վենեսուելական բոլիվար"
	},
	"VND": {
		"name": "Վիետնամական դոնգ",
		"symbol": "₫"
	},
	"GEL": {
		"name": "Վրացական լարի"
	},
	"TZS": {
		"name": "Տանզանիական շիլինգ"
	},
	"TJS": {
		"name": "Տաջիկական սոմոնի"
	},
	"TOP": {
		"name": "Տոնգայի պաանգա"
	},
	"TTD": {
		"name": "Տրինիդադ և Տոբագոյի դոլար"
	},
	"KES": {
		"name": "Քենիական շիլինգ"
	},
	"KWD": {
		"name": "Քուվեյթի դինար"
	},
	"OMR": {
		"name": "Օմանի ռիալ"
	},
	"PHP": {
		"name": "Ֆիլիպինյան պեսո"
	},
	"FJD": {
		"name": "Ֆիջիական դոլար"
	},
	"FKP": {
		"name": "Ֆոլքլենդյան կղզիների ֆունտ"
	},
	"LSL": {
		"name": "Lesotho Loti"
	},
	"SVC": {
		"name": "Salvadoran Colón"
	},
	"ZWL": {
		"name": "Zimbabwean Dollar (2009)"
	}
}