{
	"XPF": {
		"name": "CFP フラン",
		"symbol": "CFPF"
	},
	"ISK": {
		"name": "アイスランド クローナ"
	},
	"AZN": {
		"name": "アゼルバイジャン マナト"
	},
	"AFN": {
		"name": "アフガニスタン アフガニー"
	},
	"AED": {
		"name": "アラブ首長国連邦ディルハム"
	},
	"DZD": {
		"name": "アルジェリア ディナール"
	},
	"ARS": {
		"name": "アルゼンチン ペソ"
	},
	"AWG": {
		"name": "アルバ ギルダー"
	},
	"ALL": {
		"name": "アルバニア レク"
	},
	"AMD": {
		"name": "アルメニア ドラム"
	},
	"AOA": {
		"name": "アンゴラ クワンザ"
	},
	"YER": {
		"name": "イエメン リアル"
	},
	"ILS": {
		"name": "イスラエル新シェケル",
		"symbol": "₪"
	},
	"IQD": {
		"name": "イラク ディナール"
	},
	"IRR": {
		"name": "イラン リアル"
	},
	"INR": {
		"name": "インド ルピー",
		"symbol": "₹"
	},
	"IDR": {
		"name": "インドネシア ルピア"
	},
	"UGX": {
		"name": "ウガンダ シリング"
	},
	"UAH": {
		"name": "ウクライナ グリブナ"
	},
	"UZS": {
		"name": "ウズベキスタン スム"
	},
	"UYU": {
		"name": "ウルグアイ ペソ"
	},
	"EGP": {
		"name": "エジプト ポンド"
	},
	"ETB": {
		"name": "エチオピア ブル"
	},
	"ERN": {
		"name": "エリトリア ナクファ"
	},
	"SVC": {
		"name": "エルサルバドル コロン"
	},
	"AUD": {
		"name": "オーストラリア ドル",
		"symbol": "A$"
	},
	"OMR": {
		"name": "オマーン リアル"
	},
	"ANG": {
		"name": "オランダ領アンティル ギルダー"
	},
	"GHS": {
		"name": "ガーナ セディ"
	},
	"CVE": {
		"name": "カーボベルデ エスクード"
	},
	"GYD": {
		"name": "ガイアナ ドル"
	},
	"KZT": {
		"name": "カザフスタン テンゲ"
	},
	"QAR": {
		"name": "カタール リアル"
	},
	"CAD": {
		"name": "カナダ ドル",
		"symbol": "CA$"
	},
	"GMD": {
		"name": "ガンビア ダラシ"
	},
	"KHR": {
		"name": "カンボジア リエル"
	},
	"GNF": {
		"name": "ギニア フラン"
	},
	"CUP": {
		"name": "キューバ ペソ"
	},
	"CUC": {
		"name": "キューバ 兌換ペソ"
	},
	"KGS": {
		"name": "キルギスタン ソム"
	},
	"GTQ": {
		"name": "グアテマラ ケツァル"
	},
	"KWD": {
		"name": "クウェート ディナール"
	},
	"HRK": {
		"name": "クロアチア クーナ"
	},
	"KYD": {
		"name": "ケイマン諸島 ドル"
	},
	"KES": {
		"name": "ケニア シリング"
	},
	"CRC": {
		"name": "コスタリカ コロン"
	},
	"KMF": {
		"name": "コモロ フラン"
	},
	"COP": {
		"name": "コロンビア ペソ"
	},
	"CDF": {
		"name": "コンゴ フラン"
	},
	"SAR": {
		"name": "サウジ リヤル"
	},
	"WST": {
		"name": "サモア タラ"
	},
	"STD": {
		"name": "サントメ・プリンシペ ドブラ"
	},
	"ZMW": {
		"name": "ザンビア クワチャ"
	},
	"SLL": {
		"name": "シエラレオネ レオン"
	},
	"DJF": {
		"name": "ジブチ フラン"
	},
	"GIP": {
		"name": "ジブラルタル ポンド"
	},
	"JMD": {
		"name": "ジャマイカ ドル"
	},
	"GEL": {
		"name": "ジョージア ラリ"
	},
	"SYP": {
		"name": "シリア ポンド"
	},
	"SGD": {
		"name": "シンガポール ドル"
	},
	"ZWL": {
		"name": "ジンバブエ ドル (2009)"
	},
	"CHF": {
		"name": "スイス フラン"
	},
	"SEK": {
		"name": "スウェーデン クローナ"
	},
	"SDG": {
		"name": "スーダン ポンド"
	},
	"SRD": {
		"name": "スリナム ドル"
	},
	"LKR": {
		"name": "スリランカ ルピー"
	},
	"SZL": {
		"name": "スワジランド リランゲニ"
	},
	"SCR": {
		"name": "セーシェル ルピー"
	},
	"SHP": {
		"name": "セントヘレナ島 ポンド"
	},
	"SOS": {
		"name": "ソマリア シリング"
	},
	"SBD": {
		"name": "ソロモン諸島 ドル"
	},
	"THB": {
		"name": "タイ バーツ"
	},
	"TJS": {
		"name": "タジキスタン ソモニ"
	},
	"TZS": {
		"name": "タンザニア シリング"
	},
	"CZK": {
		"name": "チェコ コルナ"
	},
	"TND": {
		"name": "チュニジア ディナール"
	},
	"CLP": {
		"name": "チリ ペソ"
	},
	"RSD": {
		"name": "ディナール (セルビア)"
	},
	"DKK": {
		"name": "デンマーク クローネ"
	},
	"DOP": {
		"name": "ドミニカ ペソ"
	},
	"TTD": {
		"name": "トリニダードトバゴ ドル"
	},
	"TMT": {
		"name": "トルクメニスタン マナト"
	},
	"TOP": {
		"name": "トンガ パ・アンガ"
	},
	"NGN": {
		"name": "ナイジェリア ナイラ"
	},
	"NAD": {
		"name": "ナミビア ドル"
	},
	"NIO": {
		"name": "ニカラグア コルドバ オロ"
	},
	"NZD": {
		"name": "ニュージーランド ドル",
		"symbol": "NZ$"
	},
	"NPR": {
		"name": "ネパール ルピー"
	},
	"NOK": {
		"name": "ノルウェー クローネ"
	},
	"BHD": {
		"name": "バーレーン ディナール"
	},
	"HTG": {
		"name": "ハイチ グールド"
	},
	"PKR": {
		"name": "パキスタン ルピー"
	},
	"PAB": {
		"name": "パナマ バルボア"
	},
	"VUV": {
		"name": "バヌアツ バツ"
	},
	"BSD": {
		"name": "バハマ ドル"
	},
	"PGK": {
		"name": "パプアニューギニア キナ"
	},
	"BMD": {
		"name": "バミューダ ドル"
	},
	"PYG": {
		"name": "パラグアイ グアラニ"
	},
	"BBD": {
		"name": "バルバドス ドル"
	},
	"HUF": {
		"name": "ハンガリー フォリント"
	},
	"BDT": {
		"name": "バングラデシュ タカ"
	},
	"FJD": {
		"name": "フィジー諸島 ドル"
	},
	"PHP": {
		"name": "フィリピン ペソ"
	},
	"BTN": {
		"name": "ブータン ニュルタム"
	},
	"FKP": {
		"name": "フォークランド（マルビナス）諸島 ポンド"
	},
	"BRL": {
		"name": "ブラジル レアル",
		"symbol": "R$"
	},
	"BGN": {
		"name": "ブルガリア 新レフ"
	},
	"BND": {
		"name": "ブルネイ ドル"
	},
	"BIF": {
		"name": "ブルンジ フラン"
	},
	"VND": {
		"name": "ベトナム ドン",
		"symbol": "₫"
	},
	"VEF": {
		"name": "ベネズエラ ボリバル"
	},
	"BYN": {
		"name": "ベラルーシ ルーブル"
	},
	"BYR": {
		"name": "ベラルーシ ルーブル (2000–2016)"
	},
	"BZD": {
		"name": "ベリーズ ドル"
	},
	"PEN": {
		"name": "ペルー 新ソル"
	},
	"PLN": {
		"name": "ポーランド ズウォティ"
	},
	"BAM": {
		"name": "ボスニア マルク (BAM)"
	},
	"BWP": {
		"name": "ボツワナ プラ"
	},
	"BOB": {
		"name": "ボリビア ボリビアーノ"
	},
	"HNL": {
		"name": "ホンジュラス レンピラ"
	},
	"MOP": {
		"name": "マカオ パタカ"
	},
	"MKD": {
		"name": "マケドニア デナル"
	},
	"MGA": {
		"name": "マダガスカル アリアリ"
	},
	"MWK": {
		"name": "マラウィ クワチャ"
	},
	"MYR": {
		"name": "マレーシア リンギット"
	},
	"MMK": {
		"name": "ミャンマー チャット"
	},
	"MXN": {
		"name": "メキシコ ペソ",
		"symbol": "MX$"
	},
	"MUR": {
		"name": "モーリシャス ルピー"
	},
	"MRO": {
		"name": "モーリタニア ウギア"
	},
	"MZN": {
		"name": "モザンビーク メティカル"
	},
	"MVR": {
		"name": "モルディブ諸島 ルフィア"
	},
	"MDL": {
		"name": "モルドバ レイ"
	},
	"MAD": {
		"name": "モロッコ ディルハム"
	},
	"MNT": {
		"name": "モンゴル トグログ"
	},
	"EUR": {
		"name": "ユーロ",
		"symbol": "€"
	},
	"JOD": {
		"name": "ヨルダン ディナール"
	},
	"LAK": {
		"name": "ラオス キープ"
	},
	"LYD": {
		"name": "リビア ディナール"
	},
	"LRD": {
		"name": "リベリア ドル"
	},
	"RON": {
		"name": "ルーマニア レイ"
	},
	"RWF": {
		"name": "ルワンダ フラン"
	},
	"LSL": {
		"name": "レソト ロティ"
	},
	"LBP": {
		"name": "レバノン ポンド"
	},
	"RUB": {
		"name": "ロシア ルーブル"
	},
	"GBP": {
		"name": "英国ポンド",
		"symbol": "£"
	},
	"KRW": {
		"name": "韓国ウォン",
		"symbol": "₩"
	},
	"HKD": {
		"name": "香港ドル",
		"symbol": "HK$"
	},
	"TRY": {
		"name": "新トルコリラ"
	},
	"TWD": {
		"name": "新台湾ドル",
		"symbol": "NT$"
	},
	"XOF": {
		"name": "西アフリカ CFA フラン",
		"symbol": "CFA"
	},
	"XAF": {
		"name": "中央アフリカ CFA フラン",
		"symbol": "FCFA"
	},
	"CNY": {
		"name": "中国人民元",
		"symbol": "元"
	},
	"XCD": {
		"name": "東カリブ ドル",
		"symbol": "EC$"
	},
	"ZAR": {
		"name": "南アフリカ ランド"
	},
	"SSP": {
		"name": "南スーダン ポンド"
	},
	"JPY": {
		"name": "日本円",
		"symbol": "￥"
	},
	"USD": {
		"name": "米ドル",
		"symbol": "$"
	},
	"KPW": {
		"name": "北朝鮮ウォン"
	}
}