{
	"AFN": {
		"name": "Afghan Afghani"
	},
	"ALL": {
		"name": "Albanian Lek"
	},
	"ARS": {
		"name": "Argentine Peso"
	},
	"MGA": {
		"name": "Ariari di Madagaskar"
	},
	"AMD": {
		"name": "Armenian Dram"
	},
	"AWG": {
		"name": "Aruban Florin"
	},
	"AZN": {
		"name": "Azerbaijani Manat"
	},
	"BSD": {
		"name": "Bahamian Dollar"
	},
	"THB": {
		"name": "Baht tailandes",
		"symbol": "฿"
	},
	"BDT": {
		"name": "Bangladeshi Taka"
	},
	"BBD": {
		"name": "Barbadian Dollar"
	},
	"BYN": {
		"name": "Belarusian Ruble"
	},
	"BYR": {
		"name": "Belarusian Ruble (2000–2016)"
	},
	"BZD": {
		"name": "Belize Dollar"
	},
	"BMD": {
		"name": "Bermudan Dollar"
	},
	"BTN": {
		"name": "Bhutanese Ngultrum"
	},
	"ETB": {
		"name": "Bir etiopi"
	},
	"BOB": {
		"name": "Bolivian Boliviano"
	},
	"BAM": {
		"name": "Bosnia-Herzegovina Convertible Mark"
	},
	"BND": {
		"name": "Brunei Dollar"
	},
	"BGN": {
		"name": "Bulgarian Lev"
	},
	"KHR": {
		"name": "Cambodian Riel"
	},
	"KYD": {
		"name": "Cayman Islands Dollar"
	},
	"XPF": {
		"name": "CFP Franc",
		"symbol": "CFPF"
	},
	"CLP": {
		"name": "Chilean Peso"
	},
	"COP": {
		"name": "Colombian Peso"
	},
	"CRC": {
		"name": "Costa Rican Colón"
	},
	"HRK": {
		"name": "Croatian Kuna"
	},
	"CUC": {
		"name": "Cuban Convertible Peso"
	},
	"CUP": {
		"name": "Cuban Peso"
	},
	"CZK": {
		"name": "Czech Republic Koruna"
	},
	"GMD": {
		"name": "Dalasi"
	},
	"DZD": {
		"name": "Dinar arjelinu"
	},
	"BHD": {
		"name": "Dinar di Barain"
	},
	"LYD": {
		"name": "Dinar libiu"
	},
	"TND": {
		"name": "Dinar tunizianu"
	},
	"AED": {
		"name": "Diren di Emiradus Arabi Unidu"
	},
	"MAD": {
		"name": "Diren marokinu"
	},
	"STD": {
		"name": "Dobra di Sãu Tume i Prínsipi"
	},
	"AUD": {
		"name": "Dola australianu",
		"symbol": "AU$"
	},
	"HKD": {
		"name": "Dola di Ong Kong",
		"symbol": "HK$"
	},
	"CAD": {
		"name": "Dola kanadianu",
		"symbol": "CA$"
	},
	"LRD": {
		"name": "Dola liberianu"
	},
	"USD": {
		"name": "Dola merkanu",
		"symbol": "US$"
	},
	"NAD": {
		"name": "Dola namibianu"
	},
	"TWD": {
		"name": "Dola Novu di Taiwan",
		"symbol": "NT$"
	},
	"DOP": {
		"name": "Dominican Peso"
	},
	"XCD": {
		"name": "East Caribbean Dollar",
		"symbol": "EC$"
	},
	"EUR": {
		"name": "Euro",
		"symbol": "€"
	},
	"FKP": {
		"name": "Falkland Islands Pound"
	},
	"FJD": {
		"name": "Fijian Dollar"
	},
	"BIF": {
		"name": "Franku borundes"
	},
	"XOF": {
		"name": "Franku CFA (BCEAO)",
		"symbol": "CFA"
	},
	"XAF": {
		"name": "Franku CFA (BEAC)",
		"symbol": "FCFA"
	},
	"DJF": {
		"name": "Franku di Djibuti"
	},
	"KMF": {
		"name": "Franku di Komoris"
	},
	"CDF": {
		"name": "Franku kongoles"
	},
	"RWF": {
		"name": "Franku ruandes"
	},
	"CHF": {
		"name": "Franku suisu"
	},
	"GEL": {
		"name": "Georgian Lari"
	},
	"GHS": {
		"name": "Ghanaian Cedi"
	},
	"GIP": {
		"name": "Gibraltar Pound"
	},
	"GTQ": {
		"name": "Guatemalan Quetzal"
	},
	"GNF": {
		"name": "Guinean Franc"
	},
	"GYD": {
		"name": "Guyanaese Dollar"
	},
	"HTG": {
		"name": "Haitian Gourde"
	},
	"HNL": {
		"name": "Honduran Lempira"
	},
	"HUF": {
		"name": "Hungarian Forint"
	},
	"ISK": {
		"name": "Icelandic Króna"
	},
	"JPY": {
		"name": "Ieni japones",
		"symbol": "JP¥"
	},
	"IRR": {
		"name": "Iranian Rial"
	},
	"IQD": {
		"name": "Iraqi Dinar"
	},
	"ILS": {
		"name": "Israeli New Shekel",
		"symbol": "₪"
	},
	"CNY": {
		"name": "Iuan xines",
		"symbol": "CN¥"
	},
	"JMD": {
		"name": "Jamaican Dollar"
	},
	"JOD": {
		"name": "Jordanian Dinar"
	},
	"KZT": {
		"name": "Kazakhstani Tenge"
	},
	"AOA": {
		"name": "Kuanza"
	},
	"MWK": {
		"name": "Kuaxa di Malaui"
	},
	"ZMW": {
		"name": "Kuaxa zambianu"
	},
	"DKK": {
		"name": "Kuroa dinamarkeza"
	},
	"NOK": {
		"name": "Kuroa norueges"
	},
	"SEK": {
		"name": "Kuroa sueku"
	},
	"KWD": {
		"name": "Kuwaiti Dinar"
	},
	"KGS": {
		"name": "Kyrgystani Som"
	},
	"LAK": {
		"name": "Laotian Kip"
	},
	"LBP": {
		"name": "Lebanese Pound"
	},
	"SLL": {
		"name": "Leone di Sera Leoa"
	},
	"GBP": {
		"name": "Libra britaniku",
		"symbol": "£"
	},
	"SHP": {
		"name": "Libra di Santa Ilena"
	},
	"EGP": {
		"name": "Libra ejipsiu"
	},
	"SDG": {
		"name": "Libra sudanes"
	},
	"SZL": {
		"name": "Lilanjeni"
	},
	"TRY": {
		"name": "Lira turku"
	},
	"LSL": {
		"name": "Loti di Lezotu"
	},
	"MOP": {
		"name": "Macanese Pataca"
	},
	"MKD": {
		"name": "Macedonian Denar"
	},
	"MYR": {
		"name": "Malaysian Ringgit"
	},
	"MVR": {
		"name": "Maldivian Rufiyaa"
	},
	"MDL": {
		"name": "Moldovan Leu"
	},
	"MNT": {
		"name": "Mongolian Tugrik"
	},
	"MZN": {
		"name": "Mozambican Metical"
	},
	"MMK": {
		"name": "Myanmar Kyat"
	},
	"ERN": {
		"name": "Nafka di Eritreia"
	},
	"NGN": {
		"name": "Naira"
	},
	"NPR": {
		"name": "Nepalese Rupee"
	},
	"ANG": {
		"name": "Netherlands Antillean Guilder"
	},
	"NZD": {
		"name": "New Zealand Dollar",
		"symbol": "NZ$"
	},
	"NIO": {
		"name": "Nicaraguan Córdoba"
	},
	"KPW": {
		"name": "North Korean Won"
	},
	"OMR": {
		"name": "Omani Rial"
	},
	"MRO": {
		"name": "Ougia"
	},
	"PKR": {
		"name": "Pakistani Rupee"
	},
	"PAB": {
		"name": "Panamanian Balboa"
	},
	"PGK": {
		"name": "Papua New Guinean Kina"
	},
	"PYG": {
		"name": "Paraguayan Guarani"
	},
	"PEN": {
		"name": "Peruvian Sol"
	},
	"MXN": {
		"name": "Pezu mexikanu",
		"symbol": "MX$"
	},
	"PHP": {
		"name": "Philippine Peso"
	},
	"BWP": {
		"name": "Pula di Botsuana"
	},
	"QAR": {
		"name": "Qatari Rial"
	},
	"ZAR": {
		"name": "Rand sulafrikanu"
	},
	"BRL": {
		"name": "Rial brazileru",
		"symbol": "R$"
	},
	"SAR": {
		"name": "Rial saudita"
	},
	"RON": {
		"name": "Romanian Leu"
	},
	"RUB": {
		"name": "Rublu rusu"
	},
	"MUR": {
		"name": "Rupia di Maurisias"
	},
	"SCR": {
		"name": "Rupia di Seixelis"
	},
	"INR": {
		"name": "Rupia indianu",
		"symbol": "₹"
	},
	"IDR": {
		"name": "Rupia indoneziu"
	},
	"SVC": {
		"name": "Salvadoran Colón"
	},
	"WST": {
		"name": "Samoan Tala"
	},
	"RSD": {
		"name": "Serbian Dinar"
	},
	"SGD": {
		"name": "Singapore Dollar"
	},
	"CVE": {
		"name": "Skudu Kabuverdianu",
		"symbol": "​"
	},
	"SBD": {
		"name": "Solomon Islands Dollar"
	},
	"SSP": {
		"name": "South Sudanese Pound"
	},
	"LKR": {
		"name": "Sri Lankan Rupee"
	},
	"SRD": {
		"name": "Surinamese Dollar"
	},
	"SYP": {
		"name": "Syrian Pound"
	},
	"TJS": {
		"name": "Tajikistani Somoni"
	},
	"TOP": {
		"name": "Tongan Paʻanga"
	},
	"TTD": {
		"name": "Trinidad & Tobago Dollar"
	},
	"TMT": {
		"name": "Turkmenistani Manat"
	},
	"UAH": {
		"name": "Ukrainian Hryvnia"
	},
	"UYU": {
		"name": "Uruguayan Peso"
	},
	"UZS": {
		"name": "Uzbekistani Som"
	},
	"VUV": {
		"name": "Vanuatu Vatu"
	},
	"VEF": {
		"name": "Venezuelan Bolívar"
	},
	"VND": {
		"name": "Vietnamese Dong",
		"symbol": "₫"
	},
	"KRW": {
		"name": "Won sul-koreanu",
		"symbol": "₩"
	},
	"TZS": {
		"name": "Xelin di Tanzania"
	},
	"KES": {
		"name": "Xelin kenianu"
	},
	"SOS": {
		"name": "Xelin somalianu"
	},
	"UGX": {
		"name": "Xelin ugandensi"
	},
	"YER": {
		"name": "Yemeni Rial"
	},
	"ZWL": {
		"name": "Zimbabwean Dollar (2009)"
	},
	"PLN": {
		"name": "Zloty polaku"
	}
}