{
	"AFN": {
		"name": "Afganistānas afgāns"
	},
	"ALL": {
		"name": "Albānijas leks"
	},
	"DZD": {
		"name": "Alžīrijas dinārs"
	},
	"AOA": {
		"name": "Angolas kvanza"
	},
	"AED": {
		"name": "Apvienoto Arābu Emirātu dirhēms"
	},
	"ARS": {
		"name": "Argentīnas peso"
	},
	"AMD": {
		"name": "Armēnijas drams"
	},
	"AWG": {
		"name": "Arubas guldenis"
	},
	"USD": {
		"name": "ASV dolārs",
		"symbol": "$"
	},
	"AUD": {
		"name": "Austrālijas dolārs",
		"symbol": "AU$"
	},
	"XCD": {
		"name": "Austrumkarību dolārs",
		"symbol": "EC$"
	},
	"AZN": {
		"name": "Azerbaidžānas manats"
	},
	"BSD": {
		"name": "Bahamu dolārs"
	},
	"BHD": {
		"name": "Bahreinas dinārs"
	},
	"BYN": {
		"name": "Baltkrievijas rubelis"
	},
	"BYR": {
		"name": "Baltkrievijas rubelis (2000–2016)"
	},
	"BDT": {
		"name": "Bangladešas taka"
	},
	"BBD": {
		"name": "Barbadosas dolārs"
	},
	"BZD": {
		"name": "Belizas dolārs"
	},
	"BMD": {
		"name": "Bermudu dolārs"
	},
	"BOB": {
		"name": "Bolīvijas boliviano"
	},
	"BAM": {
		"name": "Bosnijas un Hercogovinas konvertējamā marka"
	},
	"BWP": {
		"name": "Botsvanas pula"
	},
	"BRL": {
		"name": "Brazīlijas reāls",
		"symbol": "R$"
	},
	"BND": {
		"name": "Brunejas dolārs"
	},
	"BGN": {
		"name": "Bulgārijas leva"
	},
	"BIF": {
		"name": "Burundi franks"
	},
	"BTN": {
		"name": "Butānas ngultrums"
	},
	"XAF": {
		"name": "Centrālāfrikas CFA franks",
		"symbol": "FCFA"
	},
	"XPF": {
		"name": "CFP franks",
		"symbol": "CFPF"
	},
	"CZK": {
		"name": "Čehijas krona"
	},
	"CLP": {
		"name": "Čīles peso"
	},
	"DKK": {
		"name": "Dānijas krona"
	},
	"ZAR": {
		"name": "Dienvidāfrikas rends"
	},
	"KRW": {
		"name": "Dienvidkorejas vona",
		"symbol": "₩"
	},
	"SSP": {
		"name": "Dienvidsudānas mārciņa"
	},
	"DOP": {
		"name": "Dominikānas peso"
	},
	"DJF": {
		"name": "Džibutijas franks"
	},
	"EGP": {
		"name": "Ēģiptes mārciņa"
	},
	"EUR": {
		"name": "eiro",
		"symbol": "€"
	},
	"ERN": {
		"name": "Eritrejas nakfa"
	},
	"ETB": {
		"name": "Etiopijas birs"
	},
	"FJD": {
		"name": "Fidži dolārs"
	},
	"PHP": {
		"name": "Filipīnu peso"
	},
	"FKP": {
		"name": "Folklenda Salu mārciņa"
	},
	"GYD": {
		"name": "Gajānas dolārs"
	},
	"GMD": {
		"name": "Gambijas dalasi"
	},
	"GHS": {
		"name": "Ganas sedi"
	},
	"GIP": {
		"name": "Gibraltāra mārciņa"
	},
	"GEL": {
		"name": "Gruzijas lari"
	},
	"GTQ": {
		"name": "Gvatemalas ketsals"
	},
	"GNF": {
		"name": "Gvinejas franks"
	},
	"HTG": {
		"name": "Haiti gurds"
	},
	"HNL": {
		"name": "Hondurasas lempīra"
	},
	"HKD": {
		"name": "Honkongas dolārs",
		"symbol": "HK$"
	},
	"HRK": {
		"name": "Horvātijas kuna"
	},
	"INR": {
		"name": "Indijas rūpija",
		"symbol": "₹"
	},
	"IDR": {
		"name": "Indonēzijas rūpija"
	},
	"IQD": {
		"name": "Irākas dinārs"
	},
	"IRR": {
		"name": "Irānas riāls"
	},
	"ISK": {
		"name": "Īslandes krona"
	},
	"ILS": {
		"name": "Izraēlas šekelis",
		"symbol": "₪"
	},
	"JMD": {
		"name": "Jamaikas dolārs"
	},
	"JPY": {
		"name": "Japānas jena",
		"symbol": "¥"
	},
	"NZD": {
		"name": "Jaunzēlandes dolārs",
		"symbol": "NZ$"
	},
	"YER": {
		"name": "Jemenas riāls"
	},
	"JOD": {
		"name": "Jordānas dinārs"
	},
	"CVE": {
		"name": "Kaboverdes eskudo"
	},
	"KYD": {
		"name": "Kaimanu salu dolārs"
	},
	"KHR": {
		"name": "Kambodžas riels"
	},
	"CAD": {
		"name": "Kanādas dolārs",
		"symbol": "CA$"
	},
	"QAR": {
		"name": "Kataras riāls"
	},
	"KZT": {
		"name": "Kazahstānas tenge"
	},
	"CDF": {
		"name": "KDR franks"
	},
	"KES": {
		"name": "Kenijas šiliņš"
	},
	"KGS": {
		"name": "Kirgizstānas soms"
	},
	"COP": {
		"name": "Kolumbijas peso"
	},
	"KMF": {
		"name": "Komoru franks"
	},
	"CRC": {
		"name": "Kostarikas kolons"
	},
	"RUB": {
		"name": "Krievijas rublis"
	},
	"CUC": {
		"name": "Kubas konvertējamais peso"
	},
	"CUP": {
		"name": "Kubas peso"
	},
	"KWD": {
		"name": "Kuveitas dinārs"
	},
	"CNY": {
		"name": "Ķīnas juaņs",
		"symbol": "CN¥"
	},
	"LAK": {
		"name": "Laosas kips"
	},
	"LSL": {
		"name": "Lesoto loti"
	},
	"LBP": {
		"name": "Libānas mārciņa"
	},
	"LRD": {
		"name": "Libērijas dolārs"
	},
	"LYD": {
		"name": "Lībijas dinārs"
	},
	"GBP": {
		"name": "Lielbritānijas mārciņa",
		"symbol": "£"
	},
	"MGA": {
		"name": "Madagaskaras ariari"
	},
	"MOP": {
		"name": "Makao pataka"
	},
	"MKD": {
		"name": "Maķedonijas denārs"
	},
	"MYR": {
		"name": "Malaizijas ringits"
	},
	"MWK": {
		"name": "Malāvijas kvača"
	},
	"MVR": {
		"name": "Maldīvijas rūfija"
	},
	"MAD": {
		"name": "Marokas dirhēms"
	},
	"MUR": {
		"name": "Maurīcijas rūpija"
	},
	"MRO": {
		"name": "Mauritānijas ugija"
	},
	"MXN": {
		"name": "Meksikas peso",
		"symbol": "MX$"
	},
	"MMK": {
		"name": "Mjanmas kjats"
	},
	"MDL": {
		"name": "Moldovas leja"
	},
	"MNT": {
		"name": "Mongolijas tugriks"
	},
	"MZN": {
		"name": "Mozambikas metikals"
	},
	"NAD": {
		"name": "Namībijas dolārs"
	},
	"NPR": {
		"name": "Nepālas rūpija"
	},
	"ANG": {
		"name": "Nīderlandes Antiļu guldenis"
	},
	"NGN": {
		"name": "Nigērijas naira"
	},
	"NIO": {
		"name": "Nikaragvas kordoba"
	},
	"NOK": {
		"name": "Norvēģijas krona"
	},
	"OMR": {
		"name": "Omānas riāls"
	},
	"PKR": {
		"name": "Pakistānas rūpija"
	},
	"PAB": {
		"name": "Panamas balboa"
	},
	"PGK": {
		"name": "Papua-Jaungvinejas kina"
	},
	"PYG": {
		"name": "Paragvajas guarani"
	},
	"PEN": {
		"name": "Peru jaunais sols"
	},
	"PLN": {
		"name": "Polijas zlots"
	},
	"XOF": {
		"name": "Rietumāfrikas CFA franks",
		"symbol": "CFA"
	},
	"RWF": {
		"name": "Ruandas franks"
	},
	"RON": {
		"name": "Rumānijas leja"
	},
	"SVC": {
		"name": "Salvadoras kolons"
	},
	"WST": {
		"name": "Samoa tala"
	},
	"STD": {
		"name": "Santome un Prinsipi dobra"
	},
	"SAR": {
		"name": "Saūda riāls"
	},
	"SCR": {
		"name": "Seišelu salu rūpija"
	},
	"RSD": {
		"name": "Serbijas dinārs"
	},
	"SGD": {
		"name": "Singapūras dolārs"
	},
	"SYP": {
		"name": "Sīrijas mārciņa"
	},
	"SLL": {
		"name": "Sjerraleones leone"
	},
	"SOS": {
		"name": "Somālijas šiliņš"
	},
	"SDG": {
		"name": "Sudānas mārciņa"
	},
	"SRD": {
		"name": "Surinamas dolārs"
	},
	"SHP": {
		"name": "Sv.Helēnas salas mārciņa"
	},
	"SZL": {
		"name": "Svazilendas lilangeni"
	},
	"LKR": {
		"name": "Šrilankas rūpija"
	},
	"CHF": {
		"name": "Šveices franks"
	},
	"TJS": {
		"name": "Tadžikistānas somons"
	},
	"TWD": {
		"name": "Taivānas jaunais dolārs",
		"symbol": "NT$"
	},
	"THB": {
		"name": "Taizemes bāts",
		"symbol": "฿"
	},
	"TZS": {
		"name": "Tanzānijas šiliņš"
	},
	"TOP": {
		"name": "Tongas paanga"
	},
	"TTD": {
		"name": "Trinidādas un Tobāgo dolārs"
	},
	"TND": {
		"name": "Tunisijas dinārs"
	},
	"TRY": {
		"name": "Turcijas lira"
	},
	"TMT": {
		"name": "Turkmenistānas manats"
	},
	"UGX": {
		"name": "Ugandas šiliņš"
	},
	"UAH": {
		"name": "Ukrainas grivna"
	},
	"HUF": {
		"name": "Ungārijas forints"
	},
	"UYU": {
		"name": "Urugvajas peso"
	},
	"UZS": {
		"name": "Uzbekistānas sums"
	},
	"VUV": {
		"name": "Vanuatu vatu"
	},
	"VEF": {
		"name": "Venecuēlas bolivārs"
	},
	"VND": {
		"name": "Vjetnamas dongi",
		"symbol": "₫"
	},
	"SBD": {
		"name": "Zālamana Salu dolārs"
	},
	"ZMW": {
		"name": "Zambijas kvača"
	},
	"KPW": {
		"name": "Ziemeļkorejas vona"
	},
	"ZWL": {
		"name": "Zimbabves dolārs (2009)"
	},
	"SEK": {
		"name": "Zviedrijas krona"
	}
}