{
	"AFN": {
		"name": "afghanske afghani"
	},
	"ALL": {
		"name": "albanske lek"
	},
	"DZD": {
		"name": "algeriske dinarer"
	},
	"USD": {
		"name": "amerikanske dollar"
	},
	"AOA": {
		"name": "angolanske kwanza"
	},
	"ARS": {
		"name": "argentinske pesos"
	},
	"AMD": {
		"name": "armenske dram"
	},
	"AWG": {
		"name": "arubiske floriner"
	},
	"AZN": {
		"name": "aserbajdsjanske manat"
	},
	"AUD": {
		"name": "australske dollar"
	},
	"BSD": {
		"name": "bahamanske dollar"
	},
	"BHD": {
		"name": "bahrainske dinarer"
	},
	"BDT": {
		"name": "bangladeshiske taka"
	},
	"BBD": {
		"name": "barbadiske dollar"
	},
	"BZD": {
		"name": "beliziske dollar"
	},
	"BMD": {
		"name": "bermudiske dollar"
	},
	"BTN": {
		"name": "bhutanske ngultrum"
	},
	"BOB": {
		"name": "bolivianske boliviano"
	},
	"BAM": {
		"name": "bosnisk-hercegovinske konvertible mark"
	},
	"BWP": {
		"name": "botswanske pula"
	},
	"BRL": {
		"name": "brasilianske real"
	},
	"GBP": {
		"name": "britiske pund",
		"symbol": "£"
	},
	"BND": {
		"name": "bruneiske dollar"
	},
	"BGN": {
		"name": "bulgarske lev"
	},
	"BIF": {
		"name": "burundiske franc"
	},
	"KYD": {
		"name": "caymanske dollar"
	},
	"XPF": {
		"name": "CFP-franc"
	},
	"CLP": {
		"name": "chilenske pesos"
	},
	"COP": {
		"name": "colombianske pesos"
	},
	"CRC": {
		"name": "costaricanske colón"
	},
	"DKK": {
		"name": "danske kroner"
	},
	"DJF": {
		"name": "djiboutiske franc"
	},
	"DOP": {
		"name": "dominikanske pesos"
	},
	"EGP": {
		"name": "egyptiske pund"
	},
	"AED": {
		"name": "emiratarabiske dirham"
	},
	"ERN": {
		"name": "eritreiske nakfa"
	},
	"ETB": {
		"name": "etiopiske birr"
	},
	"EUR": {
		"name": "euro",
		"symbol": "€"
	},
	"FKP": {
		"name": "falklandspund"
	},
	"FJD": {
		"name": "fijianske dollar"
	},
	"PHP": {
		"name": "filippinske pesos"
	},
	"GMD": {
		"name": "gambiske dalasi"
	},
	"GEL": {
		"name": "georgiske lari"
	},
	"GHS": {
		"name": "ghanesiske cedi"
	},
	"GIP": {
		"name": "gibraltarske pund"
	},
	"GTQ": {
		"name": "guatemalanske quetzal"
	},
	"GNF": {
		"name": "guineanske franc"
	},
	"GYD": {
		"name": "guyanske dollar"
	},
	"HTG": {
		"name": "haitiske gourde"
	},
	"HNL": {
		"name": "honduranske lempira"
	},
	"HKD": {
		"name": "Hongkong-dollar"
	},
	"BYN": {
		"name": "hviterussiske rubler"
	},
	"BYR": {
		"name": "hviterussiske rubler (2000–2016)"
	},
	"INR": {
		"name": "indiske rupier"
	},
	"IDR": {
		"name": "indonesiske rupier"
	},
	"IQD": {
		"name": "irakske dinarer"
	},
	"IRR": {
		"name": "iranske rialer"
	},
	"ISK": {
		"name": "islandske kroner"
	},
	"JMD": {
		"name": "jamaikanske dollar"
	},
	"JPY": {
		"name": "japanske yen"
	},
	"YER": {
		"name": "jemenittiske rialer"
	},
	"JOD": {
		"name": "jordanske dinarer"
	},
	"KHR": {
		"name": "kambodsjanske riel"
	},
	"CAD": {
		"name": "kanadiske dollar"
	},
	"CVE": {
		"name": "kappverdiske escudos"
	},
	"KZT": {
		"name": "kasakhstanske tenge"
	},
	"KES": {
		"name": "kenyanske shilling"
	},
	"CNY": {
		"name": "kinesiske yuan"
	},
	"KGS": {
		"name": "kirgisiske som"
	},
	"KMF": {
		"name": "komoriske franc"
	},
	"CDF": {
		"name": "kongolesiske franc"
	},
	"HRK": {
		"name": "kroatiske kuna"
	},
	"CUC": {
		"name": "kubanske konvertible pesos"
	},
	"CUP": {
		"name": "kubanske pesos"
	},
	"KWD": {
		"name": "kuwaitiske dinarer"
	},
	"LAK": {
		"name": "laotiske kip"
	},
	"LSL": {
		"name": "lesothiske loti"
	},
	"LBP": {
		"name": "libanesiske pund"
	},
	"LRD": {
		"name": "liberiske dollar"
	},
	"LYD": {
		"name": "libyske dinarer"
	},
	"MGA": {
		"name": "madagassiske ariary"
	},
	"MOP": {
		"name": "makaoiske pataca"
	},
	"MKD": {
		"name": "makedonske denarer"
	},
	"MWK": {
		"name": "malawiske kwacha"
	},
	"MYR": {
		"name": "malaysiske ringgit"
	},
	"MVR": {
		"name": "maldiviske rufiyaa"
	},
	"MAD": {
		"name": "marokkanske dirham"
	},
	"MRO": {
		"name": "mauritanske ouguiya"
	},
	"MUR": {
		"name": "mauritiske rupier"
	},
	"MXN": {
		"name": "meksikanske pesos"
	},
	"MDL": {
		"name": "moldovske leu"
	},
	"MNT": {
		"name": "mongolske tugrik"
	},
	"MZN": {
		"name": "mosambikiske metical"
	},
	"MMK": {
		"name": "myanmarske kyat"
	},
	"NAD": {
		"name": "namibiske dollar"
	},
	"ANG": {
		"name": "nederlandske antillegylden"
	},
	"NPR": {
		"name": "nepalske rupier"
	},
	"NZD": {
		"name": "newzealandske dollar"
	},
	"NIO": {
		"name": "nicaraguanske córdoba"
	},
	"NGN": {
		"name": "nigerianske naira"
	},
	"KPW": {
		"name": "nordkoreanske won"
	},
	"NOK": {
		"name": "norske kroner",
		"symbol": "kr"
	},
	"ILS": {
		"name": "nye israelske shekler"
	},
	"TWD": {
		"name": "nye taiwanske dollar"
	},
	"OMR": {
		"name": "omanske rialer"
	},
	"PKR": {
		"name": "pakistanske rupier"
	},
	"PAB": {
		"name": "panamanske balboa"
	},
	"PGK": {
		"name": "papuanske kina"
	},
	"PYG": {
		"name": "paraguayanske guarani"
	},
	"PEN": {
		"name": "peruanske nuevo sol"
	},
	"PLN": {
		"name": "polske zloty"
	},
	"QAR": {
		"name": "qatarske rialer"
	},
	"RON": {
		"name": "rumenske leu"
	},
	"RUB": {
		"name": "russiske rubler"
	},
	"RWF": {
		"name": "rwandiske franc"
	},
	"SBD": {
		"name": "salomonske dollar"
	},
	"SVC": {
		"name": "salvadoranske colon"
	},
	"WST": {
		"name": "samoanske tala"
	},
	"SHP": {
		"name": "sankthelenske pund"
	},
	"STD": {
		"name": "São Tomé og Príncipe-dobra"
	},
	"SAR": {
		"name": "saudiarabiske riyaler"
	},
	"XAF": {
		"name": "sentralafrikanske CFA-franc"
	},
	"RSD": {
		"name": "serbiske dinarer"
	},
	"SCR": {
		"name": "seychelliske rupier"
	},
	"SLL": {
		"name": "sierraleonske leone"
	},
	"SGD": {
		"name": "singaporske dollar"
	},
	"SOS": {
		"name": "somaliske shilling"
	},
	"LKR": {
		"name": "srilankiske rupier"
	},
	"SDG": {
		"name": "sudanske pund"
	},
	"SRD": {
		"name": "surinamske dollar"
	},
	"CHF": {
		"name": "sveitsiske franc"
	},
	"SEK": {
		"name": "svenske kroner"
	},
	"SZL": {
		"name": "swazilandske lilangeni"
	},
	"SYP": {
		"name": "syriske pund"
	},
	"ZAR": {
		"name": "sørafrikanske rand"
	},
	"KRW": {
		"name": "sørkoreanske won"
	},
	"SSP": {
		"name": "sørsudanske pund"
	},
	"TJS": {
		"name": "tadsjikiske somoni"
	},
	"TZS": {
		"name": "tanzanianske shilling"
	},
	"THB": {
		"name": "thailandske baht"
	},
	"TOP": {
		"name": "tonganske paʻanga"
	},
	"TTD": {
		"name": "trinidadiske dollar"
	},
	"CZK": {
		"name": "tsjekkiske koruna"
	},
	"TND": {
		"name": "tunisiske dinarer"
	},
	"TMT": {
		"name": "turkmenske manat"
	},
	"TRY": {
		"name": "tyrkiske lire"
	},
	"UGX": {
		"name": "ugandiske shilling"
	},
	"UAH": {
		"name": "ukrainske hryvnia"
	},
	"HUF": {
		"name": "ungarske forinter"
	},
	"UYU": {
		"name": "uruguayanske pesos"
	},
	"UZS": {
		"name": "usbekiske som"
	},
	"VUV": {
		"name": "vanuatiske vatu"
	},
	"VEF": {
		"name": "venezuelanske bolivar"
	},
	"XOF": {
		"name": "vestafrikanske CFA-franc",
		"symbol": "CFA"
	},
	"VND": {
		"name": "vietnamesiske dong"
	},
	"ZMW": {
		"name": "zambiske kwacha"
	},
	"ZWL": {
		"name": "zimbabwisk dollar (2009)"
	},
	"XCD": {
		"name": "østkaribiske dollar"
	}
}