{
	"AFN": {
		"name": "afghani"
	},
	"ALL": {
		"name": "albansk lek"
	},
	"DZD": {
		"name": "algerisk dinar"
	},
	"USD": {
		"name": "amerikansk dollar",
		"symbol": "US$"
	},
	"AOA": {
		"name": "angolsk kwanza"
	},
	"ARS": {
		"name": "argentinsk peso"
	},
	"AMD": {
		"name": "armensk dram"
	},
	"AWG": {
		"name": "arubisk gylden"
	},
	"AZN": {
		"name": "aserbajdsjansk manat"
	},
	"XCD": {
		"name": "austkaribisk dollar",
		"symbol": "EC$"
	},
	"AUD": {
		"name": "australsk dollar",
		"symbol": "A$"
	},
	"BSD": {
		"name": "bahamisk dollar"
	},
	"BHD": {
		"name": "bahrainsk dinar"
	},
	"BDT": {
		"name": "bangladeshisk taka"
	},
	"BBD": {
		"name": "barbadisk dollar"
	},
	"BZD": {
		"name": "belizisk dollar"
	},
	"BMD": {
		"name": "bermudisk dollar"
	},
	"BTN": {
		"name": "bhutansk ngultrum"
	},
	"BOB": {
		"name": "boliviano"
	},
	"BAM": {
		"name": "bosnisk-hercegovinsk mark (konvertibel)"
	},
	"BWP": {
		"name": "botswansk pula"
	},
	"BRL": {
		"name": "brasiliansk real",
		"symbol": "R$"
	},
	"GBP": {
		"name": "britisk pund",
		"symbol": "£"
	},
	"BND": {
		"name": "bruneisk dollar"
	},
	"BGN": {
		"name": "bulgarsk ny lev"
	},
	"BIF": {
		"name": "burundisk franc"
	},
	"KYD": {
		"name": "caymansk dollar"
	},
	"XOF": {
		"name": "CFA franc BCEAO",
		"symbol": "CFA"
	},
	"XAF": {
		"name": "CFA franc BEAC",
		"symbol": "FCFA"
	},
	"XPF": {
		"name": "CFP franc",
		"symbol": "CFPF"
	},
	"CLP": {
		"name": "chilensk peso"
	},
	"COP": {
		"name": "colombiansk peso"
	},
	"CRC": {
		"name": "costaricansk colon"
	},
	"CUC": {
		"name": "Cuban Convertible Peso"
	},
	"DKK": {
		"name": "dansk krone"
	},
	"DJF": {
		"name": "djiboutisk franc"
	},
	"DOP": {
		"name": "dominikansk peso"
	},
	"EGP": {
		"name": "egyptisk pund"
	},
	"ERN": {
		"name": "eritreisk nakfa"
	},
	"ETB": {
		"name": "etiopisk birr"
	},
	"EUR": {
		"name": "euro",
		"symbol": "€"
	},
	"FKP": {
		"name": "Falkland-pund"
	},
	"FJD": {
		"name": "fijiansk dollar"
	},
	"PHP": {
		"name": "filippinsk peso"
	},
	"GMD": {
		"name": "gambisk dalasi"
	},
	"GEL": {
		"name": "georgisk lari"
	},
	"GHS": {
		"name": "ghanesisk cedi"
	},
	"GIP": {
		"name": "gibraltarsk pund"
	},
	"GTQ": {
		"name": "guatemalansk quetzal"
	},
	"GNF": {
		"name": "guineansk franc"
	},
	"GYD": {
		"name": "guyansk dollar"
	},
	"HTG": {
		"name": "haitisk gourde"
	},
	"HNL": {
		"name": "honduransk lempira"
	},
	"HKD": {
		"name": "Hongkong-dollar",
		"symbol": "HK$"
	},
	"INR": {
		"name": "indisk rupi",
		"symbol": "₹"
	},
	"IDR": {
		"name": "indonesisk rupi"
	},
	"IQD": {
		"name": "iraksk dinar"
	},
	"IRR": {
		"name": "iransk rial"
	},
	"ISK": {
		"name": "islandsk krone"
	},
	"ILS": {
		"name": "israelsk ny shekel",
		"symbol": "₪"
	},
	"JMD": {
		"name": "jamaikansk dollar"
	},
	"JPY": {
		"name": "japansk yen",
		"symbol": "JP¥"
	},
	"YER": {
		"name": "jemenittisk rial"
	},
	"JOD": {
		"name": "jordansk dinar"
	},
	"KHR": {
		"name": "kambodsjansk riel"
	},
	"CAD": {
		"name": "kanadisk dollar",
		"symbol": "CA$"
	},
	"CVE": {
		"name": "kappverdisk escudo"
	},
	"KZT": {
		"name": "kasakhstansk tenge"
	},
	"KES": {
		"name": "kenyansk shilling"
	},
	"CNY": {
		"name": "kinesisk yuan renminbi",
		"symbol": "CN¥"
	},
	"KGS": {
		"name": "kirgisisk som"
	},
	"KMF": {
		"name": "komorisk franc"
	},
	"CDF": {
		"name": "kongolesisk franc"
	},
	"HRK": {
		"name": "kroatisk kuna"
	},
	"CUP": {
		"name": "kubansk peso"
	},
	"KWD": {
		"name": "kuwaitisk dinar"
	},
	"BYN": {
		"name": "kviterussisk rubel"
	},
	"BYR": {
		"name": "kviterussisk rubel (2000–2016)"
	},
	"LAK": {
		"name": "laotisk kip"
	},
	"LSL": {
		"name": "lesothisk loti"
	},
	"LBP": {
		"name": "libanesisk pund"
	},
	"LRD": {
		"name": "liberisk dollar"
	},
	"LYD": {
		"name": "libysk dinar"
	},
	"MGA": {
		"name": "madagassisk ariary"
	},
	"MOP": {
		"name": "makaosk pataca"
	},
	"MKD": {
		"name": "makedonsk denar"
	},
	"MWK": {
		"name": "malawisk kwacha"
	},
	"MYR": {
		"name": "malaysisk ringgit"
	},
	"MVR": {
		"name": "maldivisk rufiyaa"
	},
	"MAD": {
		"name": "marokkansk dirham"
	},
	"MRO": {
		"name": "mauritansk ouguiya"
	},
	"MUR": {
		"name": "mauritansk rupi"
	},
	"MXN": {
		"name": "meksikansk peso",
		"symbol": "MX$"
	},
	"MDL": {
		"name": "moldovsk leu"
	},
	"MNT": {
		"name": "mongolsk tugrik"
	},
	"MZN": {
		"name": "mosambikisk metical"
	},
	"MMK": {
		"name": "myanmarsk kyat"
	},
	"NAD": {
		"name": "namibisk dollar"
	},
	"ANG": {
		"name": "nederlansk antillegylden"
	},
	"NPR": {
		"name": "nepalsk rupi"
	},
	"NZD": {
		"name": "new zealandsk dollar",
		"symbol": "NZ$"
	},
	"NIO": {
		"name": "nicaraguansk cordoba oro"
	},
	"NGN": {
		"name": "nigeriansk naira"
	},
	"KPW": {
		"name": "nordkoreansk won"
	},
	"NOK": {
		"name": "norsk krone",
		"symbol": "kr"
	},
	"OMR": {
		"name": "omansk rial"
	},
	"PKR": {
		"name": "pakistansk rupi"
	},
	"PAB": {
		"name": "panamansk balboa"
	},
	"PGK": {
		"name": "papuansk kina"
	},
	"PYG": {
		"name": "paraguayansk guarani"
	},
	"PEN": {
		"name": "peruansk nuevo sol"
	},
	"PLN": {
		"name": "polsk zloty"
	},
	"QAR": {
		"name": "qatarsk rial"
	},
	"RON": {
		"name": "rumensk leu"
	},
	"RUB": {
		"name": "russisk rubel"
	},
	"RWF": {
		"name": "rwandisk franc"
	},
	"SBD": {
		"name": "salomonsk dollar"
	},
	"SVC": {
		"name": "salvadoransk colon"
	},
	"SHP": {
		"name": "sankthelensk pund"
	},
	"STD": {
		"name": "Sao Tome og Principe-dobra"
	},
	"SAR": {
		"name": "saudiarabisk rial"
	},
	"RSD": {
		"name": "serbisk dinar"
	},
	"SCR": {
		"name": "seychellisk rupi"
	},
	"SLL": {
		"name": "sierraleonsk leone"
	},
	"SGD": {
		"name": "singaporsk dollar"
	},
	"SOS": {
		"name": "somalisk shilling"
	},
	"SSP": {
		"name": "South Sudanese Pound"
	},
	"LKR": {
		"name": "srilankisk rupi"
	},
	"SDG": {
		"name": "sudansk pund"
	},
	"SRD": {
		"name": "surinamsk dollar"
	},
	"CHF": {
		"name": "sveitsisk franc"
	},
	"SEK": {
		"name": "svensk krone"
	},
	"SZL": {
		"name": "swazilandsk lilangeni"
	},
	"SYP": {
		"name": "syrisk pund"
	},
	"ZAR": {
		"name": "sørafrikansk rand"
	},
	"KRW": {
		"name": "sørkoreansk won",
		"symbol": "₩"
	},
	"TJS": {
		"name": "tadsjikisk somoni"
	},
	"TWD": {
		"name": "taiwansk ny dollar",
		"symbol": "NT$"
	},
	"TZS": {
		"name": "tanzaniansk shilling"
	},
	"THB": {
		"name": "thailandsk baht"
	},
	"TOP": {
		"name": "tongansk paʻanga"
	},
	"TTD": {
		"name": "trinidadisk dollar"
	},
	"CZK": {
		"name": "tsjekkisk koruna"
	},
	"TND": {
		"name": "tunisisk dinar"
	},
	"TMT": {
		"name": "Turkmenistani Manat"
	},
	"TRY": {
		"name": "tyrkisk lire"
	},
	"AED": {
		"name": "UAE dirham"
	},
	"UGX": {
		"name": "ugandisk shilling"
	},
	"UAH": {
		"name": "ukrainsk hryvnia"
	},
	"HUF": {
		"name": "ungarsk forint"
	},
	"UYU": {
		"name": "uruguayansk peso"
	},
	"UZS": {
		"name": "usbekisk sum"
	},
	"VUV": {
		"name": "vanuatuisk vatu"
	},
	"VEF": {
		"name": "venezuelansk bolivar"
	},
	"WST": {
		"name": "vestsamoisk tala"
	},
	"VND": {
		"name": "vietnamesisk dong",
		"symbol": "₫"
	},
	"ZMW": {
		"name": "zambisk kwacha"
	},
	"ZWL": {
		"name": "Zimbabwean Dollar (2009)"
	}
}