{
	"AUD": {
		"name": "Австралийский доллар",
		"symbol": "A$"
	},
	"AZN": {
		"name": "Азербайджанский манат"
	},
	"ALL": {
		"name": "Албанский лек"
	},
	"DZD": {
		"name": "Алжирский динар"
	},
	"AOA": {
		"name": "Ангольская кванза"
	},
	"ARS": {
		"name": "Аргентинское песо"
	},
	"AMD": {
		"name": "Армянский драм"
	},
	"AWG": {
		"name": "Арубанский флорин"
	},
	"AFN": {
		"name": "Афгани"
	},
	"BSD": {
		"name": "Багамский доллар"
	},
	"BDT": {
		"name": "Бангладешская така"
	},
	"BBD": {
		"name": "Барбадосский доллар"
	},
	"BHD": {
		"name": "Бахрейнский динар"
	},
	"BZD": {
		"name": "Белизский доллар"
	},
	"BYN": {
		"name": "Белорусский рубль"
	},
	"BYR": {
		"name": "Белорусский рубль (2000–2016)"
	},
	"BMD": {
		"name": "Бермудский доллар"
	},
	"BGN": {
		"name": "Болгарский лев"
	},
	"BOB": {
		"name": "Боливийский боливиано"
	},
	"BWP": {
		"name": "Ботсванская пула"
	},
	"BRL": {
		"name": "Бразильский реал",
		"symbol": "R$"
	},
	"GBP": {
		"name": "Британский фунт стерлингов",
		"symbol": "£"
	},
	"BND": {
		"name": "Брунейский доллар"
	},
	"BIF": {
		"name": "Бурундийский франк"
	},
	"BTN": {
		"name": "Бутанский нгултрум"
	},
	"VUV": {
		"name": "Вату Вануату"
	},
	"HUF": {
		"name": "Венгерский форинт"
	},
	"VEF": {
		"name": "Венесуэльский боливар"
	},
	"XCD": {
		"name": "Восточно-карибский доллар",
		"symbol": "EC$"
	},
	"VND": {
		"name": "Вьетнамский донг",
		"symbol": "₫"
	},
	"HTG": {
		"name": "Гаитянский гурд"
	},
	"GYD": {
		"name": "Гайанский доллар"
	},
	"GMD": {
		"name": "Гамбийский даласи"
	},
	"GHS": {
		"name": "Ганский седи"
	},
	"GTQ": {
		"name": "Гватемальский кетсаль"
	},
	"GNF": {
		"name": "Гвинейский франк"
	},
	"GIP": {
		"name": "Гибралтарский фунт"
	},
	"HNL": {
		"name": "Гондурасская лемпира"
	},
	"HKD": {
		"name": "Гонконгский доллар",
		"symbol": "HK$"
	},
	"GEL": {
		"name": "Грузинский лари"
	},
	"DKK": {
		"name": "Датская крона"
	},
	"AED": {
		"name": "Дирхам ОАЭ"
	},
	"STD": {
		"name": "Добра Сан-Томе и Принсипи"
	},
	"ZWL": {
		"name": "Доллар Зимбабве (2009)"
	},
	"KYD": {
		"name": "Доллар Каймановых островов"
	},
	"NAD": {
		"name": "Доллар Намибии"
	},
	"SBD": {
		"name": "Доллар Соломоновых Островов"
	},
	"USD": {
		"name": "Доллар США",
		"symbol": "$"
	},
	"TTD": {
		"name": "Доллар Тринидада и Тобаго"
	},
	"FJD": {
		"name": "Доллар Фиджи"
	},
	"DOP": {
		"name": "Доминиканское песо"
	},
	"EUR": {
		"name": "Евро",
		"symbol": "€"
	},
	"EGP": {
		"name": "Египетский фунт"
	},
	"ZMW": {
		"name": "Замбийская квача"
	},
	"INR": {
		"name": "Индийская рупия",
		"symbol": "₹"
	},
	"IDR": {
		"name": "Индонезийская рупия"
	},
	"JOD": {
		"name": "Иорданский динар"
	},
	"IQD": {
		"name": "Иракский динар"
	},
	"IRR": {
		"name": "Иранский риал"
	},
	"ISK": {
		"name": "Исландская крона"
	},
	"YER": {
		"name": "Йеменский риал"
	},
	"KZT": {
		"name": "Казахский тенге"
	},
	"KHR": {
		"name": "Камбоджийский риель"
	},
	"CAD": {
		"name": "Канадский доллар",
		"symbol": "CA$"
	},
	"QAR": {
		"name": "Катарский риал"
	},
	"KES": {
		"name": "Кенийский шиллинг"
	},
	"PGK": {
		"name": "Кина Папуа – Новой Гвинеи"
	},
	"KGS": {
		"name": "Киргизский сом"
	},
	"CNY": {
		"name": "Китайский юань",
		"symbol": "CN¥"
	},
	"COP": {
		"name": "Колумбийское песо"
	},
	"BAM": {
		"name": "Конвертируемая марка Боснии и Герцеговины"
	},
	"CDF": {
		"name": "Конголезский франк"
	},
	"CRC": {
		"name": "Костариканский колон"
	},
	"CUC": {
		"name": "Кубинское конвертируемое песо"
	},
	"CUP": {
		"name": "Кубинское песо"
	},
	"KWD": {
		"name": "Кувейтский динар"
	},
	"LAK": {
		"name": "Лаосский кип"
	},
	"SLL": {
		"name": "Леоне"
	},
	"LRD": {
		"name": "Либерийский доллар"
	},
	"LBP": {
		"name": "Ливанский фунт"
	},
	"LYD": {
		"name": "Ливийский динар"
	},
	"LSL": {
		"name": "Лоти"
	},
	"MUR": {
		"name": "Маврикийская рупия"
	},
	"MRO": {
		"name": "Мавританская угия"
	},
	"MKD": {
		"name": "Македонский денар"
	},
	"MWK": {
		"name": "Малавийская квача"
	},
	"MGA": {
		"name": "Малагасийский ариари"
	},
	"MYR": {
		"name": "Малайзийский ринггит"
	},
	"MVR": {
		"name": "Мальдивская руфия"
	},
	"MAD": {
		"name": "Марокканский дирхам"
	},
	"MXN": {
		"name": "Мексиканское песо",
		"symbol": "MX$"
	},
	"MZN": {
		"name": "Мозамбикский метикал"
	},
	"MDL": {
		"name": "Молдавский лей"
	},
	"MNT": {
		"name": "Монгольский тугрик"
	},
	"MMK": {
		"name": "Мьянманский кьят"
	},
	"ERN": {
		"name": "Накфа"
	},
	"NPR": {
		"name": "Непальская рупия"
	},
	"NGN": {
		"name": "Нигерийская найра"
	},
	"ANG": {
		"name": "Нидерландский антильский гульден"
	},
	"NIO": {
		"name": "Никарагуанская кордоба"
	},
	"NZD": {
		"name": "Новозеландский доллар",
		"symbol": "NZ$"
	},
	"ILS": {
		"name": "Новый израильский шекель",
		"symbol": "₪"
	},
	"TWD": {
		"name": "Новый тайваньский доллар",
		"symbol": "NT$"
	},
	"TMT": {
		"name": "Новый туркменский манат",
		"symbol": "ТМТ"
	},
	"NOK": {
		"name": "Норвежская крона"
	},
	"OMR": {
		"name": "Оманский риал"
	},
	"PKR": {
		"name": "Пакистанская рупия"
	},
	"PAB": {
		"name": "Панамское бальбоа"
	},
	"PYG": {
		"name": "Парагвайский гуарани"
	},
	"MOP": {
		"name": "Патака Макао"
	},
	"PEN": {
		"name": "Перуанский новый соль"
	},
	"PLN": {
		"name": "Польский злотый"
	},
	"RUB": {
		"name": "Российский рубль",
		"symbol": "₽"
	},
	"RON": {
		"name": "Румынский лей"
	},
	"SVC": {
		"name": "Сальвадорский колон"
	},
	"WST": {
		"name": "Самоанская тала"
	},
	"SAR": {
		"name": "Саудовский риял"
	},
	"SZL": {
		"name": "Свазилендский лилангени"
	},
	"KPW": {
		"name": "Северокорейская вона"
	},
	"SCR": {
		"name": "Сейшельская рупия"
	},
	"RSD": {
		"name": "Сербский динар"
	},
	"SGD": {
		"name": "Сингапурский доллар"
	},
	"SYP": {
		"name": "Сирийский фунт"
	},
	"SOS": {
		"name": "Сомалийский шиллинг"
	},
	"SDG": {
		"name": "Суданский фунт"
	},
	"SRD": {
		"name": "Суринамский доллар"
	},
	"TJS": {
		"name": "Таджикский сомони"
	},
	"THB": {
		"name": "Таиландский бат",
		"symbol": "฿"
	},
	"TZS": {
		"name": "Танзанийский шиллинг"
	},
	"TOP": {
		"name": "Тонганская паанга"
	},
	"TND": {
		"name": "Тунисский динар"
	},
	"TRY": {
		"name": "Турецкая лира"
	},
	"UGX": {
		"name": "Угандийский шиллинг"
	},
	"UZS": {
		"name": "Узбекский сум"
	},
	"UAH": {
		"name": "Украинская гривна",
		"symbol": "₴"
	},
	"UYU": {
		"name": "Уругвайское песо"
	},
	"PHP": {
		"name": "Филиппинское песо"
	},
	"DJF": {
		"name": "Франк Джибути"
	},
	"KMF": {
		"name": "Франк Коморских Островов"
	},
	"XAF": {
		"name": "Франк КФА ВЕАС",
		"symbol": "FCFA"
	},
	"XOF": {
		"name": "Франк КФА ВСЕАО",
		"symbol": "CFA"
	},
	"RWF": {
		"name": "Франк Руанды"
	},
	"XPF": {
		"name": "Французский тихоокеанский франк",
		"symbol": "CFPF"
	},
	"SHP": {
		"name": "Фунт острова Святой Елены"
	},
	"FKP": {
		"name": "Фунт Фолклендских островов"
	},
	"HRK": {
		"name": "Хорватская куна"
	},
	"CZK": {
		"name": "Чешская крона"
	},
	"CLP": {
		"name": "Чилийское песо"
	},
	"SEK": {
		"name": "Шведская крона"
	},
	"CHF": {
		"name": "Швейцарский франк"
	},
	"LKR": {
		"name": "Шри-ланкийская рупия"
	},
	"CVE": {
		"name": "Эскудо Кабо-Верде"
	},
	"ETB": {
		"name": "Эфиопский быр"
	},
	"ZAR": {
		"name": "Южноафриканский рэнд"
	},
	"KRW": {
		"name": "Южнокорейская вона",
		"symbol": "₩"
	},
	"SSP": {
		"name": "Южносуданский фунт"
	},
	"JMD": {
		"name": "Ямайский доллар"
	},
	"JPY": {
		"name": "Японская иена",
		"symbol": "¥"
	}
}