{
	"AFN": {
		"name": "Afghan Afghani"
	},
	"ALL": {
		"name": "Albanian Lek"
	},
	"ARS": {
		"name": "Argentine Peso"
	},
	"AMD": {
		"name": "Armenian Dram"
	},
	"AWG": {
		"name": "Aruban Florin"
	},
	"AZN": {
		"name": "Azerbaijani Manat"
	},
	"BSD": {
		"name": "Bahamian Dollar"
	},
	"BDT": {
		"name": "Bangladeshi Taka"
	},
	"BBD": {
		"name": "Barbadian Dollar"
	},
	"BYN": {
		"name": "Belarusian Ruble"
	},
	"BYR": {
		"name": "Belarusian Ruble (2000–2016)"
	},
	"BZD": {
		"name": "Belize Dollar"
	},
	"BMD": {
		"name": "Bermudan Dollar"
	},
	"BTN": {
		"name": "Bhutanese Ngultrum"
	},
	"ETB": {
		"name": "Birr etíope"
	},
	"BOB": {
		"name": "Bolivian Boliviano"
	},
	"BAM": {
		"name": "Bosnia-Herzegovina Convertible Mark"
	},
	"BRL": {
		"name": "Brazilian Real",
		"symbol": "R$"
	},
	"BND": {
		"name": "Brunei Dollar"
	},
	"BGN": {
		"name": "Bulgarian Lev"
	},
	"KHR": {
		"name": "Cambodian Riel"
	},
	"KYD": {
		"name": "Cayman Islands Dollar"
	},
	"XPF": {
		"name": "CFP Franc",
		"symbol": "CFPF"
	},
	"CLP": {
		"name": "Chilean Peso"
	},
	"COP": {
		"name": "Colombian Peso"
	},
	"CRC": {
		"name": "Costa Rican Colón"
	},
	"HRK": {
		"name": "Croatian Kuna"
	},
	"MWK": {
		"name": "Cuacha do Maláui"
	},
	"ZMW": {
		"name": "Cuacha zambiano"
	},
	"AOA": {
		"name": "Cuanza angolano"
	},
	"CUC": {
		"name": "Cuban Convertible Peso"
	},
	"CUP": {
		"name": "Cuban Peso"
	},
	"CZK": {
		"name": "Czech Republic Koruna"
	},
	"GMD": {
		"name": "Dalasi de Gâmbia"
	},
	"DKK": {
		"name": "Danish Krone"
	},
	"DZD": {
		"name": "Dinar argelino"
	},
	"BHD": {
		"name": "Dinar bareinita"
	},
	"LYD": {
		"name": "Dinar líbio"
	},
	"SDG": {
		"name": "Dinar sudanês"
	},
	"TND": {
		"name": "Dinar tunisiano"
	},
	"AED": {
		"name": "Dirém dos Emirados Árabes Unidos"
	},
	"MAD": {
		"name": "Dirém marroquino"
	},
	"STD": {
		"name": "Dobra de São Tomé e Príncipe"
	},
	"AUD": {
		"name": "Dólar australiano",
		"symbol": "A$"
	},
	"CAD": {
		"name": "Dólar canadense",
		"symbol": "CA$"
	},
	"NAD": {
		"name": "Dólar da Namíbia"
	},
	"LRD": {
		"name": "Dólar liberiano"
	},
	"USD": {
		"name": "Dólar norte-americano",
		"symbol": "US$"
	},
	"DOP": {
		"name": "Dominican Peso"
	},
	"XCD": {
		"name": "East Caribbean Dollar",
		"symbol": "EC$"
	},
	"CVE": {
		"name": "Escudo cabo-verdiano"
	},
	"EUR": {
		"name": "Euro",
		"symbol": "€"
	},
	"FKP": {
		"name": "Falkland Islands Pound"
	},
	"FJD": {
		"name": "Fijian Dollar"
	},
	"XOF": {
		"name": "Franco CFA BCEAO",
		"symbol": "CFA"
	},
	"XAF": {
		"name": "Franco CFA BEAC",
		"symbol": "FCFA"
	},
	"CDF": {
		"name": "Franco congolês"
	},
	"KMF": {
		"name": "Franco de Comores"
	},
	"MGA": {
		"name": "Franco de Madagascar"
	},
	"BIF": {
		"name": "Franco do Burundi"
	},
	"DJF": {
		"name": "Franco do Djibuti"
	},
	"RWF": {
		"name": "Franco ruandês"
	},
	"CHF": {
		"name": "Franco suíço"
	},
	"GEL": {
		"name": "Georgian Lari"
	},
	"GHS": {
		"name": "Ghanaian Cedi"
	},
	"GIP": {
		"name": "Gibraltar Pound"
	},
	"GTQ": {
		"name": "Guatemalan Quetzal"
	},
	"GNF": {
		"name": "Guinean Franc"
	},
	"GYD": {
		"name": "Guyanaese Dollar"
	},
	"HTG": {
		"name": "Haitian Gourde"
	},
	"HNL": {
		"name": "Honduran Lempira"
	},
	"HKD": {
		"name": "Hong Kong Dollar",
		"symbol": "HK$"
	},
	"HUF": {
		"name": "Hungarian Forint"
	},
	"ISK": {
		"name": "Icelandic Króna"
	},
	"JPY": {
		"name": "Iene japonês",
		"symbol": "JP¥"
	},
	"IDR": {
		"name": "Indonesian Rupiah"
	},
	"IRR": {
		"name": "Iranian Rial"
	},
	"IQD": {
		"name": "Iraqi Dinar"
	},
	"ILS": {
		"name": "Israeli New Shekel",
		"symbol": "₪"
	},
	"JMD": {
		"name": "Jamaican Dollar"
	},
	"JOD": {
		"name": "Jordanian Dinar"
	},
	"KZT": {
		"name": "Kazakhstani Tenge"
	},
	"KWD": {
		"name": "Kuwaiti Dinar"
	},
	"KGS": {
		"name": "Kyrgystani Som"
	},
	"LAK": {
		"name": "Laotian Kip"
	},
	"LBP": {
		"name": "Lebanese Pound"
	},
	"SLL": {
		"name": "Leone de Serra Leoa"
	},
	"GBP": {
		"name": "Libra britânica",
		"symbol": "£"
	},
	"SHP": {
		"name": "Libra de Santa Helena"
	},
	"EGP": {
		"name": "Libra egípcia"
	},
	"SZL": {
		"name": "Lilangeni da Suazilândia"
	},
	"LSL": {
		"name": "Loti do Lesoto"
	},
	"MOP": {
		"name": "Macanese Pataca"
	},
	"MKD": {
		"name": "Macedonian Denar"
	},
	"MYR": {
		"name": "Malaysian Ringgit"
	},
	"MVR": {
		"name": "Maldivian Rufiyaa"
	},
	"MZN": {
		"name": "Metical de Moçambique",
		"symbol": "MTn"
	},
	"MXN": {
		"name": "Mexican Peso",
		"symbol": "MX$"
	},
	"MDL": {
		"name": "Moldovan Leu"
	},
	"MNT": {
		"name": "Mongolian Tugrik"
	},
	"MMK": {
		"name": "Myanmar Kyat"
	},
	"NGN": {
		"name": "Naira nigeriana"
	},
	"ERN": {
		"name": "Nakfa da Eritréia"
	},
	"NPR": {
		"name": "Nepalese Rupee"
	},
	"ANG": {
		"name": "Netherlands Antillean Guilder"
	},
	"TWD": {
		"name": "New Taiwan Dollar",
		"symbol": "NT$"
	},
	"NZD": {
		"name": "New Zealand Dollar",
		"symbol": "NZ$"
	},
	"NIO": {
		"name": "Nicaraguan Córdoba"
	},
	"KPW": {
		"name": "North Korean Won"
	},
	"NOK": {
		"name": "Norwegian Krone"
	},
	"OMR": {
		"name": "Omani Rial"
	},
	"MRO": {
		"name": "Ouguiya da Mauritânia"
	},
	"PKR": {
		"name": "Pakistani Rupee"
	},
	"PAB": {
		"name": "Panamanian Balboa"
	},
	"PGK": {
		"name": "Papua New Guinean Kina"
	},
	"PYG": {
		"name": "Paraguayan Guarani"
	},
	"PEN": {
		"name": "Peruvian Sol"
	},
	"PHP": {
		"name": "Philippine Peso"
	},
	"PLN": {
		"name": "Polish Zloty"
	},
	"BWP": {
		"name": "Pula botsuanesa"
	},
	"QAR": {
		"name": "Qatari Rial"
	},
	"ZAR": {
		"name": "Rand sul-africano"
	},
	"SAR": {
		"name": "Rial saudita"
	},
	"RON": {
		"name": "Romanian Leu"
	},
	"SCR": {
		"name": "Rupia das Seychelles"
	},
	"MUR": {
		"name": "Rupia de Maurício"
	},
	"INR": {
		"name": "Rúpia indiana",
		"symbol": "₹"
	},
	"RUB": {
		"name": "Russian Ruble"
	},
	"SVC": {
		"name": "Salvadoran Colón"
	},
	"WST": {
		"name": "Samoan Tala"
	},
	"RSD": {
		"name": "Serbian Dinar"
	},
	"SGD": {
		"name": "Singapore Dollar"
	},
	"SBD": {
		"name": "Solomon Islands Dollar"
	},
	"KRW": {
		"name": "South Korean Won",
		"symbol": "₩"
	},
	"SSP": {
		"name": "South Sudanese Pound"
	},
	"LKR": {
		"name": "Sri Lankan Rupee"
	},
	"SRD": {
		"name": "Surinamese Dollar"
	},
	"SEK": {
		"name": "Swedish Krona"
	},
	"SYP": {
		"name": "Syrian Pound"
	},
	"TJS": {
		"name": "Tajikistani Somoni"
	},
	"THB": {
		"name": "Thai Baht"
	},
	"TOP": {
		"name": "Tongan Paʻanga"
	},
	"TTD": {
		"name": "Trinidad & Tobago Dollar"
	},
	"TRY": {
		"name": "Turkish Lira"
	},
	"TMT": {
		"name": "Turkmenistani Manat"
	},
	"UAH": {
		"name": "Ukrainian Hryvnia"
	},
	"UYU": {
		"name": "Uruguayan Peso"
	},
	"UZS": {
		"name": "Uzbekistani Som"
	},
	"VUV": {
		"name": "Vanuatu Vatu"
	},
	"VEF": {
		"name": "Venezuelan Bolívar"
	},
	"VND": {
		"name": "Vietnamese Dong",
		"symbol": "₫"
	},
	"TZS": {
		"name": "Xelim da Tanzânia"
	},
	"KES": {
		"name": "Xelim queniano"
	},
	"SOS": {
		"name": "Xelim somali"
	},
	"UGX": {
		"name": "Xelim ugandense (1966–1987)"
	},
	"YER": {
		"name": "Yemeni Rial"
	},
	"CNY": {
		"name": "Yuan Renminbi chinês",
		"symbol": "CN¥"
	},
	"ZWL": {
		"name": "Zimbabwean Dollar (2009)"
	}
}