{
	"ISK": {
		"name": "අයිස්ලන්තික ක්‍රෝනා"
	},
	"AWG": {
		"name": "අරූබානු ෆ්ලෝරින්"
	},
	"AZN": {
		"name": "අසර්බයිජානු මනාට්"
	},
	"ARS": {
		"name": "ආර්ජන්ටිනා පෙසෝ"
	},
	"AMD": {
		"name": "ආර්මේනියානු ඩ්‍රෑම්"
	},
	"AOA": {
		"name": "ඇන්ගෝලානු ක්වන්සා"
	},
	"USD": {
		"name": "ඇමරිකානු ඩොලර්",
		"symbol": "US$"
	},
	"DZD": {
		"name": "ඇල්ගේරියානු ඩිනාර්"
	},
	"ALL": {
		"name": "ඇල්බේනියානු ලෙක්"
	},
	"AFN": {
		"name": "ඇෆ්ගනිථාන ඇෆ්ගනි"
	},
	"ETB": {
		"name": "ඉතියෝපියානු බීර්"
	},
	"INR": {
		"name": "ඉන්දියානු රුපියල්",
		"symbol": "₹"
	},
	"IDR": {
		"name": "ඉන්දුනීසියානු රුපියා"
	},
	"IQD": {
		"name": "ඉරාක ඩිනාර්"
	},
	"IRR": {
		"name": "ඉරාන රියාල්"
	},
	"EGP": {
		"name": "ඊජිප්තු පවුම්"
	},
	"ILS": {
		"name": "ඊශ්‍රායල නව ශෙකල්",
		"symbol": "₪"
	},
	"UGX": {
		"name": "උගන්ඩා ශිලිං"
	},
	"KPW": {
		"name": "උතුරු කොරියානු වොන්"
	},
	"UYU": {
		"name": "උරුගුවේ පෙසෝ"
	},
	"UZS": {
		"name": "උස්බෙකිස්ථාන සම්"
	},
	"AED": {
		"name": "එක්සත් අරාබි එමිරේට්ස් ඩිරාම්"
	},
	"ERN": {
		"name": "එරිත්‍රියානු නැක්ෆා"
	},
	"AUD": {
		"name": "ඔස්ට්‍රේලියානු ඩොලර්",
		"symbol": "A$"
	},
	"OMR": {
		"name": "ඕමාන් රියාල්"
	},
	"QAR": {
		"name": "කටාර් රියාල්"
	},
	"KZT": {
		"name": "කසකස්ථාන ටෙන්ග"
	},
	"KHR": {
		"name": "කාම්බෝජ රියේල්"
	},
	"CAD": {
		"name": "කැනේඩියානු ඩොලර්",
		"symbol": "CA$"
	},
	"CUP": {
		"name": "කියුබානු පැසෝ"
	},
	"KGS": {
		"name": "කිරිගිස්ථාන සම්"
	},
	"KWD": {
		"name": "කුවේට් ඩිනාර්"
	},
	"KES": {
		"name": "කෙන්යානු ශිලිං"
	},
	"CVE": {
		"name": "කේප් වර්ඩ් එස්කියුඩෝ"
	},
	"KYD": {
		"name": "කේමන් දූපත් ඩොලර්"
	},
	"CDF": {
		"name": "කොංගෝ ෆ්‍රෑන්ක්"
	},
	"KMF": {
		"name": "කොමොරියානු ෆ්‍රෑන්ක්"
	},
	"COP": {
		"name": "කොලොම්බියානු පෙසෝ"
	},
	"CRC": {
		"name": "කොස්ට රිකා කොලෝන්"
	},
	"HRK": {
		"name": "ක්‍රොඒෂියානු කූනා"
	},
	"GYD": {
		"name": "ගයනා ඩොලර්"
	},
	"GMD": {
		"name": "ගැම්බියානු දලාසි"
	},
	"GNF": {
		"name": "ගිනියානු ෆ්රෑන්ක්"
	},
	"GTQ": {
		"name": "ගෝතමාලානු ක්වෙට්සල්"
	},
	"GHS": {
		"name": "ඝානා සෙඩි"
	},
	"CLP": {
		"name": "චිලි පැසෝ"
	},
	"CNY": {
		"name": "චීන යුආන්",
		"symbol": "CN¥"
	},
	"CZK": {
		"name": "චෙක් රිපබ්ලික් කොරූනා"
	},
	"JPY": {
		"name": "ජපන් යෙන්",
		"symbol": "JP¥"
	},
	"JMD": {
		"name": "ජැමෙයිකානු ඩොලර්"
	},
	"DJF": {
		"name": "ජිබූති ෆ්‍රෑන්ක්"
	},
	"GIP": {
		"name": "ජිබ්‍රෝල්ටා පවුම්"
	},
	"GEL": {
		"name": "ජෝජියානු ලැරී"
	},
	"JOD": {
		"name": "ජෝර්දාන් ඩිනාර්"
	},
	"TZS": {
		"name": "ටැන්සානියානු ශිලිං"
	},
	"TND": {
		"name": "ටියුනීසියානු ඩිනාර්"
	},
	"TOP": {
		"name": "ටොංගානු පාන්ගා"
	},
	"TTD": {
		"name": "ට්‍රිනිඩෑඩ් සහ ටොබෑගෝ ඩොලර්"
	},
	"DKK": {
		"name": "ඩැනිෂ් ක්‍රෝන්"
	},
	"DOP": {
		"name": "ඩොමිනිකානු පෙසෝ"
	},
	"TMT": {
		"name": "තක්මෙනිස්ථාන මනාට්"
	},
	"TJS": {
		"name": "තජිකිස්ථාන සමොනි"
	},
	"THB": {
		"name": "තායි බාත්",
		"symbol": "฿"
	},
	"TRY": {
		"name": "තුර්කි ලිරා"
	},
	"ZAR": {
		"name": "දකුණු අප්‍රිකානු රැන්ඩ්"
	},
	"KRW": {
		"name": "දකුණු කොරියානු වොන්",
		"symbol": "₩"
	},
	"SSP": {
		"name": "දකුණු සුඩාන පවුම්"
	},
	"NGN": {
		"name": "නයිජීරියානු නයිරා"
	},
	"TWD": {
		"name": "නව තායිවාන ඩොලර්",
		"symbol": "NT$"
	},
	"NZD": {
		"name": "නවසීලන්ත ඩොලර්",
		"symbol": "NZ$"
	},
	"XCD": {
		"name": "නැගෙනහිර කැරිබියානු ඩොලර්",
		"symbol": "EC$"
	},
	"NAD": {
		"name": "නැමීබියානු ඩොලර්"
	},
	"NIO": {
		"name": "නිකරගුවානු කොඩෝබා"
	},
	"ANG": {
		"name": "නෙදර්ලන්ත ඇන්ටිලියන් ගිල්ඩර්"
	},
	"NPR": {
		"name": "නේපාල රුපියල්"
	},
	"NOK": {
		"name": "නොර්වීජියන් ක්‍රෝන්"
	},
	"PKR": {
		"name": "පාකිස්ථාන රුපියල්"
	},
	"PAB": {
		"name": "පැනමා බැල්බෝ"
	},
	"PGK": {
		"name": "පැපුවා නිව් ගිනියානු කිනා"
	},
	"PYG": {
		"name": "පැරගුවේ ගුවරානි"
	},
	"PHP": {
		"name": "පිලිපීන පෙසෝ"
	},
	"PEN": {
		"name": "පේරු නියුවෝ සොල්"
	},
	"PLN": {
		"name": "පොලිෂ් ස්ලොටි"
	},
	"XPF": {
		"name": "ප්‍රංශ පොලිනීසියානු ෆ්‍රෑන්ක්",
		"symbol": "CFPF"
	},
	"BDT": {
		"name": "බංග්ලාදේශ් ටකා"
	},
	"BMD": {
		"name": "බර්මියුඩානු ඩොලර්"
	},
	"BGN": {
		"name": "බල්ගේරියානු ලිව්"
	},
	"BSD": {
		"name": "බහමානු ඩොලර්"
	},
	"BHD": {
		"name": "බහරේන් ඩිනාර්"
	},
	"BBD": {
		"name": "බාබේඩියානු ඩොලර්"
	},
	"BIF": {
		"name": "බුරුන්දි ෆ්‍රෑන්ක්"
	},
	"MMK": {
		"name": "බුරුම ක්යාට්"
	},
	"BND": {
		"name": "බෘනායි ඩොලර්"
	},
	"BYN": {
		"name": "බෙලරූස් රූබල්"
	},
	"BYR": {
		"name": "බෙලරූස් රූබල් (2000–2016)"
	},
	"BZD": {
		"name": "බෙලීස් ඩොලර්"
	},
	"BWP": {
		"name": "බොට්ස්වානා පුලා"
	},
	"BOB": {
		"name": "බොලිවියානු බොලිවියානෝ"
	},
	"BAM": {
		"name": "බොස්නියා හර්සගොවීනා පරිවර්ත්‍ය මාර්ක්"
	},
	"BRL": {
		"name": "බ්‍රසීල රියල්",
		"symbol": "R$"
	},
	"GBP": {
		"name": "බ්‍රිතාන්‍ය ස්ටර්ලින් පවුම්",
		"symbol": "£"
	},
	"BTN": {
		"name": "භූතාන නගුල්ට්‍රම්"
	},
	"MGA": {
		"name": "මලගාසි අරියාරි"
	},
	"MWK": {
		"name": "මලාවි ක්වාචා"
	},
	"CUC": {
		"name": "මාරුකළ හැකි කියුබානු පැසෝ"
	},
	"MVR": {
		"name": "මාලදිවයින් රුෆියා"
	},
	"MOP": {
		"name": "මැකනීස් පටකා"
	},
	"MYR": {
		"name": "මැලේසියානු රින්ගිට්"
	},
	"MKD": {
		"name": "මැසඩෝනියානු ඩිනාර්"
	},
	"MUR": {
		"name": "මුරිසියානු රුපියල්"
	},
	"MRO": {
		"name": "මුරුසි ඔයිගුයියා"
	},
	"MXN": {
		"name": "මෙක්සිකානු ඩොලර්",
		"symbol": "MX$"
	},
	"MNT": {
		"name": "මොන්ගෝලියානු ටග්‍රික්"
	},
	"MAD": {
		"name": "මොරොක්කෝ ඩිර්හැම්"
	},
	"MZN": {
		"name": "මොසැම්බිකන් මෙටිකල්"
	},
	"MDL": {
		"name": "මෝල්ඩෝවානු ලෙව්"
	},
	"UAH": {
		"name": "යුක්රේන හ්‍රිව්නියා"
	},
	"EUR": {
		"name": "යුරෝ",
		"symbol": "€"
	},
	"YER": {
		"name": "යේමන රියාල්"
	},
	"RWF": {
		"name": "රුවන්ඩා ෆ්‍රෑන්ක්"
	},
	"RUB": {
		"name": "රුසියන් රූබල්"
	},
	"RON": {
		"name": "රොමේනියානු ලෙව්"
	},
	"LRD": {
		"name": "ලයිබේරියානු ඩොලර්"
	},
	"LAK": {
		"name": "ලාඕස් කිප්"
	},
	"LYD": {
		"name": "ලිබියානු ඩිනාර්"
	},
	"LBP": {
		"name": "ලෙබනන පවුම්"
	},
	"VUV": {
		"name": "වනුවාටු වාටු"
	},
	"VND": {
		"name": "වියට්නාම ඩොන්",
		"symbol": "₫"
	},
	"VEF": {
		"name": "වෙනිසියුලානු බොලිවර්"
	},
	"SHP": {
		"name": "ශාන්ත හෙලේනා පවුම්"
	},
	"LKR": {
		"name": "ශ්‍රී ලංකා රුපියල",
		"symbol": "රු."
	},
	"RSD": {
		"name": "සර්බියානු ඩිනාර්"
	},
	"SAR": {
		"name": "සවුදි රියාල්"
	},
	"STD": {
		"name": "සාඕ තෝම් සහ ප්‍රින්සිප් දොබ්‍රා"
	},
	"WST": {
		"name": "සැමෝවා ටාලා"
	},
	"ZMW": {
		"name": "සැම්බියානු ක්වාචා"
	},
	"SGD": {
		"name": "සිංගප්පූරු ඩොලර්"
	},
	"SLL": {
		"name": "සියරා ලියොන් ලියොන්"
	},
	"SYP": {
		"name": "සිරියානු පවුම්"
	},
	"XAF": {
		"name": "සිෆ්එ ෆ්රෑන්ක් බිඊඑසි",
		"symbol": "FCFA"
	},
	"XOF": {
		"name": "සිෆ්එ ෆ්රෑන්ක් බිසීඊඑඔ",
		"symbol": "සිෆ්එ"
	},
	"SCR": {
		"name": "සීෂෙලියානු රුපියල"
	},
	"SDG": {
		"name": "සුඩාන පවුම්"
	},
	"SRD": {
		"name": "සුරිනාම් ඩොලර්"
	},
	"SBD": {
		"name": "සොලමන් දූපත් ඩොලර්"
	},
	"SOS": {
		"name": "සෝමාලියානු ශිලිං"
	},
	"SZL": {
		"name": "ස්වාසි ලිලන්ජනි"
	},
	"CHF": {
		"name": "ස්විස් ෆ්‍රෑන්ක්"
	},
	"SEK": {
		"name": "ස්වෙඩිෂ් ක්‍රෝනා"
	},
	"HUF": {
		"name": "හංගේරියානු ෆරින්ට්"
	},
	"HTG": {
		"name": "හයිටි ගෝර්ඩ්"
	},
	"HKD": {
		"name": "හොංකොං ඩොලර්",
		"symbol": "HK$"
	},
	"HNL": {
		"name": "හොන්ඩුරානු ලෙම්පිරා"
	},
	"FJD": {
		"name": "ෆිජියන් ඩොලර්"
	},
	"FKP": {
		"name": "ෆෝක්ලන්ඩ් දූපත් පවුම්"
	},
	"LSL": {
		"name": "Lesotho Loti"
	},
	"SVC": {
		"name": "Salvadoran Colón"
	},
	"ZWL": {
		"name": "Zimbabwean Dollar (2009)"
	}
}